loan_id,application_date,age,annual_income,employment_years,loan_amount,tenure_months,interest_rate_pct,credit_score,dti_pct,prior_delinquencies,collateral_value,ltv_pct,dependents,purpose,employment_type,region,existing_loans,monthly_obligations,days_past_due,default_flag,npa_flag,risk_score,risk_band,pd_estimate
LN103286,2023-01-01,35,69900,11.2,351000,48,12.54,605,16.4,0,270000,130.0,0,Personal,Salaried,West,0,9336.51,10,0,0,29.25,Moderate,0.0763
LN100345,2023-01-01,40,145200,6.7,265000,72,11.62,731,15.2,1,440000,60.2,1,Home,Salaried,West,2,5128.58,0,0,0,20.69,Low,0.0105
LN104461,2023-01-02,55,63700,7.0,657000,48,12.9,791,40.3,0,718000,91.5,2,Auto,Salaried,West,0,17593.07,5,0,0,20.33,Low,0.0138
LN104079,2023-01-02,35,29000,6.1,208000,36,8.96,812,56.0,0,242000,86.0,0,Home,Self-employed,North,2,6610.47,0,0,0,25.15,Moderate,0.0313
LN103074,2023-01-02,31,24000,11.2,632000,60,14.1,648,8.3,0,643000,98.3,0,Home,Self-employed,Central,2,14738.32,15,0,0,25.52,Moderate,0.035
LN104820,2023-01-03,37,74900,2.5,613000,60,13.2,726,44.9,1,900000,68.1,4,Home,Salaried,South,0,14010.47,0,0,0,24.35,Low,0.0263
LN104846,2023-01-03,21,73900,5.0,158000,84,11.29,757,23.1,0,256000,61.7,2,Education,Salaried,North,3,2729.5,0,0,0,20.71,Low,0.011
LN104912,2023-01-03,45,46100,13.7,183000,48,13.04,683,39.6,0,242000,75.6,0,Home,Self-employed,Central,2,4913.07,0,0,0,27.65,Moderate,0.0466
LN100729,2023-01-04,31,63400,7.3,960000,72,8.51,739,38.3,0,1379000,69.6,0,Personal,Self-employed,Central,3,17071.98,0,0,0,25.5,Moderate,0.0343
LN100905,2023-01-04,38,54000,7.0,652000,72,14.36,628,33.6,0,792000,82.3,4,Personal,Salaried,West,1,13560.95,0,0,0,28.37,Moderate,0.0608
LN104844,2023-01-05,48,52900,11.9,548000,84,12.87,645,44.6,2,641000,85.5,1,Education,Salaried,South,2,9930.51,0,0,0,35.66,Moderate,0.1112
LN104843,2023-01-05,37,35600,5.1,1510000,24,12.43,743,39.4,3,2093000,72.1,0,Personal,Salaried,Central,3,71384.54,0,0,0,31.75,Moderate,0.0532
LN102472,2023-01-05,31,35900,1.3,884000,48,10.57,774,32.8,1,663000,133.3,4,Auto,Government,East,2,22663.28,10,0,0,29.25,Moderate,0.0492
LN101787,2023-01-05,31,37700,29.0,482000,36,6.5,701,30.0,0,692000,69.7,3,Home,Self-employed,Central,0,14772.82,0,0,0,20.86,Low,0.0143
LN100112,2023-01-06,39,63800,15.4,912000,48,10.98,816,28.1,2,787000,115.9,3,Auto,Salaried,East,1,23562.26,10,0,0,24.68,Low,0.0171
LN101676,2023-01-06,49,66000,12.0,545000,36,7.88,686,32.2,0,476000,114.5,0,Business,Salaried,South,3,17048.16,10,0,0,31.57,Moderate,0.0743
LN102706,2023-01-07,39,138500,12.7,747000,48,9.94,772,24.7,0,489000,152.8,0,Education,Salaried,North,1,18924.33,0,0,0,25.74,Moderate,0.0315
LN100687,2023-01-07,35,51200,9.1,418000,84,10.62,783,33.5,0,559000,74.8,2,Education,Salaried,East,2,7073.93,60,1,0,21.06,Low,0.0122
LN103434,2023-01-07,58,56600,7.9,606000,60,12.77,744,51.5,0,417000,145.3,3,Home,Salaried,West,0,13717.12,5,0,0,30.44,Moderate,0.0794
LN100117,2023-01-07,27,49000,13.2,660000,12,7.81,775,44.8,0,895000,73.7,0,Home,Salaried,North,1,57354.4,0,0,0,21.97,Low,0.015
LN100424,2023-01-08,44,59700,12.6,681000,60,11.81,680,38.6,1,1126000,60.5,2,Business,Salaried,Central,0,15083.17,0,0,0,24.77,Low,0.0277
LN101442,2023-01-08,40,33500,13.0,1024000,48,10.17,719,28.8,2,1163000,88.0,1,Business,Contract,South,1,26054.97,0,0,0,27.16,Moderate,0.0442
LN104164,2023-01-08,34,102000,20.7,731000,72,8.86,730,19.0,0,1022000,71.5,0,Education,Contract,West,1,13125.93,0,0,0,18.97,Low,0.0117
LN102187,2023-01-09,36,180000,9.4,815000,60,13.41,637,38.9,0,1378000,59.1,2,Auto,Government,North,2,18715.26,0,0,0,28.3,Moderate,0.0458
LN101057,2023-01-09,49,106300,12.4,302000,48,13.72,786,52.3,0,469000,64.4,0,Personal,Salaried,North,2,8210.24,30,0,0,23.62,Low,0.0201
LN101299,2023-01-09,41,49100,5.2,931000,84,7.17,729,22.7,0,1568000,59.4,3,Personal,Salaried,West,4,14128.78,30,0,0,23.55,Low,0.0184
LN104682,2023-01-09,51,104400,10.5,474000,60,11.85,765,31.7,0,615000,77.1,1,Personal,Salaried,North,0,10507.97,0,0,0,18.55,Low,0.011
LN104221,2023-01-10,46,59400,22.5,234000,24,10.32,736,32.2,0,209000,112.0,0,Home,Salaried,East,0,10832.51,10,0,0,23.68,Low,0.0205
LN102417,2023-01-10,41,42000,17.4,674000,72,11.55,776,14.3,0,596000,113.1,3,Business,Government,West,0,13019.64,0,0,0,18.09,Low,0.0091
LN102794,2023-01-10,38,67300,7.0,330000,36,6.76,715,37.3,0,369000,89.4,1,Business,Salaried,North,1,10153.27,0,0,0,25.21,Moderate,0.0332
LN101202,2023-01-10,39,195300,5.6,423000,60,10.78,693,53.5,2,680000,62.2,1,Auto,Salaried,North,1,9150.7,0,0,0,30.9,Moderate,0.06
LN104864,2023-01-10,37,68700,14.0,864000,72,10.65,743,62.5,0,1105000,78.2,0,Education,Salaried,West,2,16290.98,0,0,0,29.32,Moderate,0.0477
LN103080,2023-01-11,49,46500,2.6,246000,84,13.27,681,7.1,0,378000,65.1,1,Business,Salaried,East,3,4511.41,0,0,0,21.88,Low,0.0163
LN100971,2023-01-11,32,65000,19.8,157000,60,10.66,825,48.1,0,237000,66.2,1,Education,Self-employed,West,1,3387.0,0,0,0,19.23,Low,0.0101
LN104101,2023-01-11,31,106200,11.7,631000,84,8.78,600,46.2,0,739000,85.4,2,Personal,Government,West,2,10081.9,45,1,0,34.35,Moderate,0.1357
LN103477,2023-01-11,21,30900,30.2,1039000,72,13.32,740,27.8,0,1219000,85.2,6,Personal,Government,West,2,21032.88,0,0,0,23.24,Low,0.0151
LN102192,2023-01-11,56,62500,7.7,661000,60,12.3,756,48.3,2,706000,93.6,0,Home,Contract,West,1,14803.98,0,0,0,29.66,Moderate,0.0642
LN102383,2023-01-12,38,44400,4.2,485000,72,14.03,708,31.5,0,695000,69.8,3,Personal,Self-employed,North,1,10001.58,0,0,0,22.46,Low,0.0273
LN104245,2023-01-12,24,45100,15.7,198000,36,12.4,688,18.5,2,152000,130.3,2,Personal,Salaried,North,0,6614.32,15,0,0,29.31,Moderate,0.0515
LN100125,2023-01-12,58,46800,3.7,1205000,72,11.81,723,27.9,0,1197000,100.7,4,Personal,Contract,East,1,23439.09,75,1,0,24.04,Low,0.0408
LN102840,2023-01-12,41,63100,4.6,93000,84,11.12,770,22.1,0,150000,62.0,0,Business,Government,East,0,1598.26,15,0,0,14.86,Low,0.0061
LN101147,2023-01-12,25,54400,10.7,385000,36,10.73,787,35.8,0,543000,70.9,1,Auto,Self-employed,East,0,12555.24,0,0,0,17.59,Low,0.01
LN101156,2023-01-12,32,60200,7.7,498000,48,12.4,675,30.9,0,646000,77.1,0,Auto,Government,East,3,13212.27,0,0,0,28.15,Moderate,0.0405
LN100283,2023-01-13,27,86700,8.8,271000,60,9.83,833,52.4,2,436000,62.2,2,Business,Contract,North,1,5735.31,5,0,0,23.27,Low,0.0221
LN101596,2023-01-13,44,51000,4.0,394000,60,9.59,718,35.2,1,686000,57.4,6,Personal,Salaried,West,2,8292.07,0,0,0,25.1,Moderate,0.0265
LN104800,2023-01-13,43,101800,3.5,1458000,72,13.99,606,31.3,0,1739000,83.8,1,Home,Self-employed,North,1,30035.36,0,0,0,29.22,Moderate,0.0818
LN103784,2023-01-14,42,36500,10.5,277000,60,15.06,790,25.5,0,185000,149.7,2,Home,Salaried,North,3,6598.54,10,0,0,28.25,Moderate,0.0377
LN104272,2023-01-14,26,40200,16.0,865000,60,13.8,662,27.0,0,617000,140.2,2,Business,Salaried,Central,0,20037.46,0,0,0,29.37,Moderate,0.069
LN101065,2023-01-14,28,57000,5.8,790000,12,10.15,737,46.3,0,1208000,65.4,2,Personal,Contract,Central,1,69508.68,0,0,0,23.45,Low,0.0349
LN103994,2023-01-14,21,64400,14.3,1100000,60,9.56,648,37.2,0,858000,128.2,3,Auto,Contract,West,0,23134.31,0,0,0,30.95,Moderate,0.1146
LN100038,2023-01-14,26,141700,6.0,245000,12,13.25,692,31.0,0,180000,136.1,0,Education,Salaried,East,0,21911.48,0,0,0,28.17,Moderate,0.0581
LN102168,2023-01-15,36,109400,11.4,150000,36,11.22,795,46.9,0,167000,89.8,3,Auto,Self-employed,West,0,4926.45,0,0,0,21.27,Low,0.0188
LN102656,2023-01-15,28,134800,6.0,413000,12,16.03,628,37.8,1,729000,56.7,1,Personal,Salaried,North,0,37477.71,0,0,0,26.98,Moderate,0.0467
LN103282,2023-01-15,21,95700,11.5,819000,60,10.41,709,31.6,0,1023000,80.1,0,Personal,Salaried,West,1,17567.01,5,0,0,23.46,Low,0.0236
LN102344,2023-01-15,21,52300,10.5,560000,60,15.07,682,44.7,0,862000,65.0,2,Personal,Self-employed,South,1,13342.95,0,0,0,26.0,Moderate,0.046
LN103011,2023-01-16,50,79900,14.6,327000,60,9.58,708,15.1,0,388000,84.3,1,Personal,Contract,Central,4,6880.4,0,0,0,25.63,Moderate,0.0331
LN103972,2023-01-16,41,47400,9.6,1879000,48,11.91,638,27.3,0,2215000,84.8,1,Personal,Salaried,Central,2,49398.29,0,0,0,28.5,Moderate,0.0536
LN101645,2023-01-16,42,154100,4.4,1091000,60,9.4,850,28.2,1,1420000,76.8,1,Education,Self-employed,South,0,22859.75,0,0,0,15.32,Low,0.0061
LN103174,2023-01-17,29,51900,7.6,616000,48,9.8,742,37.8,0,589000,104.6,0,Education,Self-employed,Central,2,15564.25,0,0,0,27.07,Moderate,0.0449
LN100943,2023-01-17,37,31000,11.5,350000,84,11.65,670,54.9,0,342000,102.3,2,Home,Salaried,North,2,6113.14,0,0,0,34.07,Moderate,0.1131
LN100539,2023-01-18,33,102700,12.3,423000,84,8.11,785,28.0,0,437000,96.8,3,Home,Government,North,2,6616.17,10,0,0,22.05,Low,0.0139
LN101090,2023-01-18,37,93000,10.0,617000,48,10.07,689,46.7,0,974000,63.3,0,Auto,Government,Central,2,15669.46,5,0,0,27.53,Moderate,0.0386
LN102700,2023-01-18,41,99700,1.8,854000,36,15.13,761,24.3,0,1327000,64.4,0,Personal,Government,South,1,29658.59,0,0,0,17.68,Low,0.0096
LN100440,2023-01-18,41,48700,8.2,984000,60,9.46,666,51.3,1,654000,150.5,0,Personal,Salaried,South,0,20646.6,0,0,0,37.0,Moderate,0.2195
LN101356,2023-01-18,33,182100,11.0,301000,48,13.45,691,30.3,2,462000,65.2,1,Personal,Salaried,South,1,8142.47,0,0,0,26.66,Moderate,0.0307
LN104857,2023-01-18,47,54000,9.4,207000,60,7.96,600,28.9,0,171000,121.1,1,Personal,Salaried,East,2,4193.25,90,1,1,34.46,Moderate,0.1443
LN102370,2023-01-18,37,71900,3.6,1844000,24,14.95,730,28.5,0,1731000,106.5,0,Education,Salaried,Central,1,89365.58,0,0,0,24.37,Low,0.0274
LN101656,2023-01-19,40,35300,8.1,735000,36,7.41,561,48.8,0,744000,98.8,2,Personal,Self-employed,North,0,22832.7,0,0,0,34.94,Moderate,0.2288
LN104104,2023-01-19,37,40400,8.1,124000,36,15.15,655,22.1,0,100000,124.0,0,Home,Self-employed,East,1,4307.61,5,0,0,28.81,Moderate,0.0707
LN104133,2023-01-19,49,74100,11.9,295000,72,10.69,672,12.5,0,305000,96.7,2,Home,Salaried,West,2,5568.33,0,0,0,24.93,Low,0.0248
LN103347,2023-01-19,52,75600,8.7,685000,48,13.95,636,30.9,0,531000,129.0,2,Home,Government,South,1,18701.46,180,1,1,32.08,Moderate,0.0982
LN102378,2023-01-19,34,85600,20.1,522000,36,11.74,733,29.9,2,570000,91.6,1,Personal,Self-employed,Central,0,17273.12,0,0,0,25.33,Moderate,0.0291
LN102531,2023-01-19,30,87400,9.7,467000,24,11.26,715,8.4,0,784000,59.6,3,Education,Contract,Central,1,21822.28,0,0,0,16.45,Low,0.0089
LN100368,2023-01-19,39,51400,11.8,690000,60,9.4,685,25.8,0,1044000,66.1,0,Home,Salaried,East,3,14457.59,0,0,0,25.51,Moderate,0.024
LN101209,2023-01-20,54,47400,2.8,1630000,48,14.83,639,31.1,0,2356000,69.2,3,Personal,Salaried,Central,0,45223.78,0,0,0,24.31,Low,0.036
LN101341,2023-01-20,38,61500,5.4,969000,60,8.98,850,10.2,0,1226000,79.0,2,Business,Salaried,North,5,20105.44,0,0,0,18.27,Low,0.006
LN101846,2023-01-20,49,67900,10.5,1398000,60,10.04,691,32.8,0,1166000,119.9,2,Personal,Salaried,North,3,29730.89,0,0,0,31.97,Moderate,0.0823
LN102116,2023-01-21,36,150800,10.6,781000,36,7.59,610,28.0,0,1001000,78.0,1,Personal,Salaried,Central,3,24326.25,10,0,0,31.11,Moderate,0.0741
LN100883,2023-01-21,47,31600,5.4,136000,36,8.69,807,45.5,1,152000,89.5,2,Personal,Government,East,2,4305.17,10,0,0,25.66,Moderate,0.0272
LN104882,2023-01-21,30,36600,18.4,204000,24,15.74,731,34.8,0,285000,71.6,4,Home,Salaried,North,4,9963.15,0,0,0,27.09,Moderate,0.0249
LN101756,2023-01-21,37,76700,4.5,826000,84,10.21,739,42.0,1,1238000,66.7,2,Education,Government,West,1,13802.37,0,0,0,24.61,Low,0.0237
LN103281,2023-01-21,38,125700,10.8,250000,24,11.33,734,45.6,0,231000,108.2,0,Personal,Self-employed,North,2,11690.3,0,0,0,29.41,Moderate,0.0712
LN103267,2023-01-22,35,38900,6.2,107000,36,10.81,820,29.7,0,126000,84.9,1,Personal,Government,North,0,3493.42,0,0,0,16.02,Low,0.0073
LN103709,2023-01-22,38,42700,7.3,1044000,48,12.21,631,9.6,1,1425000,73.3,2,Business,Salaried,North,3,27600.29,0,0,0,27.84,Moderate,0.0379
LN100478,2023-01-22,66,51600,17.6,840000,60,10.73,714,38.8,0,1364000,61.6,2,Home,Salaried,Central,0,18150.73,0,0,0,21.12,Low,0.0141
LN104396,2023-01-22,30,88200,5.9,557000,60,8.51,723,44.2,0,397000,140.3,2,Personal,Salaried,North,1,11430.39,120,1,1,31.26,Moderate,0.0948
LN103861,2023-01-22,31,69400,8.8,623000,60,13.94,684,5.0,1,978000,63.7,4,Personal,Salaried,East,3,14476.75,0,0,0,23.16,Low,0.0163
LN100355,2023-01-23,29,99900,7.0,835000,48,9.07,691,75.9,0,605000,138.0,1,Auto,Salaried,West,1,20806.78,240,1,1,39.06,Moderate,0.2681
LN102447,2023-01-23,36,51500,7.7,867000,84,9.17,702,49.7,0,895000,96.9,0,Education,Salaried,Central,2,14024.15,0,0,0,30.8,Moderate,0.069
LN100745,2023-01-24,31,77500,7.6,391000,72,11.37,673,37.2,0,535000,73.1,1,Personal,Contract,North,1,7516.63,0,0,0,25.79,Moderate,0.0528
LN104831,2023-01-24,27,44000,5.9,467000,60,9.67,762,27.3,1,494000,94.5,2,Education,Salaried,Central,2,9846.71,0,0,0,24.9,Low,0.0218
LN102316,2023-01-24,46,41600,15.2,317000,84,13.99,588,51.6,0,542000,58.5,0,Business,Self-employed,South,1,5938.83,0,0,0,31.71,Moderate,0.1131
LN103642,2023-01-24,29,112500,6.2,439000,84,9.84,745,60.6,0,315000,139.4,1,Home,Salaried,North,0,7251.68,30,1,0,31.62,Moderate,0.0977
LN104749,2023-01-24,39,113000,8.7,603000,60,11.0,684,48.1,0,442000,136.4,0,Business,Government,South,1,13110.68,180,1,1,33.71,Moderate,0.1345
LN104813,2023-01-24,31,111300,7.6,779000,48,8.55,718,29.8,1,1298000,60.0,0,Business,Salaried,East,2,19219.42,0,0,0,24.28,Low,0.0214
LN101160,2023-01-24,21,69600,3.1,257000,60,9.61,803,22.6,0,386000,66.6,1,Personal,Contract,North,0,5411.3,0,0,0,13.67,Low,0.0072
LN102314,2023-01-25,44,38000,4.6,1732000,48,9.28,771,29.3,0,2597000,66.7,0,Home,Salaried,East,5,43331.54,0,0,0,25.05,Moderate,0.0187
LN103636,2023-01-25,35,119800,6.0,188000,72,10.7,677,44.7,1,328000,57.3,2,Personal,Salaried,East,1,4462.55,0,0,0,27.5,Moderate,0.0442
LN103367,2023-01-25,40,78100,7.2,151000,60,9.49,816,44.1,0,232000,65.1,3,Business,Salaried,Central,3,3170.54,0,0,0,22.13,Low,0.0144
LN103561,2023-01-25,31,91400,10.2,1001000,60,14.82,700,23.4,0,1743000,57.4,0,Home,Self-employed,Central,0,23719.25,0,0,0,18.36,Low,0.0122
LN100748,2023-01-26,32,64400,8.1,874000,36,9.59,704,18.1,0,1189000,73.5,0,Personal,Self-employed,Central,1,28033.58,30,0,0,20.37,Low,0.0181
LN102938,2023-01-26,23,133200,7.0,402000,24,9.46,619,40.5,0,690000,58.3,1,Home,Government,South,2,18450.23,30,0,0,29.49,Moderate,0.0585
LN101370,2023-01-26,36,57400,9.8,1187000,48,10.82,630,41.1,1,820000,144.8,3,Home,Salaried,East,3,30574.98,0,0,0,41.35,Moderate,0.2745
LN102567,2023-01-26,44,36100,10.7,1140000,36,19.2,711,52.3,1,998000,114.2,3,Personal,Salaried,North,2,41903.23,0,0,0,34.57,Moderate,0.1177
LN104102,2023-01-27,50,92400,7.4,1878000,84,10.48,746,33.8,1,1550000,121.2,3,Auto,Salaried,North,3,31644.77,10,0,0,31.39,Moderate,0.0586
LN102649,2023-01-27,46,39100,16.7,207000,36,6.93,785,24.1,0,265000,78.1,3,Personal,Self-employed,Central,3,6384.94,0,0,0,21.07,Low,0.0136
LN102604,2023-01-27,32,75300,10.5,221000,72,6.5,640,52.1,1,292000,75.7,0,Personal,Salaried,South,1,3714.99,0,0,0,32.77,Moderate,0.1014
LN100369,2023-01-28,31,139400,8.0,383000,36,11.86,792,53.1,0,490000,78.2,0,Business,Salaried,West,2,12695.49,0,0,0,24.84,Low,0.026
LN100048,2023-01-28,41,111400,12.4,1000000,48,15.53,633,13.9,1,672000,148.8,2,Home,Salaried,West,1,28100.15,0,0,0,32.81,Moderate,0.0927
LN102310,2023-01-28,35,52400,2.9,607000,36,10.3,732,30.3,0,469000,129.4,0,Business,Salaried,West,0,19671.79,0,0,0,25.25,Moderate,0.0398
LN101679,2023-01-28,34,49900,4.1,347000,36,11.86,737,9.5,1,394000,88.1,1,Personal,Self-employed,Central,1,11502.18,0,0,0,20.36,Low,0.0163
LN104154,2023-01-28,47,56400,10.3,168000,36,9.25,635,60.1,1,239000,70.3,3,Personal,Salaried,West,3,5361.92,0,0,0,37.43,Moderate,0.17
LN102352,2023-01-29,44,51100,17.9,414000,36,10.09,749,44.6,0,401000,103.2,1,Business,Self-employed,Central,1,13376.12,0,0,0,26.25,Moderate,0.0411
LN100049,2023-01-29,22,59400,17.9,936000,48,13.69,745,53.0,0,677000,138.3,2,Home,Self-employed,Central,1,25432.27,0,0,0,31.66,Moderate,0.0924
LN101144,2023-01-29,36,86300,8.8,413000,72,11.49,741,31.4,2,488000,84.6,1,Personal,Salaried,South,2,7965.12,60,1,0,27.84,Moderate,0.0339
LN103735,2023-01-29,37,47900,4.0,1624000,84,13.38,776,63.7,1,1664000,97.6,1,Personal,Salaried,East,2,29880.28,30,1,0,31.75,Moderate,0.0784
LN101397,2023-01-30,29,35100,11.6,2058000,60,6.5,713,27.9,0,2799000,73.5,0,Personal,Government,Central,3,40267.13,15,0,0,25.18,Moderate,0.0252
LN104744,2023-01-30,52,85600,8.7,536000,36,15.05,701,29.8,2,613000,87.4,0,Home,Salaried,North,0,18593.74,20,0,0,26.59,Moderate,0.0312
LN104141,2023-01-30,53,59700,10.2,485000,60,11.33,699,21.5,0,599000,81.0,0,Home,Salaried,West,1,10625.07,10,0,0,22.06,Low,0.0169
LN102388,2023-01-30,46,80300,9.5,491000,12,10.36,726,43.2,0,777000,63.2,2,Auto,Self-employed,North,1,43248.95,0,0,0,23.19,Low,0.025
LN104323,2023-01-30,28,29900,4.8,184000,48,6.5,841,41.0,0,295000,62.4,0,Personal,Self-employed,North,4,4363.55,0,0,0,21.58,Low,0.0152
LN101474,2023-01-31,31,27000,11.6,798000,24,11.93,680,23.0,1,778000,102.6,4,Education,Contract,West,0,37538.55,5,0,0,25.86,Moderate,0.0438
LN103766,2023-01-31,29,105800,5.2,634000,36,10.52,760,52.2,1,743000,85.3,1,Auto,Salaried,East,1,20612.53,0,0,0,27.4,Moderate,0.0375
LN104424,2023-01-31,30,98600,14.5,419000,72,12.78,738,21.8,0,410000,102.2,0,Home,Salaried,North,1,8362.48,0,0,0,22.18,Low,0.0159
LN103917,2023-01-31,43,50900,6.9,975000,24,11.08,760,13.8,0,946000,103.1,0,Auto,Government,North,1,45478.86,0,0,0,19.5,Low,0.011
LN104138,2023-02-01,46,48500,9.0,631000,36,8.97,752,30.1,0,484000,130.4,2,Business,Self-employed,North,0,20056.82,0,0,0,24.25,Low,0.0375
LN103393,2023-02-01,37,55100,15.5,635000,72,12.91,635,25.9,1,1078000,58.9,2,Personal,Contract,South,3,12716.91,0,0,0,29.45,Moderate,0.062
LN103646,2023-02-01,40,22600,10.6,301000,84,13.08,664,38.8,0,532000,56.6,1,Home,Salaried,West,0,5488.88,0,0,0,23.27,Low,0.0234
LN100219,2023-02-01,39,36600,17.8,707000,36,10.51,691,33.2,0,895000,79.0,2,Home,Contract,East,1,22982.56,0,0,0,24.62,Low,0.0332
LN104636,2023-02-01,43,62700,8.5,202000,84,12.16,716,27.3,0,269000,75.1,1,Education,Salaried,West,2,3583.16,0,0,0,23.4,Low,0.0193
LN102526,2023-02-02,42,105900,5.2,352000,36,11.75,727,48.7,2,527000,66.8,2,Personal,Salaried,Central,4,11649.45,0,0,0,33.6,Moderate,0.0751
LN101786,2023-02-02,35,103900,1.6,857000,24,7.36,726,36.0,0,730000,117.4,1,Home,Contract,North,0,38510.12,0,0,0,25.5,Moderate,0.0536
LN104781,2023-02-02,41,108700,13.8,432000,36,16.66,723,71.8,0,290000,149.0,1,Auto,Salaried,West,0,15328.98,10,0,0,35.98,Moderate,0.1748
LN100426,2023-02-02,29,103200,13.1,308000,60,12.39,687,35.8,0,227000,135.7,2,Home,Salaried,East,4,6912.14,0,0,0,36.03,Moderate,0.1234
LN101229,2023-02-02,58,48000,13.6,1540000,60,10.87,710,33.4,2,1114000,138.2,0,Home,Government,East,1,33383.58,120,1,1,33.58,Moderate,0.0849
LN100208,2023-02-03,43,39700,7.2,292000,60,10.64,634,17.3,0,258000,113.2,2,Auto,Government,North,3,6296.49,5,0,0,31.22,Moderate,0.0708
LN100180,2023-02-03,44,72200,10.8,352000,60,12.92,621,20.8,0,230000,153.0,4,Auto,Salaried,East,2,7994.67,0,0,0,34.62,Moderate,0.1371
LN104105,2023-02-04,40,55100,2.0,836000,36,12.94,786,14.5,0,1474000,56.7,2,Auto,Contract,North,3,28143.99,0,0,0,16.96,Low,0.0083
LN101687,2023-02-04,40,41700,10.2,682000,12,12.57,676,46.9,0,489000,139.5,2,Home,Government,South,1,60776.88,0,0,0,34.21,Moderate,0.1312
LN101991,2023-02-04,45,103200,9.9,903000,12,8.67,833,25.6,0,1147000,78.7,3,Business,Self-employed,South,1,78830.56,0,0,0,15.56,Low,0.0069
LN100133,2023-02-04,42,80800,5.7,552000,84,10.37,748,27.8,0,904000,61.1,1,Home,Government,South,1,9269.73,0,0,0,18.74,Low,0.0097
LN100822,2023-02-04,59,38100,7.9,644000,60,10.34,665,38.7,0,845000,76.2,0,Auto,Salaried,North,0,13791.08,0,0,0,25.15,Moderate,0.0338
LN100950,2023-02-04,36,69400,6.4,716000,60,12.17,676,51.1,1,903000,79.3,1,Personal,Government,North,2,15988.6,0,0,0,32.7,Moderate,0.0936
LN102650,2023-02-04,30,110400,10.4,1389000,36,10.76,641,8.8,1,1367000,101.6,0,Auto,Government,West,2,45316.37,5,0,0,28.32,Moderate,0.04
LN103982,2023-02-04,66,62000,2.6,426000,72,7.98,734,42.5,0,507000,84.0,0,Home,Salaried,Central,2,7465.0,0,0,0,26.37,Moderate,0.0346
LN103499,2023-02-05,35,108300,8.0,324000,48,9.17,773,25.3,1,569000,56.9,3,Personal,Salaried,West,1,8088.93,15,0,0,18.49,Low,0.0086
LN103860,2023-02-05,34,74900,6.0,213000,24,13.29,694,29.1,0,155000,137.4,0,Business,Salaried,North,0,10155.45,0,0,0,27.82,Moderate,0.0602
LN101423,2023-02-05,30,69400,6.4,534000,48,12.19,628,37.1,0,820000,65.1,0,Home,Salaried,South,0,14112.14,0,0,0,25.68,Moderate,0.0386
LN103421,2023-02-06,37,102200,4.7,269000,36,11.97,850,45.7,0,370000,72.7,0,Education,Contract,Central,1,8930.8,0,0,0,18.08,Low,0.0116
LN104707,2023-02-06,34,104700,2.7,344000,60,13.35,694,52.2,1,381000,90.3,2,Auto,Self-employed,North,1,7888.83,0,0,0,31.4,Moderate,0.0964
LN100734,2023-02-06,47,49300,11.9,1235000,72,7.79,681,55.2,1,1694000,72.9,1,Personal,Salaried,Central,2,21527.14,0,0,0,32.61,Moderate,0.0852
LN104695,2023-02-06,36,44300,12.0,469000,36,13.71,697,29.8,0,762000,61.5,4,Home,Self-employed,North,1,15963.33,0,0,0,21.88,Low,0.0196
LN101483,2023-02-06,34,55400,2.5,376000,48,13.11,606,30.3,0,534000,70.4,0,Auto,Self-employed,South,0,10107.68,0,0,0,26.02,Moderate,0.0542
LN100183,2023-02-06,42,77500,5.7,564000,60,8.11,802,27.7,0,637000,88.5,0,Auto,Self-employed,West,1,11465.6,15,0,0,18.6,Low,0.0115
LN101237,2023-02-06,33,66700,14.0,561000,60,12.43,693,36.6,0,691000,81.2,3,Personal,Salaried,South,2,12601.38,0,0,0,27.09,Moderate,0.0381
LN104344,2023-02-07,32,66000,9.5,692000,60,14.34,660,31.4,0,1046000,66.2,0,Home,Salaried,South,1,16223.87,0,0,0,24.63,Low,0.0271
LN104379,2023-02-07,31,70100,5.0,457000,84,6.75,605,20.3,1,450000,101.6,3,Personal,Salaried,West,2,6841.64,0,0,0,32.52,Moderate,0.0983
LN104004,2023-02-07,26,60300,9.3,241000,12,6.94,731,31.6,0,269000,89.6,1,Home,Self-employed,East,2,20846.28,0,0,0,24.91,Low,0.0305
LN101942,2023-02-07,40,121300,11.5,78000,72,12.62,724,52.2,0,57000,136.8,1,Education,Salaried,South,1,5276.55,0,0,0,32.46,Moderate,0.0951
LN102772,2023-02-07,36,56500,2.2,327000,36,11.42,739,44.7,2,530000,61.7,0,Business,Self-employed,West,5,10770.72,10,0,0,33.32,Moderate,0.0803
LN101922,2023-02-08,28,80000,11.1,1559000,84,10.34,701,42.2,2,1361000,114.5,1,Auto,Contract,North,2,26155.95,0,0,0,35.11,Moderate,0.1372
LN104173,2023-02-08,29,37400,11.0,414000,72,10.71,705,22.3,0,391000,105.9,1,Personal,Salaried,Central,1,7818.75,0,0,0,24.39,Low,0.0282
LN102765,2023-02-08,45,64100,12.2,208000,84,9.47,634,33.4,1,339000,61.4,0,Auto,Salaried,Central,1,3396.35,5,0,0,27.92,Moderate,0.04
LN102775,2023-02-09,35,86800,8.0,876000,72,6.5,636,26.2,0,701000,125.0,5,Business,Salaried,East,1,14725.5,75,1,0,30.74,Moderate,0.0876
LN103216,2023-02-09,23,132600,5.2,651000,48,9.13,751,11.2,0,837000,77.8,4,Education,Government,North,1,16240.38,0,0,0,16.93,Low,0.0072
LN104220,2023-02-09,21,74600,12.1,578000,36,8.43,675,31.1,2,786000,73.5,1,Home,Salaried,Central,0,18227.29,0,0,0,26.83,Moderate,0.0314
LN102127,2023-02-09,48,87700,4.5,705000,60,10.85,780,32.8,0,942000,74.8,2,Home,Salaried,South,1,15275.72,0,0,0,19.41,Low,0.011
LN103136,2023-02-10,47,42000,10.2,234000,36,7.79,653,39.6,0,268000,87.3,1,Auto,Government,South,2,7310.06,0,0,0,30.41,Moderate,0.0644
LN100750,2023-02-10,30,63600,16.6,346000,60,10.62,816,5.0,0,606000,57.1,1,Personal,Government,West,0,7457.47,0,0,0,8.51,Low,0.0017
LN104665,2023-02-10,37,119800,19.7,408000,36,13.91,605,6.6,0,370000,110.3,1,Auto,Self-employed,North,1,13926.65,0,0,0,26.99,Moderate,0.0457
LN101166,2023-02-10,50,112100,14.8,1378000,48,11.72,702,47.2,2,1786000,77.2,1,Personal,Government,North,1,36098.87,0,0,0,30.66,Moderate,0.0568
LN101691,2023-02-11,34,46400,19.4,368000,72,13.06,695,13.1,0,566000,65.0,1,Personal,Self-employed,North,0,7398.93,0,0,0,17.33,Low,0.0101
LN103309,2023-02-11,38,57200,9.8,469000,72,7.91,726,22.7,0,406000,115.5,1,Business,Government,North,0,8202.5,0,0,0,22.65,Low,0.0231
LN102557,2023-02-11,38,64500,2.9,1202000,60,16.27,612,36.6,0,1784000,67.4,0,Personal,Salaried,North,0,29403.02,0,0,0,26.66,Moderate,0.0542
LN101196,2023-02-11,38,32700,12.0,452000,48,10.17,674,33.9,0,790000,57.2,3,Auto,Salaried,West,0,11500.82,30,0,0,21.82,Low,0.0177
LN101242,2023-02-12,33,123200,5.2,373000,36,9.91,665,33.7,0,559000,66.7,4,Home,Salaried,West,1,12019.91,5,0,0,24.87,Low,0.0299
LN101089,2023-02-12,36,63800,18.2,252000,60,8.39,812,15.4,0,350000,72.0,0,Home,Salaried,South,2,5156.82,0,0,0,15.63,Low,0.004
LN102618,2023-02-12,42,34600,4.6,2070000,36,13.33,737,44.3,0,3458000,59.9,0,Home,Self-employed,South,2,70075.96,5,0,0,24.17,Low,0.0282
LN104350,2023-02-12,21,76000,4.9,631000,36,7.22,773,39.3,0,975000,64.7,2,Business,Salaried,West,1,19546.98,0,0,0,20.07,Low,0.0135
LN102682,2023-02-13,35,58600,16.0,2054000,12,11.65,732,49.0,1,3364000,61.1,2,Home,Salaried,North,1,182159.27,0,0,0,25.82,Moderate,0.0247
LN103528,2023-02-13,22,105600,13.9,1099000,24,13.81,758,25.8,0,1711000,64.2,3,Personal,Salaried,Central,1,52667.57,0,0,0,18.12,Low,0.0087
LN104167,2023-02-13,36,40200,11.5,224000,48,8.63,639,5.0,0,335000,66.9,2,Business,Government,South,0,5534.98,0,0,0,18.86,Low,0.0122
LN100981,2023-02-13,42,141700,7.7,1840000,60,8.69,686,8.9,1,1832000,100.4,0,Personal,Self-employed,West,2,37919.14,30,1,0,25.84,Moderate,0.0367
LN100244,2023-02-13,27,103600,9.0,791000,72,11.53,824,60.7,2,848000,93.3,1,Business,Contract,Central,1,15271.55,0,0,0,28.51,Moderate,0.0546
LN100945,2023-02-13,28,97000,8.2,234000,72,9.2,674,53.2,3,345000,67.8,2,Business,Government,South,1,4300.33,0,0,0,34.4,Moderate,0.0988
LN101827,2023-02-14,51,64600,4.9,295000,60,10.36,766,24.6,0,218000,135.3,0,Auto,Salaried,West,0,6320.26,0,0,0,22.9,Low,0.023
LN100975,2023-02-14,21,47800,12.1,656000,36,13.28,769,30.0,1,828000,79.2,0,Home,Salaried,South,0,22191.81,0,0,0,20.21,Low,0.0109
LN103017,2023-02-14,21,45600,10.3,1192000,36,9.02,771,6.7,1,1194000,99.8,1,Home,Salaried,Central,1,37916.38,0,0,0,19.17,Low,0.0085
LN101426,2023-02-14,57,44000,12.3,629000,72,8.45,850,41.1,0,567000,110.9,1,Home,Self-employed,North,0,11167.13,0,0,0,19.31,Low,0.0129
LN104389,2023-02-14,43,95800,22.1,992000,72,10.35,733,49.5,1,899000,110.3,1,Business,Salaried,South,0,18553.2,0,0,0,29.12,Moderate,0.0496
LN103993,2023-02-15,45,27200,7.7,111000,72,15.41,710,29.2,0,190000,58.4,3,Home,Salaried,West,0,2371.88,0,0,0,19.09,Low,0.0115
LN104011,2023-02-15,25,34900,6.3,341000,72,15.3,673,14.5,0,390000,87.4,1,Education,Salaried,North,1,7266.12,0,0,0,22.68,Low,0.0204
LN100084,2023-02-15,31,102900,8.4,459000,84,13.27,802,29.7,0,427000,107.5,1,Business,Salaried,South,0,8417.63,10,0,0,19.23,Low,0.0124
LN103346,2023-02-15,35,54300,2.9,234000,60,11.31,666,39.0,1,379000,61.7,0,Personal,Self-employed,South,0,5123.98,20,0,0,25.71,Moderate,0.0475
LN104861,2023-02-15,31,81600,10.6,184000,12,9.81,677,15.0,1,256000,71.9,3,Personal,Salaried,East,1,16160.27,5,0,0,23.02,Low,0.0195
LN104432,2023-02-16,40,56800,9.6,254000,72,16.04,613,7.0,1,343000,74.1,1,Business,Salaried,West,2,5515.32,5,0,0,26.69,Moderate,0.0341
LN100181,2023-02-16,30,52500,14.4,906000,60,14.06,776,40.6,1,1555000,58.3,2,Auto,Salaried,Central,2,21109.23,0,0,0,23.2,Low,0.014
LN100160,2023-02-17,29,74100,4.4,322000,84,14.9,665,31.5,0,465000,69.2,0,Personal,Salaried,East,2,6195.5,0,0,0,26.35,Moderate,0.0392
LN101794,2023-02-17,40,59000,10.0,256000,36,12.62,710,39.3,0,415000,61.7,2,Education,Government,Central,1,8578.87,0,0,0,23.11,Low,0.02
LN101643,2023-02-17,42,47100,12.5,447000,60,8.43,774,52.0,0,421000,106.2,0,Personal,Salaried,North,1,9155.82,0,0,0,26.71,Moderate,0.0389
LN103585,2023-02-17,26,84900,6.2,456000,48,12.15,690,20.7,0,528000,86.4,2,Auto,Government,South,2,12041.84,0,0,0,24.58,Low,0.025
LN100238,2023-02-18,32,70900,8.9,366000,12,11.15,630,52.7,1,607000,60.3,0,Home,Contract,Central,0,32373.3,0,0,0,30.22,Moderate,0.0942
LN103916,2023-02-18,37,151500,8.2,726000,36,11.56,650,33.6,0,1216000,59.7,2,Home,Government,East,2,23961.3,0,0,0,26.61,Moderate,0.0348
LN101313,2023-02-19,43,87000,4.5,546000,84,11.3,699,25.4,0,869000,62.8,0,Personal,Contract,West,1,9435.2,15,0,0,21.02,Low,0.0242
LN103439,2023-02-19,41,83100,14.9,371000,72,12.77,719,22.9,0,257000,144.4,4,Education,Self-employed,South,2,7402.53,0,0,0,29.29,Moderate,0.0605
LN103343,2023-02-19,49,34300,13.4,431000,60,11.31,602,18.5,1,366000,117.8,1,Home,Salaried,West,1,9437.75,0,0,0,32.28,Moderate,0.0845
LN103588,2023-02-19,49,46500,4.3,1457000,48,10.72,692,54.8,1,2013000,72.4,0,Business,Salaried,East,2,37459.12,0,0,0,31.9,Moderate,0.0822
LN100914,2023-02-19,37,58100,1.5,840000,48,12.76,837,59.8,0,1487000,56.5,4,Auto,Salaried,South,0,22435.17,0,0,0,18.3,Low,0.01
LN102743,2023-02-19,43,86700,9.2,408000,72,12.21,626,14.1,0,309000,132.0,1,Personal,Salaried,North,0,8021.1,90,1,1,27.88,Moderate,0.0619
LN100076,2023-02-19,39,66300,7.2,295000,48,11.37,850,36.6,0,498000,59.2,0,Home,Government,North,1,7677.54,5,0,0,14.91,Low,0.0045
LN103039,2023-02-20,36,191800,6.2,113000,48,12.64,686,20.7,0,99000,114.1,0,Auto,Salaried,South,0,3308.55,0,0,0,24.23,Low,0.0298
LN104633,2023-02-20,46,46600,19.6,385000,72,13.1,746,32.6,0,609000,63.2,0,Auto,Government,Central,1,7748.87,10,0,0,20.01,Low,0.0099
LN102368,2023-02-20,28,35100,17.6,121000,84,12.77,796,45.0,3,207000,58.5,0,Auto,Self-employed,West,0,2186.13,20,0,0,23.71,Low,0.0165
LN103442,2023-02-20,39,58000,6.0,92000,72,10.62,667,29.6,0,159000,57.9,0,Auto,Contract,West,0,1733.28,10,0,0,21.4,Low,0.0255
LN102202,2023-02-21,44,96000,7.0,809000,48,13.23,721,34.1,0,1328000,60.9,2,Business,Government,Central,1,21795.91,0,0,0,21.41,Low,0.017
LN104311,2023-02-21,22,41100,3.4,221000,60,11.48,728,53.9,0,173000,127.7,1,Personal,Contract,North,2,4858.15,120,1,1,33.34,Moderate,0.1644
LN104453,2023-02-21,41,72600,6.9,707000,84,13.38,720,58.3,0,1266000,55.8,2,Auto,Self-employed,West,0,13008.23,0,0,0,24.12,Low,0.0339
LN102577,2023-02-21,47,64000,3.8,644000,48,11.67,716,30.7,0,540000,119.3,4,Personal,Government,North,3,16854.83,5,0,0,30.16,Moderate,0.0663
LN104023,2023-02-21,45,99200,8.4,217000,60,10.74,653,39.2,1,251000,86.5,2,Education,Self-employed,Central,2,4690.02,0,0,0,32.25,Moderate,0.0947
LN100221,2023-02-21,21,65400,7.6,1801000,60,13.65,660,46.2,0,2694000,66.9,2,Personal,Salaried,West,2,41580.04,0,0,0,29.32,Moderate,0.0616
LN101068,2023-02-21,34,98600,9.3,240000,48,11.99,847,36.7,1,369000,65.0,1,Education,Government,West,0,6318.94,0,0,0,16.0,Low,0.0051
LN102944,2023-02-22,41,79200,4.4,787000,48,9.29,781,55.3,1,1400000,56.2,1,Business,Salaried,North,0,19693.08,0,0,0,22.33,Low,0.0191
LN104146,2023-02-22,41,57700,5.1,425000,72,9.97,647,52.4,2,583000,72.9,3,Personal,Contract,South,1,7867.05,180,1,1,34.18,Moderate,0.1597
LN101746,2023-02-22,47,41100,5.5,179000,72,11.79,688,60.9,0,222000,80.6,2,Auto,Contract,Central,3,3479.97,45,1,0,33.82,Moderate,0.1418
LN103114,2023-02-23,42,42400,8.6,131000,60,7.52,739,19.7,0,222000,59.0,2,Auto,Salaried,West,1,2626.22,0,0,0,17.38,Low,0.0074
LN102241,2023-02-23,43,52500,25.0,848000,84,13.68,778,41.7,0,707000,119.9,0,Education,Salaried,West,3,15742.0,0,0,0,29.14,Moderate,0.0353
LN101915,2023-02-23,33,35100,14.0,192000,36,13.19,802,26.8,0,297000,64.6,4,Personal,Salaried,South,4,6486.82,0,0,0,21.03,Low,0.01
LN101815,2023-02-23,30,70800,8.8,1084000,36,15.62,668,33.6,0,765000,141.7,3,Education,Salaried,South,3,37907.17,15,0,0,35.53,Moderate,0.1352
LN100135,2023-02-24,52,66600,8.0,289000,60,10.84,734,48.5,0,286000,101.0,3,Home,Self-employed,Central,1,6260.52,0,0,0,27.61,Moderate,0.0544
LN103957,2023-02-24,36,54800,12.2,283000,72,12.23,647,14.9,1,252000,112.3,1,Personal,Salaried,South,1,5566.61,0,0,0,28.62,Moderate,0.0512
LN100456,2023-02-24,37,48100,5.4,785000,36,11.56,712,25.4,0,1295000,60.6,2,Personal,Government,North,0,25908.57,20,0,0,18.45,Low,0.012
LN103761,2023-02-25,38,34900,5.2,511000,24,15.09,715,18.1,1,451000,113.3,0,Auto,Salaried,North,0,24798.53,60,1,0,24.1,Low,0.025
LN104115,2023-02-25,35,100600,10.9,1022000,48,12.43,693,44.0,1,1202000,85.0,4,Auto,Self-employed,West,1,27129.46,5,0,0,29.28,Moderate,0.061
LN101971,2023-02-25,21,63400,3.3,105000,36,14.73,749,26.0,0,124000,84.7,0,Education,Salaried,North,3,3625.99,15,0,0,24.02,Low,0.0203
LN104840,2023-02-25,31,38200,3.2,245000,12,10.22,652,41.2,0,212000,115.6,2,Personal,Salaried,South,1,21564.47,0,0,0,31.95,Moderate,0.1135
LN102343,2023-02-25,33,42000,8.6,479000,84,10.67,698,44.1,1,428000,111.9,4,Home,Contract,Central,1,8118.77,90,1,1,31.72,Moderate,0.1061
LN103083,2023-02-26,28,94400,9.3,574000,36,15.51,674,39.4,3,560000,102.5,0,Personal,Salaried,West,2,20041.55,60,1,0,36.78,Moderate,0.1318
LN104275,2023-02-27,37,26500,3.4,368000,60,9.73,723,35.0,1,556000,66.2,1,Home,Self-employed,East,0,7770.11,0,0,0,22.34,Low,0.0229
LN104100,2023-02-27,24,55200,6.6,346000,12,8.77,719,13.5,1,554000,62.5,1,Auto,Government,South,0,30221.32,0,0,0,17.89,Low,0.0082
LN100357,2023-02-27,35,42100,9.2,68000,12,9.62,775,22.7,1,106000,64.2,0,Personal,Self-employed,South,1,5966.27,30,0,0,18.6,Low,0.0107
LN100346,2023-02-27,25,57000,16.2,1345000,36,15.29,826,16.3,0,2076000,64.8,1,Business,Government,North,0,46816.1,15,0,0,11.01,Low,0.0025
LN100704,2023-02-28,24,55100,12.5,413000,48,14.73,733,51.9,2,600000,68.8,2,Education,Salaried,West,1,11437.65,0,0,0,29.12,Moderate,0.0394
LN104409,2023-02-28,46,124600,15.0,770000,60,13.38,761,32.9,0,925000,83.2,2,Business,Government,West,0,17670.02,0,0,0,19.61,Low,0.0122
LN104967,2023-02-28,48,64700,12.4,959000,60,9.76,609,35.7,0,864000,111.0,1,Home,Salaried,West,1,20262.85,5,0,0,32.67,Moderate,0.1035
LN102225,2023-02-28,50,38000,16.2,455000,72,14.56,751,48.6,0,584000,77.9,3,Personal,Salaried,North,0,9512.59,0,0,0,22.75,Low,0.021
LN104346,2023-03-01,38,76200,7.2,543000,36,12.43,669,45.1,1,459000,118.3,1,Home,Salaried,South,0,18147.09,0,0,0,32.43,Moderate,0.0997
LN104542,2023-03-02,22,94700,8.2,268000,48,9.43,705,35.7,0,209000,128.2,1,Personal,Salaried,East,3,6724.05,0,0,0,32.64,Moderate,0.094
LN103031,2023-03-02,32,133700,14.0,612000,24,11.92,654,25.1,1,522000,117.2,1,Education,Salaried,Central,0,28786.11,0,0,0,29.12,Moderate,0.0536
LN102287,2023-03-02,36,107500,12.2,593000,48,11.42,621,45.2,1,862000,68.8,1,Home,Contract,West,0,15447.63,0,0,0,30.04,Moderate,0.0885
LN100947,2023-03-02,32,113800,2.3,691000,24,14.88,778,35.5,0,1024000,67.5,1,Personal,Government,West,1,33464.89,0,0,0,19.33,Low,0.0125
LN103756,2023-03-02,39,51200,13.4,1234000,60,11.79,576,40.6,0,1175000,105.0,0,Personal,Salaried,Central,3,27318.88,0,0,0,38.13,Moderate,0.2142
LN102680,2023-03-03,44,83900,13.9,180000,36,12.32,674,42.7,1,318000,56.6,1,Business,Government,West,2,6006.12,0,0,0,28.85,Moderate,0.0437
LN100881,2023-03-03,33,126800,2.4,236000,72,11.7,681,21.5,1,399000,59.1,2,Home,Contract,East,0,4577.11,0,0,0,21.16,Low,0.0221
LN100169,2023-03-03,31,37800,10.0,2137000,36,11.36,695,54.8,0,3627000,58.9,2,Auto,Contract,Central,0,70327.52,0,0,0,25.06,Moderate,0.0439
LN103280,2023-03-03,30,55800,8.1,344000,24,8.35,744,46.9,0,306000,112.4,2,Personal,Salaried,North,0,15613.16,0,0,0,26.23,Moderate,0.0437
LN102913,2023-03-03,45,84300,1.4,1002000,84,10.43,734,41.8,1,884000,113.3,4,Business,Government,West,3,16857.86,0,0,0,32.83,Moderate,0.0888
LN103633,2023-03-03,45,112700,9.0,101000,72,8.94,761,34.3,0,172000,58.7,3,Personal,Salaried,North,1,3221.34,0,0,0,19.11,Low,0.011
LN103294,2023-03-04,27,99300,8.2,337000,84,14.79,615,39.8,1,263000,128.1,0,Home,Salaried,East,0,6463.36,5,0,0,35.21,Moderate,0.1565
LN104481,2023-03-04,41,52700,4.7,647000,72,8.29,760,50.7,0,1012000,63.9,3,Home,Salaried,North,0,11435.84,0,0,0,21.29,Low,0.017
LN100068,2023-03-04,41,64400,10.5,1089000,36,8.72,784,34.8,0,1661000,65.6,3,Personal,Salaried,South,3,34488.17,0,0,0,22.01,Low,0.0141
LN101894,2023-03-04,37,46300,3.3,247000,60,14.17,725,23.6,0,294000,84.0,1,Home,Salaried,West,1,5769.05,0,0,0,21.4,Low,0.0164
LN101943,2023-03-04,35,103100,20.3,377000,72,9.95,733,14.4,0,570000,66.1,1,Auto,Self-employed,East,1,6974.74,0,0,0,17.35,Low,0.0078
LN104802,2023-03-05,25,196600,16.1,520000,24,8.01,728,41.3,0,683000,76.1,3,Personal,Government,Central,0,23520.56,5,0,0,22.33,Low,0.0199
LN103765,2023-03-05,38,52200,15.5,1463000,72,9.35,725,30.7,0,1029000,142.2,1,Home,Contract,Central,0,26626.21,0,0,0,26.98,Moderate,0.0569
LN100801,2023-03-05,33,58000,6.2,314000,36,13.92,754,39.2,1,487000,64.5,0,Personal,Salaried,North,0,10719.58,10,0,0,21.37,Low,0.0165
LN102903,2023-03-05,41,37000,10.2,1892000,24,9.96,653,53.0,1,1913000,98.9,1,Personal,Self-employed,South,2,87271.27,0,0,0,36.25,Moderate,0.1888
LN103975,2023-03-06,40,41900,19.2,849000,48,15.55,711,33.2,0,986000,86.1,2,Business,Self-employed,East,1,23865.68,20,0,0,24.28,Low,0.0294
LN102685,2023-03-06,41,100200,5.1,392000,84,10.56,540,5.0,1,568000,69.0,0,Auto,Salaried,West,1,6621.65,0,0,0,27.98,Moderate,0.0479
LN104035,2023-03-06,47,78600,9.6,227000,36,10.42,746,39.1,1,334000,68.0,3,Auto,Salaried,West,3,7369.49,0,0,0,27.13,Moderate,0.0271
LN103893,2023-03-06,21,38800,8.2,288000,60,12.96,580,48.2,2,320000,90.0,1,Home,Self-employed,North,2,6546.99,0,0,0,40.27,Moderate,0.2797
LN100149,2023-03-06,41,76000,6.2,984000,24,12.96,727,48.8,0,1201000,81.9,1,Home,Salaried,West,0,46762.67,30,0,0,24.46,Low,0.0296
LN104560,2023-03-06,28,55800,4.9,339000,60,12.94,611,45.3,1,387000,87.6,0,Auto,Government,East,2,7702.88,0,0,0,35.81,Moderate,0.1454
LN100598,2023-03-06,34,68600,18.4,159000,60,11.94,763,28.8,0,219000,72.6,0,Personal,Contract,North,2,3532.05,0,0,0,20.96,Low,0.0168
LN103379,2023-03-07,31,72600,8.7,285000,36,9.01,717,17.2,2,289000,98.6,0,Personal,Salaried,South,1,9064.25,0,0,0,26.01,Moderate,0.0284
LN100312,2023-03-07,45,44200,11.7,365000,72,13.31,759,28.3,1,379000,96.3,2,Auto,Salaried,South,1,7386.9,0,0,0,23.77,Low,0.0185
LN102341,2023-03-07,42,79200,6.5,1629000,36,11.84,752,30.8,1,2264000,72.0,1,Personal,Salaried,West,2,53981.71,5,0,0,23.88,Low,0.0204
LN103450,2023-03-07,34,28000,3.6,494000,24,10.82,752,67.5,0,563000,87.7,2,Home,Salaried,South,4,22983.01,0,0,0,34.12,Moderate,0.0977
LN102937,2023-03-07,36,207600,6.4,774000,72,13.06,620,45.8,0,1204000,64.3,1,Personal,Salaried,West,1,15561.88,75,1,0,29.43,Moderate,0.0727
LN104980,2023-03-07,27,52500,16.3,698000,84,12.84,697,24.0,0,977000,71.4,2,Personal,Self-employed,East,3,12637.35,0,0,0,25.04,Moderate,0.0288
LN102773,2023-03-08,24,80400,4.5,417000,12,13.38,709,7.3,0,678000,61.5,1,Home,Government,South,1,37319.69,5,0,0,16.74,Low,0.0072
LN102718,2023-03-08,33,56300,12.3,324000,72,14.75,718,38.2,0,265000,122.3,0,Auto,Salaried,North,0,6807.07,0,0,0,26.86,Moderate,0.0416
LN104010,2023-03-08,38,76600,20.4,251000,24,6.5,767,49.7,0,343000,73.2,0,Auto,Government,South,2,11181.11,0,0,0,24.99,Low,0.0205
LN103312,2023-03-08,57,73000,12.6,468000,48,10.18,615,31.3,0,681000,68.7,0,Personal,Salaried,North,1,11910.19,0,0,0,27.24,Moderate,0.0467
LN104106,2023-03-08,35,93600,3.4,387000,48,8.73,722,29.7,0,448000,86.4,1,Home,Salaried,North,3,9580.97,0,0,0,26.36,Moderate,0.0309
LN100422,2023-03-08,36,101400,18.3,630000,60,12.77,691,34.7,1,629000,100.2,2,Auto,Salaried,East,2,14260.37,0,0,0,30.71,Moderate,0.0513
LN100974,2023-03-08,34,80600,7.7,245000,60,9.95,689,28.7,0,336000,72.9,4,Business,Salaried,Central,3,5199.5,0,0,0,26.55,Moderate,0.0336
LN100935,2023-03-08,33,80400,20.1,280000,84,11.5,660,32.4,0,455000,61.5,3,Business,Salaried,South,1,4868.21,0,0,0,24.36,Low,0.0244
LN101275,2023-03-10,39,67700,11.8,328000,72,12.84,722,48.0,1,551000,59.5,3,Auto,Contract,South,0,6556.64,0,0,0,24.33,Low,0.0321
LN103790,2023-03-10,43,23600,6.7,1830000,36,12.51,614,20.9,1,1525000,120.0,0,Personal,Government,West,2,61228.91,0,0,0,34.01,Moderate,0.1214
LN102257,2023-03-10,34,88800,4.9,433000,72,11.94,707,27.0,0,435000,99.5,1,Education,Government,East,0,8451.73,5,0,0,22.92,Low,0.0237
LN104939,2023-03-10,25,26000,3.7,650000,72,14.21,639,12.3,1,1074000,60.5,2,Auto,Self-employed,North,5,13466.93,15,0,0,30.01,Moderate,0.0514
LN100555,2023-03-10,34,32400,7.0,831000,24,11.29,683,40.0,1,1120000,74.2,5,Home,Contract,Central,2,38843.09,0,0,0,29.59,Moderate,0.0692
LN100301,2023-03-10,33,55900,6.2,330000,48,12.78,637,46.7,0,394000,83.8,2,Home,Salaried,Central,3,8817.08,0,0,0,34.0,Moderate,0.1101
LN102810,2023-03-11,37,85700,11.4,701000,36,15.55,781,38.5,0,714000,98.2,0,Home,Contract,East,0,24489.63,5,0,0,21.17,Low,0.0213
LN102837,2023-03-11,53,62600,12.2,2065000,36,15.31,721,12.2,1,3564000,57.9,3,Home,Government,West,2,71897.78,0,0,0,20.39,Low,0.0093
LN101491,2023-03-11,61,42100,1.0,160000,84,7.55,645,40.5,1,179000,89.4,0,Auto,Government,East,2,2458.07,0,0,0,33.23,Moderate,0.1008
LN100174,2023-03-11,40,84600,15.6,352000,60,12.16,610,31.2,1,587000,60.0,1,Personal,Salaried,East,1,7858.54,0,0,0,28.61,Moderate,0.0487
LN104144,2023-03-11,24,52900,4.5,644000,60,8.93,698,34.0,0,716000,89.9,1,Home,Salaried,Central,1,13346.51,0,0,0,25.5,Moderate,0.0333
LN102139,2023-03-11,25,124400,13.0,984000,36,9.76,721,34.0,0,734000,134.1,3,Personal,Salaried,East,0,31640.15,0,0,0,27.04,Moderate,0.0478
LN101045,2023-03-11,46,53200,6.2,209000,72,11.8,538,50.5,0,161000,129.8,1,Auto,Government,North,1,4064.29,0,0,0,41.26,Moderate,0.3778
LN104671,2023-03-11,23,78300,8.2,665000,60,8.1,610,26.9,0,844000,78.8,2,Home,Salaried,South,2,13515.65,5,0,0,29.3,Moderate,0.0566
LN104914,2023-03-11,27,89000,14.7,521000,60,10.75,808,36.4,0,854000,61.0,2,Home,Self-employed,North,1,11262.95,0,0,0,17.27,Low,0.0079
LN100366,2023-03-12,40,125100,17.0,262000,72,9.3,628,12.8,0,192000,136.5,1,Home,Salaried,Central,1,4761.79,75,1,0,29.63,Moderate,0.0595
LN104616,2023-03-12,48,105800,15.2,438000,60,11.24,661,28.8,0,652000,67.2,1,Personal,Self-employed,North,1,9575.69,0,0,0,24.15,Low,0.032
LN102249,2023-03-12,46,32100,7.9,593000,48,12.51,685,55.0,0,451000,131.5,1,Business,Government,North,1,15764.87,0,0,0,34.55,Moderate,0.1536
LN100190,2023-03-13,34,47900,11.4,749000,84,11.97,766,37.1,0,801000,93.5,0,Education,Salaried,South,1,13209.88,0,0,0,22.88,Low,0.0184
LN100469,2023-03-13,33,69000,4.5,320000,84,14.66,843,44.1,1,330000,97.0,2,Business,Salaried,North,1,6114.08,0,0,0,22.56,Low,0.0173
LN101347,2023-03-13,46,119700,7.0,470000,48,8.94,653,26.7,2,390000,120.5,1,Home,Contract,Central,2,11682.58,0,0,0,35.15,Moderate,0.1504
LN101475,2023-03-13,44,87400,6.2,458000,60,11.92,689,31.8,0,673000,68.1,2,Home,Salaried,West,0,10169.45,0,0,0,21.69,Low,0.0188
LN104851,2023-03-13,61,60300,15.8,219000,72,8.55,641,35.0,0,213000,102.8,0,Business,Salaried,West,2,3898.86,5,0,0,31.68,Moderate,0.0815
LN104898,2023-03-14,44,141000,6.5,257000,12,8.73,629,14.2,0,336000,76.5,2,Personal,Salaried,South,1,22442.86,0,0,0,23.86,Low,0.0287
LN102876,2023-03-14,30,48900,3.6,389000,72,17.03,775,34.8,1,377000,103.2,5,Personal,Salaried,North,1,8660.26,60,1,0,24.92,Low,0.0282
LN100879,2023-03-14,49,75800,25.7,530000,24,10.98,742,37.0,0,589000,90.0,5,Home,Salaried,East,4,24697.23,0,0,0,28.78,Moderate,0.0299
LN102762,2023-03-14,46,39700,10.7,810000,60,11.05,689,32.0,1,590000,137.3,1,Home,Salaried,South,1,17631.57,10,0,0,32.32,Moderate,0.084
LN101869,2023-03-15,34,34500,10.0,499000,36,6.83,730,16.6,0,795000,62.8,2,Personal,Contract,South,1,15368.92,15,0,0,17.62,Low,0.0121
LN102255,2023-03-15,41,155700,1.4,223000,48,9.82,628,46.5,0,243000,91.8,2,Personal,Salaried,North,0,6033.38,10,0,0,30.23,Moderate,0.0988
LN104342,2023-03-15,56,127100,7.0,1072000,60,9.44,628,41.6,0,1744000,61.5,4,Personal,Government,North,0,22482.58,15,0,0,26.22,Moderate,0.0469
LN102005,2023-03-15,40,94400,6.6,198000,12,10.65,614,48.6,1,265000,74.7,1,Home,Salaried,Central,1,17467.26,0,0,0,33.35,Moderate,0.1068
LN100826,2023-03-15,52,61700,8.9,180000,48,9.92,673,23.1,0,167000,107.8,0,Auto,Government,North,0,4558.35,5,0,0,24.77,Low,0.0315
LN101325,2023-03-15,21,33000,7.2,1262000,60,14.08,701,23.7,0,1415000,89.2,2,Business,Salaried,Central,3,29416.9,0,0,0,26.55,Moderate,0.0338
LN101530,2023-03-16,39,85800,5.5,390000,72,13.06,702,47.1,0,286000,136.4,1,Personal,Self-employed,South,0,7841.26,0,0,0,30.9,Moderate,0.1225
LN100556,2023-03-16,34,67400,7.7,2752000,60,12.27,743,31.6,0,2934000,93.8,0,Business,Government,South,1,61592.86,0,0,0,23.03,Low,0.0223
LN103220,2023-03-16,29,29400,2.7,326000,36,9.8,750,64.8,1,327000,99.7,1,Home,Salaried,West,2,10488.52,15,0,0,33.56,Moderate,0.0973
LN103912,2023-03-16,47,58400,13.9,635000,24,13.2,668,41.8,1,644000,98.6,3,Auto,Salaried,Central,3,30248.74,0,0,0,34.86,Moderate,0.0979
LN100567,2023-03-17,29,90600,18.7,236000,48,8.26,617,46.3,1,373000,63.3,0,Personal,Contract,South,2,5790.3,0,0,0,33.26,Moderate,0.1223
LN102277,2023-03-17,28,62900,9.8,201000,60,11.86,699,26.1,0,320000,62.8,2,Home,Salaried,North,2,4456.93,0,0,0,22.83,Low,0.0172
LN100577,2023-03-17,45,71300,14.5,455000,72,12.51,669,13.6,1,408000,111.5,0,Auto,Salaried,South,1,9016.47,0,0,0,27.12,Moderate,0.0337
LN102498,2023-03-17,45,17200,16.7,770000,60,10.81,763,21.2,0,791000,97.3,2,Home,Salaried,Central,1,16668.8,20,0,0,20.24,Low,0.0108
LN100490,2023-03-18,38,53400,4.5,207000,72,7.27,738,48.8,1,314000,65.9,0,Personal,Salaried,North,2,3556.04,15,0,0,27.61,Moderate,0.0398
LN102780,2023-03-18,46,54000,6.1,147000,24,13.03,731,31.7,1,140000,105.0,2,Personal,Self-employed,South,3,6990.72,20,0,0,30.14,Moderate,0.0671
LN100518,2023-03-18,39,35900,6.2,1038000,36,13.35,560,5.0,0,1413000,73.5,1,Auto,Salaried,East,3,35149.57,0,0,0,28.7,Moderate,0.049
LN104549,2023-03-18,36,24300,3.0,374000,84,13.24,744,19.5,0,303000,123.4,3,Home,Self-employed,West,0,6852.69,0,0,0,21.85,Low,0.0248
LN103956,2023-03-18,37,37200,19.3,575000,48,9.08,681,47.9,1,1019000,56.4,1,Home,Contract,South,3,14330.75,0,0,0,31.17,Moderate,0.0674
LN104336,2023-03-18,23,126800,2.2,952000,24,14.08,791,18.4,0,1008000,94.4,2,Business,Salaried,North,2,45744.25,5,0,0,19.58,Low,0.0115
LN103075,2023-03-18,54,70000,4.5,274000,60,10.24,800,64.7,0,264000,103.8,1,Home,Contract,North,2,5854.1,0,0,0,29.3,Moderate,0.0735
LN102267,2023-03-19,41,67500,6.6,629000,60,12.44,783,15.9,1,478000,131.6,1,Auto,Salaried,East,1,14132.01,0,0,0,23.55,Low,0.0192
LN104407,2023-03-19,35,53000,5.0,767000,60,12.7,642,46.7,3,561000,136.7,1,Education,Salaried,Central,1,17334.04,15,0,0,41.69,Moderate,0.2829
LN104182,2023-03-19,30,58600,3.5,486000,84,8.08,637,32.2,1,823000,59.1,2,Home,Salaried,Central,1,7594.29,0,0,0,27.29,Moderate,0.0406
LN104974,2023-03-19,25,134500,4.6,1137000,84,13.65,682,20.0,2,1992000,57.1,1,Auto,Self-employed,North,0,21088.17,0,0,0,22.6,Low,0.0208
LN101054,2023-03-19,33,76600,7.7,69000,84,12.06,774,36.6,2,61000,113.1,4,Home,Salaried,Central,1,2336.3,20,0,0,28.32,Moderate,0.0367
LN100164,2023-03-19,47,95200,21.5,333000,84,13.47,746,20.3,0,445000,74.8,3,Personal,Salaried,Central,1,6143.34,0,0,0,18.71,Low,0.0087
LN103884,2023-03-19,37,149700,8.9,789000,48,16.58,791,47.6,1,991000,79.6,0,Personal,Salaried,East,3,22595.55,0,0,0,27.6,Moderate,0.0325
LN102892,2023-03-20,45,36600,9.5,579000,24,11.61,739,23.4,0,622000,93.1,1,Personal,Contract,West,2,27150.21,0,0,0,23.2,Low,0.0288
LN103635,2023-03-20,40,37100,24.0,532000,60,10.15,748,16.2,0,390000,136.4,4,Personal,Salaried,North,1,11342.73,0,0,0,23.95,Low,0.0213
LN104415,2023-03-21,43,42300,3.4,438000,24,12.12,682,33.2,1,327000,133.9,1,Home,Salaried,East,1,20642.73,0,0,0,32.59,Moderate,0.0972
LN104819,2023-03-21,35,110700,12.8,264000,60,11.1,763,19.1,0,412000,64.1,4,Auto,Salaried,Central,3,5753.17,0,0,0,19.84,Low,0.0084
LN104185,2023-03-21,41,63000,8.2,1329000,72,14.1,646,51.3,1,1055000,126.0,0,Home,Salaried,Central,1,27456.24,0,0,0,37.33,Moderate,0.1901
LN103035,2023-03-21,42,168600,5.9,800000,60,9.64,706,41.0,1,912000,87.7,1,Home,Self-employed,West,1,16856.28,0,0,0,28.26,Moderate,0.0549
LN101003,2023-03-21,32,50000,5.6,973000,48,13.38,657,44.5,2,714000,136.3,0,Education,Government,North,2,26287.04,0,0,0,40.08,Moderate,0.2327
LN101419,2023-03-21,43,58200,6.9,123000,72,8.93,708,36.6,0,177000,69.5,2,Auto,Salaried,North,0,2212.87,0,0,0,21.79,Low,0.0187
LN101678,2023-03-22,47,47500,19.9,568000,60,16.09,703,45.7,0,474000,119.8,2,Personal,Self-employed,South,1,13839.83,0,0,0,30.57,Moderate,0.0861
LN104401,2023-03-22,48,53800,14.3,704000,60,9.85,655,51.2,0,1061000,66.4,1,Personal,Self-employed,Central,2,14906.01,0,0,0,30.54,Moderate,0.0841
LN103256,2023-03-22,30,111400,6.6,234000,36,11.24,767,61.2,1,403000,58.1,1,Home,Government,East,0,7687.48,0,0,0,24.44,Low,0.0243
LN102645,2023-03-22,31,49900,1.9,259000,84,12.83,783,42.6,1,315000,82.2,2,Business,Salaried,West,2,4687.81,0,0,0,25.62,Moderate,0.0283
LN101290,2023-03-22,41,57900,11.8,207000,48,14.72,713,61.1,1,276000,75.0,2,Auto,Salaried,East,0,5731.63,0,0,0,28.97,Moderate,0.0508
LN102103,2023-03-22,48,56300,8.4,421000,48,12.93,813,46.1,1,620000,67.9,2,Education,Contract,Central,0,11279.75,0,0,0,19.97,Low,0.0151
LN103866,2023-03-23,41,74300,17.4,273000,36,14.81,735,5.0,1,431000,63.3,2,Auto,Salaried,West,1,9438.25,10,0,0,17.08,Low,0.0053
LN103160,2023-03-23,33,60700,4.4,857000,60,7.84,721,28.0,1,1525000,56.2,2,Home,Salaried,South,1,17311.32,0,0,0,21.72,Low,0.0146
LN100815,2023-03-23,25,90300,5.9,130000,84,8.92,760,32.4,1,127000,102.4,3,Personal,Salaried,East,2,2438.1,0,0,0,26.82,Moderate,0.0342
LN101845,2023-03-23,29,80200,4.1,518000,60,11.64,631,58.6,0,355000,145.9,1,Personal,Contract,West,2,11428.61,75,1,0,41.24,Moderate,0.4565
LN102536,2023-03-23,47,52800,8.6,881000,60,13.29,597,37.8,0,1198000,73.5,1,Personal,Salaried,East,1,20176.49,0,0,0,29.97,Moderate,0.0785
LN101870,2023-03-23,28,79100,8.8,1000000,72,12.54,629,40.9,1,1591000,62.9,0,Home,Salaried,East,2,19832.14,5,0,0,31.5,Moderate,0.0686
LN104726,2023-03-24,40,65100,6.1,242000,72,14.71,658,12.1,1,392000,61.7,2,Home,Government,North,0,5079.06,0,0,0,20.75,Low,0.0141
LN102714,2023-03-24,41,121300,6.7,1293000,60,9.07,745,24.4,0,2292000,56.4,1,Personal,Self-employed,North,2,26884.5,0,0,0,19.41,Low,0.0135
LN100789,2023-03-24,23,68000,12.9,638000,60,12.38,648,32.5,0,856000,74.5,3,Personal,Government,South,0,14314.77,0,0,0,24.64,Low,0.0328
LN104973,2023-03-24,21,86900,16.6,283000,60,13.0,657,60.0,0,415000,68.2,3,Education,Salaried,Central,1,6439.12,0,0,0,30.7,Moderate,0.0678
LN104756,2023-03-24,25,94200,11.8,264000,60,14.94,604,30.3,0,464000,56.9,1,Personal,Salaried,Central,1,6272.23,0,0,0,26.44,Moderate,0.0414
LN103164,2023-03-24,28,27800,10.8,548000,84,11.55,664,49.2,0,972000,56.4,1,Personal,Salaried,North,0,9542.32,0,0,0,25.33,Moderate,0.0372
LN104254,2023-03-24,40,72200,16.5,977000,24,7.52,704,37.6,0,1225000,79.8,0,Auto,Salaried,South,0,43973.49,0,0,0,23.23,Low,0.0209
LN100742,2023-03-25,32,65600,4.1,210000,60,13.48,645,40.9,0,294000,71.4,3,Personal,Self-employed,South,1,4829.9,0,0,0,27.84,Moderate,0.0701
LN100740,2023-03-25,21,76500,9.8,839000,48,11.49,586,47.7,0,1095000,76.6,2,Personal,Contract,East,3,21884.58,90,1,1,36.18,Moderate,0.2212
LN101965,2023-03-25,39,84100,4.5,705000,36,8.94,736,21.4,0,669000,105.4,1,Personal,Salaried,East,1,22399.13,0,0,0,22.52,Low,0.0221
LN103048,2023-03-25,42,34900,9.9,357000,48,11.72,594,7.5,1,357000,100.0,1,Auto,Salaried,West,3,9352.17,0,0,0,32.05,Moderate,0.0694
LN104680,2023-03-25,36,53700,14.7,278000,72,13.98,651,50.7,0,288000,96.5,3,Personal,Salaried,Central,0,5725.42,0,0,0,30.33,Moderate,0.0825
LN103036,2023-03-26,35,30800,11.9,1054000,72,12.31,690,55.5,1,1446000,72.9,1,Business,Contract,North,1,20776.21,5,0,0,30.53,Moderate,0.0908
LN100513,2023-03-26,30,73600,6.2,1323000,24,18.43,739,22.9,1,1803000,73.4,2,Home,Salaried,East,3,66324.79,0,0,0,24.8,Low,0.0193
LN104108,2023-03-26,36,135600,5.8,647000,72,11.4,668,29.5,0,757000,85.5,2,Personal,Salaried,South,0,12448.01,0,0,0,24.09,Low,0.0328
LN102384,2023-03-27,38,57700,14.6,1301000,36,13.27,717,50.4,0,1293000,100.6,2,Auto,Contract,North,0,44005.22,0,0,0,27.18,Moderate,0.0587
LN101232,2023-03-27,37,59500,7.6,497000,72,10.67,693,30.3,0,417000,119.2,2,Home,Salaried,Central,0,9376.15,0,0,0,26.29,Moderate,0.0412
LN101252,2023-03-27,21,230600,5.6,273000,36,12.69,763,22.3,2,320000,85.3,1,Auto,Government,West,4,9157.74,0,0,0,28.26,Moderate,0.0269
LN104480,2023-03-27,27,86000,6.9,378000,72,10.81,579,5.6,0,529000,71.5,1,Business,Salaried,East,2,7158.15,5,0,0,25.95,Moderate,0.037
LN103668,2023-03-28,37,78200,22.2,195000,36,8.58,685,83.5,1,282000,69.1,0,Personal,Contract,South,2,6162.9,5,0,0,37.68,Moderate,0.2147
LN103437,2023-03-28,27,71400,3.4,536000,48,10.65,734,40.1,0,800000,67.0,2,Personal,Salaried,South,2,13762.27,5,0,0,24.19,Low,0.0263
LN103345,2023-03-28,53,76200,4.2,621000,72,11.33,792,35.9,0,687000,90.4,3,Personal,Self-employed,North,0,11925.39,0,0,0,19.29,Low,0.0168
LN103087,2023-03-28,49,57200,4.8,356000,36,13.55,775,53.9,0,430000,82.8,3,Home,Salaried,West,1,12089.57,0,0,0,24.7,Low,0.0272
LN102697,2023-03-29,26,33100,16.1,220000,84,16.23,707,35.2,1,254000,86.6,3,Home,Self-employed,North,3,4398.52,0,0,0,30.27,Moderate,0.0536
LN100727,2023-03-29,41,58200,7.4,304000,60,9.12,766,29.1,0,216000,140.7,1,Home,Salaried,South,1,6328.26,0,0,0,26.0,Moderate,0.0339
LN100313,2023-03-29,45,71200,5.9,192000,12,15.35,788,18.3,0,256000,75.0,1,Business,Government,North,3,17361.32,15,0,0,19.44,Low,0.0095
LN103201,2023-03-29,42,117700,6.2,309000,36,7.57,715,21.7,0,469000,65.9,4,Education,Salaried,North,1,9621.76,0,0,0,19.74,Low,0.0118
LN103854,2023-03-30,35,60500,6.4,1793000,72,11.83,817,18.0,2,2010000,89.2,0,Auto,Salaried,West,1,34895.19,10,0,0,19.93,Low,0.0085
LN103824,2023-03-30,32,99300,14.8,627000,48,11.87,777,33.9,1,1080000,58.1,1,Education,Self-employed,West,0,16471.32,30,0,0,18.45,Low,0.0095
LN102729,2023-03-30,34,70400,11.6,597000,12,9.43,714,42.2,0,805000,74.2,3,Business,Salaried,Central,0,52327.65,0,0,0,23.06,Low,0.0239
LN101241,2023-03-30,36,41400,9.3,381000,48,9.13,723,46.3,1,313000,121.7,1,Auto,Salaried,North,2,9504.74,30,0,0,33.49,Moderate,0.0904
LN102532,2023-03-30,43,67800,10.7,844000,72,10.38,739,34.4,0,1217000,69.4,1,Business,Government,North,0,15798.02,0,0,0,19.7,Low,0.0133
LN101972,2023-03-31,44,162700,16.6,2302000,48,7.18,729,26.7,0,3149000,73.1,1,Home,Self-employed,South,2,55316.7,20,0,0,22.39,Low,0.0177
LN101349,2023-03-31,36,46000,11.8,153000,72,10.8,756,41.5,0,109000,140.4,1,Auto,Self-employed,Central,2,2896.57,45,1,0,30.65,Moderate,0.0768
LN101203,2023-03-31,43,159300,1.7,194000,72,10.08,762,14.7,0,164000,118.3,3,Personal,Salaried,West,1,3601.84,0,0,0,21.1,Low,0.0178
LN101597,2023-03-31,57,48600,8.9,589000,84,9.48,784,28.1,2,419000,140.6,1,Personal,Salaried,North,1,9620.57,0,0,0,28.84,Moderate,0.0444
LN103997,2023-03-31,35,139300,7.0,191000,48,13.03,643,21.2,0,126000,151.6,1,Personal,Salaried,North,0,5126.9,0,0,0,30.2,Moderate,0.095
LN103196,2023-03-31,44,88500,4.1,930000,60,12.32,702,21.7,0,1555000,59.8,1,Home,Salaried,North,3,20838.04,0,0,0,23.16,Low,0.0177
LN103204,2023-03-31,29,53700,7.3,357000,60,8.28,687,31.6,1,619000,57.7,2,Personal,Salaried,North,0,7286.61,0,0,0,22.72,Low,0.0214
LN104073,2023-04-01,37,132900,2.5,211000,48,9.14,672,29.8,0,160000,131.9,0,Auto,Salaried,North,1,5264.78,0,0,0,30.24,Moderate,0.078
LN100196,2023-04-01,30,106500,11.9,281000,36,9.82,775,36.9,2,312000,90.1,3,Auto,Self-employed,West,1,9043.35,0,0,0,26.03,Moderate,0.0286
LN101441,2023-04-01,49,61100,7.4,411000,60,11.47,850,28.5,0,447000,91.9,2,Personal,Salaried,South,4,9032.77,10,0,0,21.56,Low,0.0118
LN101255,2023-04-01,27,22600,4.4,364000,84,12.83,622,12.6,0,411000,88.6,0,Home,Self-employed,West,2,6588.28,0,0,0,26.78,Moderate,0.0483
LN103953,2023-04-01,43,50000,10.3,360000,36,10.57,762,16.5,0,548000,65.7,2,Personal,Self-employed,South,0,11712.77,75,1,0,14.53,Low,0.0068
LN101855,2023-04-01,32,146500,6.4,349000,60,9.15,724,38.3,2,605000,57.7,1,Personal,Government,Central,1,7270.1,10,0,0,25.77,Moderate,0.0275
LN103269,2023-04-01,44,95100,3.3,546000,60,8.38,673,21.3,0,438000,124.7,0,Home,Salaried,Central,2,11170.47,0,0,0,29.43,Moderate,0.0607
LN102063,2023-04-02,37,68800,5.9,281000,48,12.09,694,21.7,0,350000,80.3,0,Auto,Self-employed,North,0,7412.23,0,0,0,20.63,Low,0.0196
LN100768,2023-04-02,32,71700,13.8,318000,36,15.19,669,30.0,0,532000,59.8,2,Business,Salaried,Central,1,11053.19,5,0,0,23.23,Low,0.0219
LN103902,2023-04-02,53,40700,10.2,335000,60,14.53,704,41.0,1,244000,137.3,1,Personal,Salaried,West,2,7887.22,0,0,0,34.99,Moderate,0.1282
LN100502,2023-04-02,25,70400,5.0,340000,60,13.36,624,24.9,0,568000,59.9,2,Auto,Salaried,North,0,7798.85,0,0,0,22.93,Low,0.0247
LN101736,2023-04-02,29,96000,4.3,704000,48,10.43,717,38.8,0,645000,109.1,2,Personal,Salaried,East,1,18000.99,0,0,0,27.38,Moderate,0.051
LN103527,2023-04-03,57,72000,11.3,472000,36,11.04,767,50.5,0,767000,61.5,4,Home,Salaried,East,4,15461.62,0,0,0,27.31,Moderate,0.0278
LN103316,2023-04-03,38,59400,8.7,207000,48,10.78,818,19.9,1,197000,105.1,0,Education,Salaried,East,2,5327.93,0,0,0,21.52,Low,0.0113
LN101500,2023-04-04,45,117200,10.7,493000,60,8.46,729,26.8,2,393000,125.4,0,Home,Government,North,3,10105.15,0,0,0,33.31,Moderate,0.0675
LN103356,2023-04-04,39,63300,2.0,229000,60,12.55,683,42.6,0,329000,69.6,0,Personal,Salaried,East,2,5157.85,0,0,0,27.65,Moderate,0.0499
LN102792,2023-04-04,34,41700,2.2,659000,36,12.73,663,33.2,1,821000,80.3,2,Personal,Salaried,South,1,22118.71,0,0,0,28.24,Moderate,0.0539
LN104080,2023-04-04,44,61700,6.3,327000,84,13.58,813,33.1,0,538000,60.8,1,Personal,Salaried,East,1,6052.37,0,0,0,16.33,Low,0.0068
LN103008,2023-04-04,48,55900,18.1,519000,24,8.09,635,26.9,1,705000,73.6,2,Auto,Self-employed,East,1,23494.27,0,0,0,27.79,Moderate,0.0446
LN104699,2023-04-04,34,31800,11.9,480000,36,9.46,787,52.5,0,352000,136.4,2,Education,Salaried,West,1,15366.84,0,0,0,29.14,Moderate,0.0529
LN100850,2023-04-05,32,73000,9.0,395000,24,15.16,736,28.5,1,543000,72.7,1,Auto,Contract,West,2,19182.27,10,0,0,24.34,Low,0.0269
LN101935,2023-04-05,24,81900,5.9,727000,48,12.08,503,41.4,1,622000,116.9,3,Personal,Government,West,4,19173.27,0,0,0,47.01,Moderate,0.5411
LN104291,2023-04-05,34,76400,4.6,183000,84,13.46,800,18.5,0,168000,108.9,3,Personal,Salaried,South,0,3375.06,10,0,0,17.24,Low,0.0095
LN100580,2023-04-05,41,161800,7.1,354000,48,8.3,658,12.3,0,393000,90.1,2,Personal,Contract,South,0,8692.11,0,0,0,21.63,Low,0.0301
LN104266,2023-04-05,41,57700,14.3,403000,48,9.24,646,34.1,1,485000,83.1,3,Personal,Contract,Central,2,10074.66,0,0,0,31.26,Moderate,0.094
LN101353,2023-04-05,45,92500,22.0,117000,48,7.64,812,17.7,0,168000,69.6,0,Education,Government,East,0,2836.58,20,0,0,12.51,Low,0.0028
LN103557,2023-04-06,39,182300,14.6,899000,36,8.75,766,42.1,1,944000,95.2,2,Business,Salaried,West,0,28483.47,0,0,0,24.39,Low,0.0241
LN104544,2023-04-07,41,127800,12.9,281000,36,15.87,699,60.1,0,276000,101.8,2,Auto,Government,Central,1,9861.1,0,0,0,31.86,Moderate,0.0849
LN101084,2023-04-08,41,62100,4.6,334000,72,10.93,766,33.2,1,589000,56.7,1,Business,Salaried,Central,0,6345.41,0,0,0,18.76,Low,0.0104
LN103072,2023-04-08,40,48300,2.7,255000,48,7.99,760,31.3,0,333000,76.6,1,Home,Salaried,East,0,6224.1,0,0,0,18.68,Low,0.0112
LN100411,2023-04-08,28,50600,8.7,154000,36,14.32,742,45.5,1,187000,82.4,2,Education,Self-employed,South,1,5287.32,0,0,0,26.72,Moderate,0.0397
LN102401,2023-04-08,40,85600,5.4,387000,36,8.71,716,40.9,0,637000,60.8,1,Education,Salaried,East,1,12254.33,0,0,0,23.02,Low,0.0209
LN104834,2023-04-08,21,183800,12.6,416000,72,12.07,699,40.1,0,343000,121.3,0,Business,Self-employed,South,1,8148.03,0,0,0,29.81,Moderate,0.083
LN100875,2023-04-08,54,40600,11.0,528000,60,9.47,724,9.9,0,743000,71.1,1,Business,Government,East,5,11081.24,0,0,0,24.09,Low,0.0165
LN100367,2023-04-08,38,56200,9.3,135000,72,7.01,730,28.6,1,173000,78.0,4,Personal,Self-employed,Central,0,2302.26,0,0,0,21.87,Low,0.0218
LN104956,2023-04-09,36,78500,4.9,186000,60,9.92,702,26.7,0,181000,102.8,0,Home,Salaried,North,1,3944.63,30,0,0,25.12,Moderate,0.0311
LN100836,2023-04-09,52,26100,14.4,1020000,36,11.15,850,37.3,2,1315000,77.6,1,Business,Self-employed,North,4,33465.99,15,0,0,25.89,Moderate,0.0202
LN104363,2023-04-09,49,69500,5.1,198000,84,12.25,720,40.7,0,328000,60.4,2,Auto,Salaried,South,1,3521.77,0,0,0,22.73,Low,0.0199
LN100474,2023-04-09,53,59900,5.7,151000,72,13.33,739,18.6,1,164000,92.1,4,Home,Salaried,East,3,3057.55,0,0,0,25.81,Moderate,0.0233
LN100922,2023-04-09,39,88500,7.5,195000,36,13.12,833,16.0,1,151000,129.1,1,Education,Salaried,East,1,6581.6,0,0,0,20.68,Low,0.0111
LN103118,2023-04-10,47,58100,18.1,1159000,72,15.75,656,38.4,0,1668000,69.5,2,Personal,Salaried,Central,1,24981.58,0,0,0,26.57,Moderate,0.0375
LN103293,2023-04-10,41,186000,12.5,1042000,60,9.12,687,48.2,1,1327000,78.5,0,Education,Contract,South,1,21690.94,0,0,0,29.79,Moderate,0.0733
LN104179,2023-04-10,35,52200,13.2,3047000,36,9.04,681,18.1,0,4892000,62.3,0,Personal,Salaried,West,2,96950.52,0,0,0,22.13,Low,0.0166
LN101129,2023-04-10,41,32300,5.0,224000,72,8.84,649,36.0,2,218000,102.8,2,Home,Government,South,1,4019.96,0,0,0,33.79,Moderate,0.1011
LN101239,2023-04-10,53,77300,11.6,251000,72,12.08,816,14.9,0,429000,58.5,2,Home,Salaried,East,1,4917.55,10,0,0,12.3,Low,0.0028
LN104943,2023-04-11,31,156500,8.4,285000,12,12.92,787,5.2,1,208000,137.0,1,Auto,Salaried,North,0,25444.73,75,1,0,20.08,Low,0.0115
LN102387,2023-04-11,30,75600,10.7,250000,60,11.91,645,20.5,2,168000,148.8,3,Auto,Government,Central,2,5549.75,0,0,0,37.17,Moderate,0.1462
LN103650,2023-04-12,42,38500,7.3,233000,60,11.37,687,37.7,1,363000,64.2,2,Education,Salaried,East,3,5109.08,0,0,0,29.59,Moderate,0.0442
LN100143,2023-04-12,40,53500,7.3,496000,72,11.02,648,31.8,2,441000,112.5,1,Home,Salaried,North,1,9445.98,0,0,0,33.97,Moderate,0.1014
LN100086,2023-04-12,46,64500,10.7,349000,36,10.95,651,54.3,0,472000,73.9,0,Auto,Government,North,0,11417.55,0,0,0,28.79,Moderate,0.0601
LN101324,2023-04-12,39,51300,20.3,548000,84,10.23,646,29.2,1,983000,55.7,1,Education,Salaried,East,0,9162.71,0,0,0,24.21,Low,0.0208
LN101628,2023-04-12,39,48900,11.7,362000,24,9.99,709,39.6,0,402000,90.0,0,Business,Government,East,0,16702.79,0,0,0,24.38,Low,0.0302
LN102986,2023-04-12,37,72300,10.2,330000,48,9.43,702,38.3,2,266000,124.1,3,Home,Salaried,Central,3,8279.61,0,0,0,36.91,Moderate,0.1225
LN103334,2023-04-12,51,106600,3.1,234000,24,13.85,682,17.3,3,270000,86.7,2,Personal,Contract,East,1,11218.44,120,1,1,28.69,Moderate,0.0595
LN104598,2023-04-12,42,85400,7.4,532000,24,13.64,650,61.9,0,354000,150.3,1,Personal,Salaried,West,2,25452.47,15,0,0,41.3,Moderate,0.3614
LN102303,2023-04-13,40,76500,7.2,368000,72,12.51,697,39.9,0,302000,121.9,1,Home,Salaried,Central,1,7292.44,0,0,0,29.94,Moderate,0.068
LN103258,2023-04-13,49,55700,5.5,278000,72,10.09,720,52.1,0,297000,93.6,1,Home,Contract,East,2,5162.81,0,0,0,30.0,Moderate,0.0852
LN100654,2023-04-13,61,42700,12.8,285000,60,9.33,674,32.7,0,395000,72.2,0,Home,Salaried,Central,0,5961.88,15,0,0,23.08,Low,0.0219
LN100390,2023-04-13,30,46500,8.2,586000,72,9.06,779,40.4,0,715000,82.0,2,Business,Salaried,Central,2,10580.42,0,0,0,23.37,Low,0.0204
LN102395,2023-04-13,25,26900,8.2,931000,60,10.73,786,40.0,1,1398000,66.6,2,Business,Self-employed,Central,0,20117.06,30,0,0,20.05,Low,0.0152
LN100233,2023-04-13,32,57500,7.8,396000,48,9.73,687,56.7,0,669000,59.2,1,Personal,Salaried,East,1,9992.31,0,0,0,27.56,Moderate,0.0499
LN103968,2023-04-13,56,84000,4.5,567000,60,6.5,736,52.5,0,640000,88.6,4,Auto,Salaried,Central,3,11094.01,0,0,0,30.4,Moderate,0.0592
LN101852,2023-04-14,27,66000,3.3,420000,84,9.44,644,28.9,1,543000,77.3,1,Auto,Government,West,0,6851.57,0,0,0,26.42,Moderate,0.0393
LN101798,2023-04-14,48,56800,14.9,1077000,36,13.47,705,18.3,2,1771000,60.8,5,Business,Salaried,North,0,36532.68,120,1,1,21.42,Low,0.0128
LN102326,2023-04-15,28,114400,11.0,628000,84,10.5,797,28.5,0,531000,118.3,1,Personal,Self-employed,North,1,10588.5,0,0,0,22.0,Low,0.0219
LN103449,2023-04-16,34,76200,12.3,158000,24,9.68,775,51.4,1,230000,68.7,1,Auto,Self-employed,North,1,7267.58,0,0,0,24.79,Low,0.0264
LN103915,2023-04-16,37,80000,13.7,518000,48,11.79,746,28.3,0,796000,65.1,2,Business,Salaried,West,0,13587.58,0,0,0,17.68,Low,0.0089
LN102971,2023-04-17,37,88600,5.2,566000,36,9.99,628,34.1,0,579000,97.8,2,Education,Contract,West,1,18260.57,0,0,0,30.02,Moderate,0.1012
LN102978,2023-04-17,43,67700,8.0,266000,60,6.98,797,22.0,0,231000,115.2,0,Education,Salaried,North,0,5264.61,0,0,0,18.73,Low,0.0104
LN100008,2023-04-17,34,45700,12.7,897000,84,8.59,693,31.2,1,887000,101.1,1,Auto,Salaried,Central,1,14245.96,90,1,1,28.33,Moderate,0.0415
LN101153,2023-04-17,26,42800,19.3,689000,72,14.08,686,45.4,1,1001000,68.8,0,Personal,Self-employed,South,2,14226.89,0,0,0,29.98,Moderate,0.0611
LN104739,2023-04-17,44,79000,12.4,200000,72,7.42,749,50.9,0,290000,69.0,0,Personal,Salaried,North,1,3450.28,0,0,0,24.09,Low,0.025
LN103101,2023-04-17,46,46900,5.6,324000,36,7.8,700,18.8,1,414000,78.3,2,Personal,Self-employed,Central,1,10123.12,0,0,0,23.2,Low,0.0264
LN101345,2023-04-18,25,67400,9.7,475000,72,8.65,760,21.2,1,741000,64.1,3,Personal,Self-employed,Central,1,8479.85,0,0,0,19.08,Low,0.0117
LN100717,2023-04-18,39,57300,2.1,279000,48,10.8,675,35.9,0,301000,92.7,1,Education,Salaried,West,0,7183.83,0,0,0,25.71,Moderate,0.0404
LN104488,2023-04-18,46,51600,9.3,981000,36,10.87,672,38.0,0,1507000,65.1,0,Auto,Salaried,East,2,32056.32,0,0,0,26.87,Moderate,0.0353
LN103227,2023-04-18,49,185600,6.0,478000,60,12.84,718,31.6,0,436000,109.6,4,Auto,Salaried,South,2,10836.86,0,0,0,27.6,Moderate,0.0414
LN101466,2023-04-19,53,43200,14.3,1106000,36,12.91,732,36.8,0,1312000,84.3,3,Auto,Salaried,Central,0,37217.58,0,0,0,22.04,Low,0.0173
LN101952,2023-04-19,30,32200,3.8,2306000,36,17.12,690,5.0,0,2100000,109.8,1,Personal,Contract,North,0,82352.97,0,0,0,20.45,Low,0.0254
LN104190,2023-04-19,42,41400,7.9,526000,84,9.54,842,37.4,1,611000,86.1,2,Personal,Salaried,South,1,8607.71,0,0,0,20.18,Low,0.0111
LN103522,2023-04-20,29,51300,18.0,378000,36,11.15,649,50.8,1,635000,59.5,0,Personal,Salaried,North,2,12402.1,5,0,0,32.08,Moderate,0.073
LN104117,2023-04-20,21,92200,4.1,165000,60,13.78,695,49.1,0,224000,73.7,1,Auto,Government,East,1,3820.47,0,0,0,27.06,Moderate,0.0433
LN102581,2023-04-20,42,89500,6.4,1502000,72,12.42,802,39.2,1,1274000,117.9,0,Personal,Salaried,West,2,29693.47,0,0,0,27.5,Moderate,0.0373
LN104337,2023-04-20,43,58700,3.1,365000,36,12.99,765,19.4,2,588000,62.1,1,Education,Self-employed,North,1,12296.53,0,0,0,20.26,Low,0.012
LN104975,2023-04-20,26,50100,12.8,1512000,60,8.55,727,34.9,0,1749000,86.4,2,Auto,Salaried,North,2,31057.44,20,0,0,25.47,Moderate,0.0257
LN101637,2023-04-20,42,34600,4.5,1148000,72,13.3,774,19.3,0,1308000,87.8,0,Business,Salaried,Central,3,23227.24,0,0,0,21.66,Low,0.0145
LN101543,2023-04-20,34,59700,13.6,340000,48,9.66,832,31.0,0,538000,63.2,3,Personal,Salaried,North,0,8567.87,0,0,0,13.47,Low,0.0041
LN100284,2023-04-20,57,141400,13.7,169000,72,11.91,783,58.8,0,245000,69.0,1,Education,Contract,North,1,6928.6,0,0,0,23.87,Low,0.0289
LN102591,2023-04-21,34,87000,6.8,316000,24,13.57,678,12.7,0,332000,95.2,2,Business,Salaried,Central,0,15107.96,0,0,0,21.17,Low,0.0192
LN103277,2023-04-21,39,94600,4.2,552000,48,11.82,782,11.0,0,991000,55.7,1,Personal,Salaried,East,2,14487.54,0,0,0,14.7,Low,0.0048
LN102415,2023-04-21,40,27900,5.6,1535000,48,10.91,618,36.6,0,1749000,87.8,1,Education,Salaried,West,3,39605.82,5,0,0,33.38,Moderate,0.1022
LN102279,2023-04-21,42,94100,7.8,229000,36,15.47,788,21.5,2,345000,66.4,1,Personal,Self-employed,North,3,7991.17,0,0,0,23.22,Low,0.0166
LN101095,2023-04-21,37,92600,2.9,749000,60,11.23,757,40.7,0,580000,129.1,0,Home,Salaried,Central,0,16371.12,0,0,0,25.97,Moderate,0.0401
LN101428,2023-04-21,36,124400,3.3,325000,60,7.66,697,13.0,1,226000,143.8,1,Auto,Salaried,East,2,6537.07,0,0,0,30.41,Moderate,0.0615
LN104696,2023-04-21,43,69000,8.8,1067000,72,12.7,724,37.5,0,1666000,64.0,2,Business,Salaried,North,1,21250.5,0,0,0,22.24,Low,0.0191
LN100402,2023-04-21,38,84000,6.1,1576000,72,10.59,736,49.6,0,1227000,128.4,0,Personal,Self-employed,East,1,29667.8,0,0,0,30.46,Moderate,0.1003
LN104136,2023-04-22,37,59200,13.1,910000,48,14.53,702,51.8,1,701000,129.8,0,Education,Salaried,Central,2,25109.71,90,1,1,36.51,Moderate,0.1398
LN101529,2023-04-22,28,44200,6.8,552000,72,11.5,733,21.0,0,911000,60.6,0,Home,Salaried,West,2,10648.72,0,0,0,19.79,Low,0.0104
LN102867,2023-04-22,30,95900,29.9,249000,24,9.24,771,31.8,0,337000,73.9,0,Personal,Self-employed,South,0,11402.94,0,0,0,17.93,Low,0.0091
LN100265,2023-04-23,27,43900,3.1,502000,72,11.09,725,39.6,0,739000,67.9,0,Auto,Salaried,West,0,9578.26,0,0,0,21.33,Low,0.018
LN104664,2023-04-23,44,48900,3.0,823000,36,11.3,749,21.2,0,975000,84.4,2,Personal,Contract,Central,0,27061.04,0,0,0,18.03,Low,0.0161
LN104413,2023-04-23,21,53500,12.6,363000,48,11.76,765,31.3,1,469000,77.4,0,Personal,Salaried,Central,3,9516.46,15,0,0,25.5,Moderate,0.0219
LN101296,2023-04-23,46,41600,12.4,326000,48,12.59,833,33.7,0,470000,69.4,0,Home,Salaried,South,0,8679.57,0,0,0,14.58,Low,0.0045
LN101928,2023-04-24,48,62900,8.6,380000,60,11.59,786,15.0,0,601000,63.2,3,Home,Contract,Central,1,8374.37,0,0,0,14.37,Low,0.006
LN104629,2023-04-24,42,173100,6.7,494000,36,11.38,741,14.5,1,756000,65.3,2,Auto,Government,Central,0,16261.97,0,0,0,17.2,Low,0.0071
LN101552,2023-04-24,30,78700,4.2,410000,36,12.04,662,49.8,0,528000,77.7,1,Home,Government,Central,3,13625.7,0,0,0,32.68,Moderate,0.0902
LN100780,2023-04-24,40,36000,5.3,884000,60,14.29,707,29.1,0,1188000,74.4,1,Business,Salaried,Central,2,20702.28,0,0,0,24.16,Low,0.0255
LN101253,2023-04-24,41,75100,2.7,320000,24,14.1,746,19.2,0,375000,85.3,3,Personal,Salaried,South,2,15379.24,0,0,0,21.21,Low,0.0159
LN103208,2023-04-24,46,38700,21.6,480000,48,6.9,726,17.0,1,802000,59.9,0,Auto,Salaried,Central,1,11471.94,5,0,0,19.62,Low,0.0078
LN104845,2023-04-25,43,58000,14.9,866000,60,13.92,769,46.3,0,1076000,80.5,4,Auto,Salaried,North,1,20114.41,0,0,0,23.26,Low,0.0185
LN100241,2023-04-25,37,43400,7.6,466000,48,13.86,774,38.8,1,450000,103.6,2,Personal,Salaried,Central,2,12701.44,10,0,0,27.48,Moderate,0.0369
LN102425,2023-04-26,43,84200,4.5,455000,60,12.57,761,57.1,0,602000,75.6,3,Education,Government,West,3,10252.77,180,1,1,28.69,Moderate,0.0436
LN103983,2023-04-27,28,96600,13.2,257000,60,15.62,657,56.0,1,445000,57.8,1,Personal,Contract,West,2,6197.97,0,0,0,32.53,Moderate,0.1143
LN101386,2023-04-27,50,64200,8.0,249000,60,14.1,675,47.9,1,347000,71.8,1,Personal,Contract,North,1,5806.71,0,0,0,29.69,Moderate,0.0862
LN102741,2023-04-27,42,60800,13.4,411000,72,10.63,753,31.1,1,395000,104.1,1,Personal,Government,West,1,7745.34,10,0,0,25.43,Moderate,0.0272
LN103682,2023-04-27,40,28900,2.7,132000,24,13.88,771,36.9,0,111000,118.9,1,Education,Salaried,North,0,6330.22,0,0,0,23.45,Low,0.0259
LN101467,2023-04-27,42,51600,15.4,338000,48,8.87,628,31.6,0,413000,81.8,1,Education,Salaried,South,3,8390.3,0,0,0,31.25,Moderate,0.0628
LN103845,2023-04-27,45,45500,8.3,478000,72,10.82,643,35.3,0,732000,65.3,3,Auto,Government,East,1,9054.28,0,0,0,26.22,Moderate,0.0365
LN100765,2023-04-28,32,55800,9.2,468000,48,12.32,784,35.9,0,425000,110.1,1,Auto,Salaried,East,1,12397.89,0,0,0,23.35,Low,0.0204
LN102233,2023-04-28,46,92100,23.8,294000,36,10.58,514,23.8,2,513000,57.3,0,Personal,Salaried,West,2,9566.81,0,0,0,35.61,Moderate,0.1128
LN101630,2023-04-28,42,30600,14.1,276000,72,8.81,588,58.6,0,263000,104.9,2,Home,Salaried,South,1,4949.06,180,1,1,37.75,Moderate,0.2172
LN102927,2023-04-28,40,69600,6.0,201000,48,11.83,618,45.0,1,267000,75.3,0,Personal,Salaried,North,2,5276.34,0,0,0,34.15,Moderate,0.1224
LN104238,2023-04-28,51,43500,2.3,614000,48,12.56,720,41.0,1,1028000,59.7,3,Personal,Salaried,Central,2,16338.31,0,0,0,26.39,Moderate,0.0337
LN104166,2023-04-29,35,35600,7.2,272000,48,11.39,706,33.1,0,276000,98.6,4,Personal,Salaried,North,2,7081.61,0,0,0,27.44,Moderate,0.0446
LN101995,2023-04-29,48,56300,11.3,756000,36,10.35,654,42.6,1,1070000,70.7,1,Home,Salaried,Central,1,24518.41,0,0,0,29.63,Moderate,0.0534
LN101480,2023-04-29,45,90700,2.4,366000,24,9.38,787,32.3,0,366000,100.0,1,Auto,Salaried,South,1,16784.5,5,0,0,21.46,Low,0.0162
LN102335,2023-04-29,43,75100,9.8,1017000,60,13.18,675,59.0,0,1703000,59.7,0,Personal,Salaried,Central,1,23233.69,0,0,0,28.7,Moderate,0.0591
LN100491,2023-04-29,51,106100,8.4,466000,36,8.56,662,38.7,1,742000,62.8,0,Business,Contract,West,2,14723.43,0,0,0,29.31,Moderate,0.0717
LN100811,2023-04-30,34,129900,6.5,98000,60,12.99,682,25.5,0,164000,59.8,0,Auto,Self-employed,East,0,2760.38,10,0,0,19.97,Low,0.0173
LN103939,2023-04-30,31,60400,5.4,186000,72,6.66,653,39.9,0,193000,96.4,4,Business,Government,East,3,3140.84,0,0,0,33.05,Moderate,0.1044
LN103456,2023-05-01,48,105400,4.0,484000,48,13.9,695,47.0,0,815000,59.4,2,Personal,Contract,East,0,13201.75,0,0,0,23.55,Low,0.0417
LN100229,2023-05-01,44,102900,14.4,317000,48,9.83,593,19.2,0,408000,77.7,1,Auto,Self-employed,South,0,8014.08,10,0,0,25.22,Moderate,0.0405
LN102469,2023-05-01,36,87600,10.4,517000,24,14.63,665,28.5,0,566000,91.3,4,Home,Salaried,West,4,24976.81,0,0,0,31.29,Moderate,0.0598
LN104372,2023-05-01,28,49000,8.3,560000,60,8.12,782,22.6,1,634000,88.3,1,Business,Salaried,North,1,11386.97,0,0,0,20.62,Low,0.0122
LN104604,2023-05-01,28,98100,5.0,696000,36,7.87,817,12.2,0,1021000,68.2,2,Personal,Salaried,West,2,21768.39,0,0,0,14.34,Low,0.0044
LN102727,2023-05-01,50,29900,7.1,297000,12,11.38,706,31.5,0,388000,76.5,1,Business,Salaried,South,1,26302.03,0,0,0,23.24,Low,0.0237
LN104622,2023-05-02,30,70900,24.1,802000,60,12.73,641,45.5,0,1168000,68.7,2,Auto,Government,West,2,18137.31,0,0,0,30.37,Moderate,0.0525
LN101960,2023-05-02,38,111100,8.3,330000,84,13.11,685,34.2,0,271000,121.8,0,Home,Government,South,1,6023.1,0,0,0,29.42,Moderate,0.0621
LN101583,2023-05-02,39,31000,2.9,565000,48,13.74,669,29.8,0,866000,65.2,0,Business,Contract,Central,2,15365.87,0,0,0,25.4,Moderate,0.0467
LN103632,2023-05-02,36,134500,2.7,480000,60,13.08,670,31.9,0,579000,82.9,3,Home,Government,North,1,10941.14,0,0,0,25.87,Moderate,0.0369
LN101731,2023-05-03,35,42500,8.1,477000,72,9.87,641,49.6,0,363000,131.4,4,Personal,Self-employed,West,2,8805.59,180,1,1,37.46,Moderate,0.2611
LN100071,2023-05-03,52,58500,3.9,476000,48,10.23,637,33.7,0,622000,76.5,1,Business,Contract,South,0,12125.23,0,0,0,25.67,Moderate,0.0611
LN100871,2023-05-03,31,71800,5.6,663000,36,10.3,707,43.9,2,574000,115.5,1,Personal,Salaried,West,1,21486.65,0,0,0,33.57,Moderate,0.1045
LN103711,2023-05-03,26,52300,7.4,197000,72,11.4,684,39.8,0,226000,87.2,1,Personal,Salaried,West,0,3790.2,0,0,0,25.47,Moderate,0.04
LN100214,2023-05-03,35,77300,20.6,179000,60,9.2,802,26.2,1,298000,60.1,3,Home,Contract,West,0,3733.14,0,0,0,15.79,Low,0.0061
LN103656,2023-05-03,38,54800,9.4,310000,84,13.1,676,30.6,0,344000,90.1,3,Auto,Salaried,North,1,5656.38,5,0,0,26.01,Moderate,0.0343
LN100982,2023-05-03,29,169100,7.6,758000,24,13.32,700,24.9,1,909000,83.4,2,Auto,Self-employed,North,1,36150.74,15,0,0,24.93,Low,0.0307
LN104627,2023-05-03,31,205800,20.1,395000,48,8.6,704,42.6,0,534000,74.0,1,Auto,Salaried,West,3,9754.74,0,0,0,28.65,Moderate,0.036
LN104886,2023-05-04,31,60800,23.8,286000,60,10.45,662,22.5,0,444000,64.4,1,Business,Self-employed,Central,2,6140.17,10,0,0,24.23,Low,0.0251
LN100995,2023-05-04,35,70600,2.9,362000,36,11.11,663,45.8,0,650000,55.7,3,Personal,Government,West,4,11870.28,0,0,0,31.3,Moderate,0.0732
LN100070,2023-05-05,41,36900,9.7,624000,24,9.79,630,13.1,0,698000,89.4,1,Home,Salaried,North,1,28733.99,0,0,0,24.87,Low,0.0291
LN102045,2023-05-05,48,49800,12.6,509000,60,8.8,612,35.4,0,523000,97.3,2,Personal,Salaried,South,2,10516.66,120,1,1,32.74,Moderate,0.1045
LN101198,2023-05-05,40,56300,11.7,288000,60,9.28,586,21.6,1,263000,109.5,0,Auto,Salaried,East,2,6017.62,0,0,0,34.58,Moderate,0.1132
LN101154,2023-05-05,53,92000,12.1,807000,72,8.0,673,42.4,1,893000,90.4,2,Business,Self-employed,West,0,14149.33,0,0,0,28.89,Moderate,0.0698
LN102848,2023-05-05,33,47600,11.5,1206000,84,9.79,693,42.9,0,1473000,81.9,0,Personal,Salaried,East,1,19890.41,0,0,0,26.75,Moderate,0.0416
LN102428,2023-05-06,48,71600,15.0,238000,36,12.02,812,41.1,3,416000,57.2,1,Business,Salaried,West,2,7907.28,0,0,0,25.29,Moderate,0.0159
LN103402,2023-05-06,40,87800,5.5,157000,48,11.2,698,34.8,0,178000,88.2,0,Education,Salaried,South,0,4073.01,0,0,0,23.83,Low,0.0275
LN104586,2023-05-06,47,79000,5.6,261000,36,11.98,745,5.0,1,465000,56.1,1,Education,Salaried,Central,0,8666.44,0,0,0,14.17,Low,0.0042
LN104945,2023-05-06,47,27600,2.9,645000,36,13.54,713,45.2,0,730000,88.4,1,Auto,Salaried,West,2,21900.74,10,0,0,28.47,Moderate,0.0497
LN100641,2023-05-06,53,49700,9.0,259000,72,15.67,787,34.7,0,458000,56.6,2,Home,Government,West,0,5571.23,0,0,0,15.94,Low,0.0062
LN104351,2023-05-06,38,81800,4.6,458000,60,14.2,748,36.7,0,797000,57.5,1,Business,Salaried,South,2,10704.41,0,0,0,21.82,Low,0.0166
LN102112,2023-05-06,38,122100,14.2,187000,84,16.08,701,36.5,0,226000,82.7,1,Personal,Salaried,South,1,3722.73,0,0,0,25.12,Moderate,0.0303
LN103886,2023-05-06,21,76500,10.6,684000,36,12.03,654,42.7,1,838000,81.6,3,Business,Salaried,North,2,22728.39,0,0,0,32.41,Moderate,0.0843
LN100984,2023-05-07,38,139500,3.6,307000,60,9.27,718,54.2,1,275000,111.6,2,Home,Self-employed,North,1,6413.12,15,0,0,32.65,Moderate,0.1153
LN102499,2023-05-07,41,59600,15.3,443000,24,14.62,711,46.0,1,568000,78.0,2,Auto,Salaried,South,2,21399.69,0,0,0,29.69,Moderate,0.0441
LN102576,2023-05-07,51,23100,5.6,597000,72,12.46,622,40.0,0,770000,77.5,0,Personal,Salaried,Central,1,11814.77,0,0,0,29.49,Moderate,0.0745
LN102449,2023-05-07,32,57500,7.2,386000,48,14.56,750,63.4,0,323000,119.5,0,Home,Self-employed,South,0,10656.77,0,0,0,29.92,Moderate,0.0888
LN104314,2023-05-07,34,61100,7.0,828000,24,9.82,624,29.4,1,1009000,82.1,1,Personal,Government,West,0,38139.25,0,0,0,28.05,Moderate,0.0558
LN104513,2023-05-08,30,57700,8.4,403000,84,13.07,697,5.0,0,400000,100.8,2,Personal,Salaried,North,0,7346.71,0,0,0,19.18,Low,0.0134
LN100781,2023-05-08,26,46800,3.8,544000,60,12.9,620,18.4,2,500000,108.8,0,Home,Salaried,Central,1,12349.84,0,0,0,32.4,Moderate,0.0844
LN104019,2023-05-08,37,89500,11.6,222000,36,11.42,690,24.2,1,323000,68.7,0,Auto,Government,East,2,7312.23,0,0,0,25.51,Moderate,0.0232
LN103631,2023-05-08,32,56600,10.8,189000,48,10.81,565,59.7,0,277000,68.2,1,Auto,Self-employed,South,1,4867.38,75,1,0,35.51,Moderate,0.197
LN103913,2023-05-08,30,74400,4.6,400000,72,12.84,662,30.0,0,502000,79.7,2,Home,Salaried,South,1,7995.9,0,0,0,25.59,Moderate,0.0344
LN103501,2023-05-09,32,52300,10.2,311000,48,10.38,779,21.8,0,271000,114.8,3,Personal,Salaried,West,1,7944.64,0,0,0,21.27,Low,0.0159
LN101046,2023-05-09,44,65100,6.8,341000,60,13.05,732,24.0,1,251000,135.9,0,Personal,Salaried,East,5,7767.53,15,0,0,34.97,Moderate,0.0975
LN100209,2023-05-10,70,67000,7.3,794000,36,10.38,775,40.1,0,737000,107.7,1,Business,Salaried,North,0,25762.04,0,0,0,22.76,Low,0.0235
LN101949,2023-05-10,38,91100,10.1,533000,36,10.45,721,32.4,0,589000,90.5,1,Personal,Government,East,2,17311.24,10,0,0,25.69,Moderate,0.0314
LN104186,2023-05-10,59,28600,3.9,790000,36,10.46,735,14.5,0,1304000,60.6,0,Home,Salaried,South,2,25662.03,15,0,0,18.38,Low,0.0085
LN101333,2023-05-10,51,56600,11.3,242000,36,12.85,643,27.4,0,375000,64.5,1,Personal,Contract,South,1,8136.46,0,0,0,24.56,Low,0.0415
LN103944,2023-05-10,34,40500,9.6,459000,36,12.7,718,50.8,0,596000,77.0,0,Auto,Self-employed,North,2,15399.28,0,0,0,28.18,Moderate,0.0527
LN100443,2023-05-10,37,50100,8.2,411000,48,13.89,682,30.2,1,517000,79.5,0,Home,Government,Central,3,11208.52,240,1,1,29.88,Moderate,0.0463
LN101719,2023-05-10,34,98200,10.6,240000,72,11.32,640,24.0,1,431000,55.7,2,Home,Government,West,1,4607.61,0,0,0,25.15,Moderate,0.0254
LN102379,2023-05-10,40,78600,6.8,228000,60,12.54,676,23.7,1,271000,84.1,2,Home,Government,North,3,5134.17,0,0,0,29.36,Moderate,0.0436
LN101700,2023-05-10,41,115100,6.3,1693000,36,11.35,688,11.4,0,2873000,58.9,1,Business,Salaried,South,1,55707.68,0,0,0,18.41,Low,0.0105
LN101699,2023-05-10,40,43800,14.2,882000,72,11.43,804,53.9,0,1330000,66.3,0,Business,Salaried,West,1,16982.95,0,0,0,21.51,Low,0.0147
LN104698,2023-05-10,39,115800,4.6,284000,48,9.29,759,13.8,0,472000,60.2,1,Auto,Self-employed,East,1,7106.52,0,0,0,15.26,Low,0.0067
LN104240,2023-05-10,21,94600,17.2,143000,36,7.6,712,56.5,0,111000,128.8,1,Business,Salaried,Central,0,4454.76,0,0,0,31.49,Moderate,0.0918
LN103470,2023-05-11,37,62700,14.2,410000,72,11.92,763,28.4,0,545000,75.2,3,Home,Salaried,East,0,7998.53,5,0,0,17.81,Low,0.0081
LN103964,2023-05-11,33,89500,5.8,328000,48,9.43,754,38.0,0,360000,91.1,2,Business,Salaried,South,1,8229.43,0,0,0,23.46,Low,0.0244
LN100185,2023-05-11,44,25400,7.7,593000,72,13.42,686,51.9,2,1010000,58.7,0,Personal,Salaried,East,0,12035.8,15,0,0,28.93,Moderate,0.0525
LN101104,2023-05-12,48,42300,5.7,343000,48,7.9,668,30.1,0,413000,83.1,2,Home,Salaried,Central,0,8357.54,0,0,0,23.97,Low,0.0286
LN103377,2023-05-12,29,41600,16.5,272000,48,11.22,643,22.7,1,212000,128.3,2,Home,Self-employed,South,0,7059.08,0,0,0,30.33,Moderate,0.0784
LN101591,2023-05-12,21,36900,8.6,688000,72,10.99,705,32.3,1,1058000,65.0,1,Education,Self-employed,North,0,13091.92,0,0,0,22.64,Low,0.0226
LN104849,2023-05-13,42,90300,2.3,436000,48,11.87,764,46.9,0,671000,65.0,0,Auto,Contract,Central,0,11453.74,0,0,0,20.43,Low,0.0214
LN102589,2023-05-14,37,70500,7.0,886000,12,10.08,766,32.0,0,599000,147.9,0,Home,Government,South,1,77926.45,120,1,1,27.3,Moderate,0.0426
LN103335,2023-05-14,26,78300,16.1,243000,72,12.09,638,32.5,0,213000,114.1,4,Home,Self-employed,Central,1,4762.08,5,0,0,30.8,Moderate,0.0878
LN102348,2023-05-15,44,42200,10.0,215000,72,11.63,604,36.6,0,305000,70.5,2,Home,Salaried,North,2,4162.04,0,0,0,30.73,Moderate,0.0698
LN103408,2023-05-15,36,48100,10.7,592000,48,11.22,625,42.4,0,757000,78.2,2,Personal,Self-employed,North,0,15363.87,0,0,0,28.21,Moderate,0.0766
LN100968,2023-05-15,38,76400,4.3,1102000,24,13.34,670,23.4,0,1959000,56.3,2,Business,Salaried,West,2,52567.25,0,0,0,23.17,Low,0.0223
LN104517,2023-05-15,41,115100,8.0,300000,72,13.34,622,51.6,1,304000,98.7,2,Business,Salaried,Central,2,6076.2,0,0,0,37.59,Moderate,0.1966
LN103572,2023-05-16,41,79200,11.5,575000,48,7.57,614,18.7,0,748000,76.9,1,Personal,Salaried,North,1,13921.66,0,0,0,25.59,Moderate,0.0361
LN104705,2023-05-16,37,44100,1.6,467000,72,10.69,650,15.4,1,836000,55.9,1,Personal,Salaried,East,2,8814.94,0,0,0,24.59,Low,0.0264
LN101824,2023-05-16,40,93100,9.5,743000,36,13.19,736,52.7,1,639000,116.3,5,Business,Contract,West,1,25102.66,0,0,0,31.87,Moderate,0.1146
LN104804,2023-05-16,36,96500,15.6,410000,12,12.21,682,41.9,1,423000,96.9,1,Auto,Contract,North,1,36468.29,0,0,0,30.63,Moderate,0.0814
LN101876,2023-05-16,33,84700,4.1,595000,60,10.34,701,51.3,0,683000,87.1,0,Personal,Salaried,North,0,12741.76,5,0,0,26.86,Moderate,0.0522
LN103769,2023-05-16,33,94500,11.7,190000,60,12.94,624,9.1,0,342000,55.6,1,Business,Salaried,East,2,4317.25,0,0,0,22.68,Low,0.019
LN103945,2023-05-17,46,60600,8.3,927000,72,13.23,650,25.5,0,649000,142.8,0,Personal,Salaried,North,1,18721.41,0,0,0,31.63,Moderate,0.1023
LN103584,2023-05-17,39,57200,4.0,315000,36,9.62,795,45.8,1,440000,71.6,2,Education,Self-employed,East,0,10108.06,0,0,0,21.23,Low,0.0178
LN102936,2023-05-17,33,22400,3.6,865000,72,8.67,702,35.5,0,757000,114.3,2,Business,Salaried,West,2,15450.8,0,0,0,29.7,Moderate,0.0676
LN101849,2023-05-17,42,40300,2.7,347000,36,13.56,736,35.4,2,294000,118.0,1,Personal,Salaried,Central,0,11785.62,0,0,0,28.92,Moderate,0.0559
LN100441,2023-05-17,38,48000,15.6,637000,72,10.28,702,51.2,0,1055000,60.4,0,Education,Salaried,Central,1,11891.1,0,0,0,25.78,Moderate,0.0292
LN101766,2023-05-17,58,181200,8.1,707000,24,17.4,638,51.0,0,474000,149.2,3,Personal,Salaried,Central,1,35091.72,0,0,0,38.01,Moderate,0.261
LN104158,2023-05-18,32,127100,13.3,1011000,84,13.71,797,9.5,1,1735000,58.3,2,Home,Government,East,0,18784.56,0,0,0,12.54,Low,0.0027
LN103878,2023-05-18,24,85300,5.2,1775000,84,12.16,655,51.5,1,2452000,72.4,1,Home,Salaried,North,2,31485.68,15,0,0,33.2,Moderate,0.0934
LN103537,2023-05-18,31,146800,7.2,353000,84,16.42,684,35.9,0,258000,136.8,0,Personal,Self-employed,West,2,7096.01,0,0,0,32.98,Moderate,0.1372
LN103851,2023-05-18,42,45300,12.8,316000,36,13.32,708,41.5,0,251000,125.9,1,Auto,Salaried,East,0,10696.06,0,0,0,28.41,Moderate,0.054
LN102847,2023-05-18,30,67200,8.4,1520000,36,10.81,822,5.0,1,1690000,89.9,2,Business,Government,Central,2,49626.2,0,0,0,16.81,Low,0.0055
LN102667,2023-05-18,27,51500,4.5,125000,60,12.23,821,57.4,1,110000,113.6,0,Personal,Self-employed,South,1,2795.11,0,0,0,28.04,Moderate,0.0566
LN101714,2023-05-19,33,25300,16.0,812000,84,14.92,675,39.7,0,1023000,79.4,2,Business,Salaried,North,0,15632.54,90,1,1,25.14,Moderate,0.0329
LN104941,2023-05-19,36,154300,7.9,379000,84,9.99,587,45.6,0,293000,129.4,1,Home,Contract,East,1,6289.89,0,0,0,37.65,Moderate,0.3008
LN104644,2023-05-19,44,58600,9.5,597000,72,11.39,545,38.7,0,1025000,58.2,2,Personal,Salaried,South,3,11482.96,10,0,0,34.71,Moderate,0.137
LN101337,2023-05-19,35,52500,7.2,406000,24,14.0,624,48.7,0,297000,136.7,1,Home,Salaried,East,1,19493.23,0,0,0,37.04,Moderate,0.212
LN101573,2023-05-19,26,51900,3.5,344000,72,8.3,728,73.9,0,447000,77.0,0,Home,Salaried,Central,0,6081.95,0,0,0,28.94,Moderate,0.0648
LN101075,2023-05-19,34,44900,10.5,773000,72,10.25,742,37.3,1,1142000,67.7,1,Personal,Salaried,East,3,14418.12,5,0,0,26.95,Moderate,0.0292
LN103373,2023-05-19,54,20100,11.8,726000,60,11.71,641,31.7,0,761000,95.4,0,Business,Salaried,North,1,16043.28,0,0,0,28.61,Moderate,0.0579
LN104811,2023-05-19,21,46400,13.5,233000,60,14.98,669,67.0,1,240000,97.1,3,Home,Salaried,East,2,5540.61,180,1,1,38.03,Moderate,0.1751
LN100857,2023-05-20,42,50700,15.3,237000,48,12.44,738,21.4,0,288000,82.3,2,Auto,Self-employed,East,1,6292.44,0,0,0,20.11,Low,0.0135
LN104935,2023-05-20,43,69000,2.5,391000,48,12.15,709,22.0,0,604000,64.7,1,Personal,Self-employed,Central,1,10325.35,0,0,0,20.0,Low,0.0183
LN104246,2023-05-20,39,78100,3.1,196000,36,11.67,685,43.9,1,267000,73.4,1,Personal,Government,South,2,6479.16,0,0,0,30.19,Moderate,0.0648
LN104223,2023-05-20,49,31200,13.5,598000,12,11.43,707,8.4,0,404000,148.0,2,Auto,Contract,South,1,52972.25,0,0,0,25.72,Moderate,0.0433
LN100639,2023-05-21,26,72600,4.1,238000,48,9.55,650,22.8,0,290000,82.1,1,Education,Salaried,South,3,5984.99,0,0,0,28.36,Moderate,0.045
LN102208,2023-05-21,35,35300,3.9,750000,36,11.67,561,61.4,0,730000,102.7,3,Personal,Salaried,Central,1,24792.69,10,0,0,39.52,Moderate,0.3361
LN102262,2023-05-21,49,78300,6.9,219000,36,15.09,724,37.6,0,350000,62.6,0,Home,Self-employed,North,1,7601.36,0,0,0,22.12,Low,0.0217
LN101826,2023-05-21,28,31700,10.1,381000,60,12.06,741,15.0,0,660000,57.7,0,Education,Salaried,Central,1,8486.69,0,0,0,16.21,Low,0.0059
LN101425,2023-05-21,21,83000,9.4,293000,84,16.09,681,47.6,0,220000,133.2,0,Home,Contract,South,1,5834.61,0,0,0,33.45,Moderate,0.1588
LN101363,2023-05-21,29,90200,7.2,162000,36,10.1,784,54.1,0,107000,151.4,1,Auto,Contract,South,2,5234.89,0,0,0,32.65,Moderate,0.1268
LN100699,2023-05-21,36,87200,9.5,621000,24,14.1,772,54.0,0,1111000,55.9,0,Personal,Salaried,South,2,29845.35,0,0,0,23.85,Low,0.022
LN100326,2023-05-21,48,50700,6.3,766000,36,14.38,658,9.4,0,692000,110.7,1,Business,Salaried,North,1,26321.66,10,0,0,24.78,Low,0.0328
LN101187,2023-05-22,36,113800,6.4,264000,36,11.69,665,10.2,0,178000,148.3,1,Personal,Salaried,South,1,8729.54,0,0,0,28.33,Moderate,0.0612
LN102654,2023-05-22,32,109300,10.6,614000,60,6.84,786,50.3,0,717000,85.6,2,Personal,Government,South,2,12111.64,0,0,0,25.34,Moderate,0.028
LN104658,2023-05-23,40,121600,2.6,1329000,72,10.98,696,57.6,0,975000,136.3,1,Home,Salaried,North,0,25282.68,0,0,0,33.3,Moderate,0.1371
LN102200,2023-05-23,54,69500,6.3,209000,48,10.95,658,21.8,0,223000,93.7,1,Auto,Self-employed,South,2,5396.64,0,0,0,27.23,Moderate,0.0495
LN102135,2023-05-23,33,83300,9.6,251000,36,14.87,776,26.7,0,286000,87.8,0,Personal,Government,West,1,8685.03,0,0,0,19.7,Low,0.0121
LN101439,2023-05-23,45,83700,12.3,410000,60,9.93,705,63.1,1,393000,104.3,0,Auto,Salaried,North,1,8697.17,0,0,0,34.39,Moderate,0.1112
LN100758,2023-05-24,30,50700,5.4,1000000,36,8.25,654,31.7,0,805000,124.2,1,Home,Salaried,West,3,31451.82,0,0,0,34.14,Moderate,0.1145
LN102615,2023-05-24,44,38700,10.3,1137000,36,16.62,647,44.2,0,1051000,108.2,4,Personal,Government,West,1,40322.45,0,0,0,32.07,Moderate,0.1053
LN104774,2023-05-24,21,56200,14.0,455000,48,8.65,575,42.7,0,683000,66.6,0,Education,Salaried,North,2,11247.23,0,0,0,33.09,Moderate,0.0983
LN104387,2023-05-24,25,150300,6.9,178000,84,12.05,692,55.1,0,229000,77.7,2,Business,Salaried,South,0,6901.28,5,0,0,27.15,Moderate,0.0518
LN100445,2023-05-25,44,58400,7.9,589000,72,12.61,703,53.6,0,1006000,58.5,2,Home,Salaried,Central,0,11702.76,0,0,0,24.35,Low,0.0285
LN101230,2023-05-25,33,74800,10.4,1140000,36,11.32,723,24.8,1,819000,139.2,1,Education,Salaried,North,3,37495.13,0,0,0,32.6,Moderate,0.0703
LN101665,2023-05-26,38,41700,3.1,515000,72,8.89,693,19.7,0,478000,107.7,3,Home,Salaried,West,4,9255.06,5,0,0,29.69,Moderate,0.0503
LN104492,2023-05-26,33,52800,3.6,794000,72,12.67,681,38.4,0,685000,115.9,2,Auto,Self-employed,West,0,15800.88,0,0,0,28.22,Moderate,0.0742
LN100365,2023-05-26,34,31700,4.4,1454000,36,12.51,817,27.0,0,1287000,113.0,1,Home,Salaried,South,2,48648.55,20,0,0,21.78,Low,0.0147
LN104087,2023-05-27,39,169100,7.5,408000,60,10.49,732,15.2,0,573000,71.2,1,Education,Self-employed,West,1,8767.49,10,0,0,18.07,Low,0.0107
LN102624,2023-05-27,42,240100,5.7,506000,36,12.7,770,36.2,1,800000,63.2,2,Business,Salaried,West,3,16976.12,0,0,0,24.8,Low,0.0208
LN101903,2023-05-27,41,52000,8.7,740000,36,10.04,720,54.5,1,933000,79.3,0,Auto,Salaried,North,1,23891.62,0,0,0,29.38,Moderate,0.0509
LN102972,2023-05-27,26,47500,4.3,186000,84,15.48,626,43.1,0,295000,63.1,1,Home,Contract,East,0,3639.47,0,0,0,26.79,Moderate,0.0666
LN103952,2023-05-28,58,41400,6.9,349000,24,8.6,749,28.4,0,325000,107.4,2,Auto,Salaried,South,0,15880.0,0,0,0,21.77,Low,0.0184
LN104711,2023-05-28,43,90000,15.1,590000,72,11.68,753,28.1,0,421000,140.1,0,Home,Salaried,North,2,11436.67,0,0,0,28.1,Moderate,0.0391
LN103148,2023-05-29,37,73800,12.3,185000,60,11.2,720,58.1,0,188000,98.4,0,Auto,Salaried,East,0,4040.83,15,0,0,28.34,Moderate,0.0527
LN100159,2023-05-29,44,37800,4.9,1194000,36,13.54,747,43.8,1,1232000,96.9,2,Auto,Salaried,Central,2,40541.84,5,0,0,29.24,Moderate,0.0467
LN102158,2023-05-29,50,43100,23.8,1023000,60,10.09,656,7.4,0,875000,116.9,1,Personal,Salaried,East,1,21781.06,0,0,0,25.11,Moderate,0.0276
LN103892,2023-05-29,31,41500,7.9,210000,48,11.28,676,22.6,0,280000,75.0,4,Home,Self-employed,East,1,5456.16,0,0,0,22.9,Low,0.0254
LN102060,2023-05-30,46,135900,14.8,1103000,48,11.85,774,17.4,1,1667000,66.2,1,Business,Contract,East,3,28965.05,0,0,0,21.12,Low,0.0136
LN100640,2023-05-30,35,94800,25.1,276000,36,16.23,645,54.5,1,309000,89.3,3,Home,Salaried,Central,2,9734.71,0,0,0,36.02,Moderate,0.1129
LN102118,2023-05-30,21,43400,8.1,478000,24,13.95,533,47.9,0,499000,95.8,0,Business,Salaried,East,2,22938.87,120,1,1,39.28,Moderate,0.2889
LN104946,2023-05-30,31,21100,5.8,377000,36,11.86,746,36.7,1,347000,108.6,0,Personal,Government,East,2,12496.6,20,0,0,29.04,Moderate,0.0503
LN103770,2023-05-31,47,54300,1.6,685000,60,11.7,704,40.8,0,485000,141.2,2,Auto,Self-employed,East,0,15133.8,0,0,0,30.01,Moderate,0.1012
LN101123,2023-05-31,28,71900,15.1,146000,36,10.69,800,44.4,0,133000,109.8,2,Home,Salaried,East,0,4758.45,0,0,0,22.51,Low,0.0179
LN100247,2023-05-31,32,30800,13.4,115000,36,9.31,655,31.0,0,77000,149.4,0,Personal,Salaried,South,0,3673.58,0,0,0,31.46,Moderate,0.1028
LN100900,2023-05-31,41,62800,5.3,627000,60,11.38,615,60.6,0,478000,131.2,2,Auto,Salaried,South,0,13751.62,120,1,1,37.68,Moderate,0.2579
LN101424,2023-05-31,29,49900,3.8,431000,12,10.23,761,52.1,0,414000,104.1,2,Business,Salaried,West,2,37937.87,0,0,0,28.88,Moderate,0.0563
LN100679,2023-06-01,49,51200,7.5,864000,84,9.9,626,20.6,1,978000,88.3,1,Business,Salaried,North,0,14298.82,0,0,0,26.81,Moderate,0.0443
LN104675,2023-06-01,29,132600,20.1,1248000,72,13.15,665,31.2,0,2017000,61.9,1,Home,Salaried,West,0,25151.39,0,0,0,22.22,Low,0.017
LN101598,2023-06-01,38,27900,9.9,127000,72,9.79,691,30.0,0,101000,125.7,2,Personal,Government,South,0,2339.35,5,0,0,26.99,Moderate,0.0504
LN102266,2023-06-01,22,98900,0.7,520000,24,11.05,692,37.3,0,836000,62.2,0,Home,Salaried,West,1,24248.15,0,0,0,23.71,Low,0.0257
LN100665,2023-06-01,39,32600,5.4,478000,72,11.37,492,32.7,1,749000,63.8,0,Auto,Contract,Central,1,9189.13,60,1,0,35.54,Moderate,0.2162
LN100373,2023-06-01,47,62900,4.3,408000,60,11.33,610,36.9,0,704000,58.0,2,Personal,Salaried,North,2,8938.2,0,0,0,29.22,Moderate,0.0654
LN102535,2023-06-02,35,38800,24.4,358000,60,12.31,624,44.1,1,320000,111.9,1,Business,Salaried,South,2,8019.71,0,0,0,37.31,Moderate,0.1547
LN101124,2023-06-02,53,135500,3.6,1096000,84,11.66,662,23.3,0,1252000,87.5,1,Personal,Contract,South,4,19148.68,0,0,0,30.03,Moderate,0.0829
LN100894,2023-06-02,50,80700,6.4,141000,36,7.89,666,53.6,0,156000,90.4,1,Personal,Salaried,Central,1,4411.28,0,0,0,31.17,Moderate,0.0943
LN104715,2023-06-02,38,63000,14.9,1228000,72,8.36,751,20.0,0,938000,130.9,0,Personal,Self-employed,Central,0,21747.32,5,0,0,22.33,Low,0.0254
LN104193,2023-06-02,21,76800,6.2,483000,72,14.84,722,13.0,0,787000,61.4,2,Auto,Contract,East,1,10171.12,0,0,0,17.18,Low,0.0106
LN104999,2023-06-02,30,88600,8.4,281000,60,13.12,771,16.9,1,311000,90.4,1,Personal,Self-employed,South,0,6410.89,0,0,0,18.6,Low,0.0123
LN100098,2023-06-03,38,45000,12.2,493000,24,11.41,658,57.7,0,323000,152.6,1,Personal,Salaried,Central,1,23071.62,240,1,1,38.37,Moderate,0.2676
LN103806,2023-06-03,38,42900,6.6,364000,48,7.48,729,20.5,0,286000,127.3,2,Personal,Contract,Central,1,8797.72,0,0,0,24.9,Low,0.0456
LN101904,2023-06-03,37,54500,4.5,65000,24,7.87,732,49.0,1,98000,66.3,3,Home,Salaried,Central,1,2935.92,0,0,0,26.34,Moderate,0.032
LN104298,2023-06-03,29,69200,21.3,178000,84,12.15,736,18.5,0,315000,56.5,2,Education,Self-employed,South,4,3156.48,0,0,0,22.05,Low,0.0123
LN100331,2023-06-03,30,57500,10.7,452000,72,12.89,619,32.5,0,756000,59.8,1,Business,Self-employed,East,0,9047.28,0,0,0,24.71,Low,0.042
LN102209,2023-06-03,38,113100,13.4,661000,24,10.07,707,5.8,1,834000,79.3,1,Home,Government,Central,1,30523.16,0,0,0,20.33,Low,0.0102
LN102183,2023-06-04,50,41600,13.9,157000,36,13.86,741,23.1,0,161000,97.5,1,Personal,Contract,North,1,5355.22,0,0,0,21.81,Low,0.0238
LN104230,2023-06-04,24,63400,32.2,272000,12,11.2,733,37.9,0,281000,96.8,1,Home,Salaried,West,0,24065.19,0,0,0,23.45,Low,0.0171
LN102265,2023-06-04,49,47400,18.7,582000,48,7.67,604,24.6,0,521000,111.7,4,Personal,Government,Central,2,14118.34,0,0,0,32.45,Moderate,0.0929
LN100936,2023-06-05,29,117100,5.8,717000,84,13.67,632,38.7,0,1225000,58.5,4,Home,Salaried,West,2,13306.22,0,0,0,28.46,Moderate,0.0498
LN102789,2023-06-05,40,111700,5.9,588000,60,13.69,708,73.5,1,1018000,57.8,3,Auto,Self-employed,South,0,13587.41,0,0,0,30.0,Moderate,0.0798
LN100633,2023-06-05,34,75000,13.3,723000,60,9.02,768,37.9,1,809000,89.4,1,Personal,Salaried,Central,1,15015.31,0,0,0,24.53,Low,0.0229
LN104848,2023-06-05,33,43700,11.9,667000,36,13.04,741,37.9,0,782000,85.3,3,Personal,Salaried,Central,1,22486.72,0,0,0,23.55,Low,0.0233
LN100790,2023-06-05,42,29800,6.9,1385000,48,9.23,615,5.7,0,1254000,110.4,3,Auto,Salaried,West,0,34617.24,0,0,0,24.62,Low,0.033
LN103010,2023-06-05,37,56600,4.4,649000,36,14.16,711,21.3,0,639000,101.6,1,Personal,Salaried,North,0,22231.75,0,0,0,21.78,Low,0.0221
LN104183,2023-06-05,33,76300,8.2,394000,84,6.7,723,5.0,0,314000,125.5,3,Business,Salaried,South,1,5888.9,0,0,0,21.94,Low,0.0189
LN104486,2023-06-06,42,60100,7.0,411000,84,9.78,723,38.9,3,591000,69.5,0,Auto,Government,South,0,6776.46,0,0,0,27.45,Moderate,0.0313
LN100410,2023-06-06,44,50500,13.8,318000,36,9.71,699,47.7,0,422000,75.4,2,Auto,Government,North,0,10217.72,0,0,0,25.07,Moderate,0.0299
LN104991,2023-06-06,44,71300,6.8,374000,72,8.5,686,16.3,0,398000,94.0,1,Home,Salaried,East,0,6649.12,0,0,0,21.34,Low,0.0178
LN100237,2023-06-06,40,115800,9.3,972000,60,13.99,616,21.7,1,1626000,59.8,1,Auto,Salaried,North,2,22611.7,0,0,0,28.04,Moderate,0.0387
LN102770,2023-06-06,36,99700,3.6,751000,36,14.18,740,56.6,0,1063000,70.6,2,Personal,Government,South,3,25733.1,0,0,0,29.2,Moderate,0.0546
LN101768,2023-06-06,39,143500,8.2,124000,84,10.43,676,39.7,1,178000,69.7,1,Personal,Self-employed,North,1,4747.46,0,0,0,27.79,Moderate,0.0558
LN102324,2023-06-06,38,81600,20.5,341000,72,13.17,701,41.4,0,265000,128.7,2,Auto,Salaried,North,4,6875.9,0,0,0,35.7,Moderate,0.1051
LN104878,2023-06-07,32,38200,9.1,189000,60,11.53,797,28.9,1,339000,55.8,1,Education,Contract,East,3,4159.45,0,0,0,21.17,Low,0.0132
LN103681,2023-06-07,34,68300,10.2,303000,48,10.92,702,39.4,2,358000,84.6,2,Personal,Salaried,Central,2,7819.43,0,0,0,31.51,Moderate,0.0629
LN101507,2023-06-07,47,82300,2.8,283000,72,11.16,701,43.8,0,439000,64.5,2,Education,Contract,North,0,5409.86,0,0,0,23.1,Low,0.035
LN104894,2023-06-08,28,60900,7.8,506000,48,14.73,773,18.0,0,594000,85.2,1,Personal,Self-employed,North,2,14013.2,0,0,0,19.53,Low,0.0135
LN104134,2023-06-08,37,31300,3.5,1337000,24,15.39,695,47.8,1,1111000,120.3,1,Business,Government,West,1,65074.66,10,0,0,33.46,Moderate,0.1198
LN100495,2023-06-08,43,35200,2.6,1368000,72,11.48,711,40.9,0,937000,146.0,2,Education,Contract,North,4,26376.18,0,0,0,36.81,Moderate,0.2092
LN103619,2023-06-08,46,139100,4.2,69000,72,11.23,708,47.1,0,99000,69.7,2,Auto,Salaried,North,1,5459.68,0,0,0,25.57,Moderate,0.0332
LN102373,2023-06-08,43,26000,5.3,570000,36,13.22,752,25.2,2,730000,78.1,1,Personal,Salaried,West,2,19266.01,5,0,0,25.37,Moderate,0.0232
LN102491,2023-06-08,32,44800,6.5,273000,60,11.34,792,18.5,2,226000,120.8,2,Personal,Self-employed,Central,1,5982.08,0,0,0,24.52,Low,0.027
LN101932,2023-06-08,34,73200,13.2,328000,60,10.48,628,24.4,0,333000,98.5,1,Business,Government,South,1,7046.75,5,0,0,28.15,Moderate,0.0531
LN102553,2023-06-09,42,37400,14.2,476000,36,9.89,845,25.4,0,621000,76.7,1,Personal,Self-employed,South,1,15334.61,0,0,0,14.68,Low,0.0056
LN104209,2023-06-09,28,99500,1.2,254000,60,11.39,786,45.6,0,225000,112.9,2,Personal,Salaried,West,1,5572.11,0,0,0,25.46,Moderate,0.037
LN101485,2023-06-09,46,215600,11.6,540000,72,9.92,768,43.9,0,735000,73.5,3,Personal,Self-employed,East,1,9982.18,10,0,0,22.14,Low,0.0222
LN103614,2023-06-09,44,64600,9.2,398000,60,13.09,648,5.0,0,523000,76.1,1,Home,Salaried,South,1,9074.07,0,0,0,20.97,Low,0.0147
LN102556,2023-06-09,21,122100,7.8,484000,48,13.1,723,9.5,0,653000,74.1,3,Personal,Salaried,Central,0,13008.54,15,0,0,16.03,Low,0.0076
LN101231,2023-06-09,26,54600,3.0,657000,36,8.56,672,38.5,1,1162000,56.5,1,Business,Self-employed,East,1,20758.14,0,0,0,26.44,Moderate,0.047
LN100832,2023-06-10,29,38300,10.2,929000,36,10.18,641,22.2,1,1561000,59.5,0,Personal,Salaried,North,1,30054.79,0,0,0,25.12,Moderate,0.0286
LN101245,2023-06-10,27,82500,26.1,379000,48,12.45,684,28.8,1,270000,140.4,1,Personal,Salaried,Central,2,10064.47,5,0,0,33.92,Moderate,0.089
LN100559,2023-06-10,34,94300,4.8,273000,24,8.77,650,5.0,0,251000,108.8,0,Auto,Self-employed,Central,1,12443.15,0,0,0,24.13,Low,0.0339
LN103213,2023-06-11,52,40600,21.7,494000,84,9.67,829,28.8,0,652000,75.8,2,Business,Salaried,West,3,8117.0,0,0,0,19.45,Low,0.0073
LN100130,2023-06-11,24,80100,5.9,165000,48,14.38,664,33.8,0,111000,148.6,1,Personal,Government,North,2,4540.38,0,0,0,34.8,Moderate,0.1544
LN101486,2023-06-12,25,58300,10.7,253000,72,11.17,586,35.2,0,377000,67.1,0,Personal,Contract,West,0,4837.68,20,0,0,27.73,Moderate,0.0816
LN104368,2023-06-12,32,103800,10.0,554000,72,17.57,787,41.1,0,393000,141.0,0,Personal,Salaried,Central,2,12501.22,0,0,0,28.99,Moderate,0.0535
LN103013,2023-06-12,25,63300,8.1,762000,48,11.61,785,56.3,0,1142000,66.7,2,Auto,Salaried,West,0,19920.78,0,0,0,21.37,Low,0.0161
LN100111,2023-06-12,38,219900,8.0,2130000,24,14.88,772,35.7,0,3105000,68.6,0,Personal,Salaried,West,1,103155.16,0,0,0,19.8,Low,0.0125
LN103468,2023-06-12,34,36400,4.0,183000,72,15.24,677,24.1,0,258000,70.9,1,Education,Self-employed,Central,2,3893.43,5,0,0,24.4,Low,0.0311
LN101314,2023-06-13,38,110300,8.3,826000,72,12.02,675,11.7,0,540000,153.0,1,Personal,Salaried,North,0,16157.05,0,0,0,26.6,Moderate,0.0521
LN101612,2023-06-13,46,36100,6.7,167000,60,13.63,622,36.4,1,253000,66.0,2,Home,Salaried,West,1,3853.84,5,0,0,29.62,Moderate,0.0579
LN101873,2023-06-13,45,52200,5.5,352000,36,12.35,750,42.2,0,626000,56.2,0,Personal,Salaried,Central,1,11750.37,0,0,0,21.02,Low,0.0162
LN102606,2023-06-13,33,42200,11.9,568000,36,13.05,716,40.3,0,967000,58.7,2,Home,Salaried,East,2,19151.85,0,0,0,24.36,Low,0.0214
LN100099,2023-06-13,36,67200,11.4,284000,84,11.7,657,21.5,0,284000,100.0,4,Education,Government,West,2,4967.93,0,0,0,27.85,Moderate,0.0415
LN100167,2023-06-14,55,60500,4.1,779000,48,11.24,590,17.2,0,958000,81.3,2,Auto,Salaried,South,0,20224.58,0,0,0,25.33,Moderate,0.0389
LN102850,2023-06-14,33,170000,10.7,477000,36,14.9,760,29.0,1,538000,88.7,1,Home,Salaried,South,1,16512.01,0,0,0,23.1,Low,0.0166
LN103152,2023-06-14,21,51000,1.1,195000,72,11.11,733,36.3,1,332000,58.7,0,Home,Salaried,West,2,3722.64,0,0,0,24.66,Low,0.0225
LN100645,2023-06-14,36,28200,6.5,283000,36,7.94,733,34.0,1,411000,68.9,3,Home,Salaried,South,2,8860.36,0,0,0,25.22,Moderate,0.023
LN103332,2023-06-14,52,69900,6.8,429000,60,10.8,766,34.6,1,543000,79.0,0,Home,Contract,East,3,9284.77,10,0,0,26.27,Moderate,0.0339
LN102742,2023-06-14,38,48000,9.1,1361000,48,14.01,750,39.6,0,1079000,126.1,1,Business,Salaried,South,2,37198.16,0,0,0,29.16,Moderate,0.0557
LN102933,2023-06-15,47,124900,5.4,358000,72,10.11,765,40.4,1,476000,75.2,0,Home,Salaried,West,1,6652.13,0,0,0,23.77,Low,0.02
LN102108,2023-06-15,35,20900,16.3,427000,24,9.32,749,44.3,1,326000,131.0,1,Personal,Salaried,West,1,19570.14,0,0,0,30.97,Moderate,0.0669
LN104260,2023-06-15,47,25800,9.7,546000,72,10.18,627,39.7,0,410000,133.2,0,Auto,Salaried,North,0,10164.74,0,0,0,33.07,Moderate,0.1258
LN102027,2023-06-15,49,37800,2.2,1443000,48,7.87,679,32.0,0,2216000,65.1,1,Auto,Salaried,Central,1,35139.86,0,0,0,23.63,Low,0.0251
LN103425,2023-06-15,48,64000,17.2,190000,60,13.24,750,29.8,1,136000,139.7,3,Business,Salaried,West,0,4346.46,0,0,0,27.22,Moderate,0.0388
LN100770,2023-06-15,44,160900,7.9,696000,36,10.38,635,66.5,0,1067000,65.2,1,Education,Government,East,2,22582.34,15,0,0,34.54,Moderate,0.1282
LN100889,2023-06-16,48,54900,3.2,269000,36,7.58,606,58.4,0,184000,146.2,1,Personal,Salaried,North,1,8377.46,0,0,0,40.88,Moderate,0.3912
LN101520,2023-06-16,49,55000,15.4,411000,72,8.97,671,38.8,0,314000,130.9,2,Auto,Salaried,North,1,7402.38,15,0,0,31.99,Moderate,0.0865
LN103158,2023-06-16,50,80100,2.9,328000,36,14.03,779,29.6,0,477000,68.8,1,Auto,Salaried,South,1,11215.04,10,0,0,18.23,Low,0.0091
LN102633,2023-06-16,41,91100,11.7,457000,24,16.52,708,52.0,0,457000,100.0,1,Education,Salaried,North,2,22489.85,0,0,0,31.25,Moderate,0.0701
LN104382,2023-06-16,32,35500,4.4,724000,72,14.04,765,5.0,2,1011000,71.6,1,Auto,Salaried,East,1,14934.07,0,0,0,18.33,Low,0.0068
LN100776,2023-06-17,31,80800,4.6,795000,48,10.56,649,61.3,0,822000,96.7,2,Home,Government,North,0,20377.73,10,0,0,32.57,Moderate,0.121
LN104735,2023-06-17,47,60700,5.4,527000,60,12.48,622,36.5,1,677000,77.8,2,Home,Salaried,Central,3,11851.05,0,0,0,34.15,Moderate,0.1004
LN103446,2023-06-17,37,89500,10.5,320000,72,12.71,765,35.8,0,576000,55.6,2,Education,Self-employed,Central,2,6374.84,0,0,0,20.55,Low,0.0136
LN101025,2023-06-17,42,68700,10.2,180000,48,10.62,725,37.9,0,194000,92.8,0,Personal,Salaried,South,0,4619.05,0,0,0,23.48,Low,0.0267
LN101944,2023-06-17,44,27500,11.1,389000,72,10.68,601,43.1,0,330000,117.9,1,Home,Salaried,South,2,7340.66,0,0,0,36.93,Moderate,0.1831
LN104669,2023-06-17,38,74000,16.8,850000,24,11.79,654,28.2,0,928000,91.6,0,Personal,Salaried,North,1,39929.14,0,0,0,26.84,Moderate,0.0405
LN100573,2023-06-18,36,54300,4.1,316000,84,12.05,732,31.0,0,250000,126.4,1,Auto,Government,South,0,5586.72,0,0,0,25.09,Moderate,0.0345
LN102223,2023-06-18,36,290300,4.5,308000,36,10.88,789,37.7,1,218000,141.3,3,Education,Salaried,West,1,10066.03,0,0,0,28.57,Moderate,0.0463
LN104628,2023-06-18,48,43000,6.9,326000,48,12.56,615,31.0,0,224000,145.5,2,Auto,Self-employed,Central,0,8674.74,0,0,0,33.19,Moderate,0.1625
LN102009,2023-06-18,46,130000,3.1,406000,24,7.54,704,62.3,2,425000,95.5,1,Auto,Contract,North,0,18277.22,0,0,0,33.74,Moderate,0.1484
LN103049,2023-06-18,49,67700,8.5,684000,12,14.09,742,12.8,1,592000,115.5,0,Home,Salaried,West,0,61443.36,0,0,0,21.83,Low,0.0158
LN100472,2023-06-18,24,54300,4.8,559000,60,10.26,727,32.9,0,818000,68.3,1,Home,Self-employed,North,0,11948.74,0,0,0,19.92,Low,0.0171
LN104211,2023-06-18,33,41700,5.4,1306000,24,10.35,664,45.0,0,1712000,76.3,1,Business,Salaried,North,2,60476.47,0,0,0,29.81,Moderate,0.0677
LN101185,2023-06-18,46,45400,3.6,354000,84,13.41,735,54.2,0,488000,72.5,2,Personal,Salaried,South,0,6519.12,0,0,0,24.18,Low,0.0325
LN104799,2023-06-18,45,36800,1.9,629000,60,11.09,670,39.2,0,671000,93.7,2,Business,Self-employed,North,1,13704.23,60,1,0,28.41,Moderate,0.0773
LN103296,2023-06-19,53,167700,14.9,511000,72,11.79,725,38.8,0,467000,109.4,4,Home,Contract,East,0,9934.43,0,0,0,25.32,Moderate,0.0428
LN100230,2023-06-19,31,154800,10.1,623000,72,10.56,824,35.7,1,480000,129.8,1,Business,Government,North,2,11718.31,0,0,0,26.83,Moderate,0.0306
LN103734,2023-06-20,45,30600,13.7,272000,60,12.92,649,29.9,0,329000,82.7,2,Personal,Salaried,South,1,6177.7,10,0,0,26.56,Moderate,0.0403
LN101740,2023-06-20,37,28600,7.6,276000,48,10.83,779,22.1,2,382000,72.3,3,Auto,Salaried,East,1,7110.6,0,0,0,21.08,Low,0.0104
LN104610,2023-06-20,39,69100,4.7,347000,36,19.01,707,18.2,0,370000,93.8,0,Home,Salaried,North,0,12721.39,15,0,0,20.59,Low,0.0159
LN102129,2023-06-21,44,121900,12.1,320000,60,12.07,724,36.2,0,480000,66.7,2,Personal,Contract,West,2,7129.55,0,0,0,23.91,Low,0.0313
LN103814,2023-06-21,27,75500,5.7,1282000,24,9.29,701,22.0,0,948000,135.2,1,Personal,Salaried,North,0,58738.57,0,0,0,25.81,Moderate,0.0439
LN104165,2023-06-22,45,63000,4.0,470000,48,9.61,761,55.9,1,340000,138.2,4,Home,Government,Central,0,11832.58,10,0,0,31.71,Moderate,0.0882
LN101033,2023-06-22,44,42400,6.4,319000,72,8.92,766,5.0,1,516000,61.8,3,Auto,Self-employed,East,1,5737.49,0,0,0,15.29,Low,0.0056
LN103362,2023-06-22,22,34400,12.0,362000,60,10.21,691,39.4,0,418000,86.6,2,Business,Self-employed,South,0,7728.89,0,0,0,24.96,Low,0.0414
LN102881,2023-06-22,21,58000,13.0,1003000,60,9.62,598,40.9,0,690000,145.4,1,Personal,Self-employed,West,0,21123.73,0,0,0,36.06,Moderate,0.2504
LN102874,2023-06-22,38,252100,13.1,1263000,60,13.07,756,5.0,0,2057000,61.4,2,Personal,Salaried,North,1,28782.41,20,0,0,13.78,Low,0.0041
LN100251,2023-06-22,46,50200,3.3,498000,84,12.51,783,40.3,0,391000,127.4,1,Business,Salaried,North,0,8927.46,0,0,0,24.35,Low,0.0327
LN100849,2023-06-23,33,49600,18.3,764000,48,10.2,707,62.3,0,758000,100.8,3,Home,Self-employed,South,2,19450.48,0,0,0,33.44,Moderate,0.1111
LN102403,2023-06-23,36,59500,17.4,418000,84,13.72,705,29.4,0,568000,73.6,2,Home,Salaried,East,1,7768.81,0,0,0,22.58,Low,0.0165
LN101759,2023-06-23,50,70100,2.7,311000,24,10.47,820,32.4,1,500000,62.2,1,Education,Salaried,East,1,14418.63,0,0,0,17.95,Low,0.0073
LN101889,2023-06-23,38,62100,6.7,227000,36,16.22,627,26.4,0,278000,81.7,2,Business,Salaried,East,1,8005.32,0,0,0,26.92,Moderate,0.0472
LN103336,2023-06-23,26,40800,7.3,289000,84,9.08,690,41.4,0,414000,69.8,1,Auto,Salaried,North,0,4661.49,0,0,0,23.73,Low,0.0262
LN103732,2023-06-24,21,74800,24.5,877000,72,14.15,659,35.8,0,1165000,75.3,1,Business,Self-employed,South,0,18141.75,0,0,0,24.8,Low,0.0343
LN101880,2023-06-24,47,71100,4.0,382000,72,14.46,780,61.8,0,284000,134.5,0,Personal,Self-employed,North,0,7965.79,0,0,0,29.52,Moderate,0.0957
LN104608,2023-06-24,44,32800,11.3,518000,60,12.34,666,24.5,0,630000,82.2,2,Home,Salaried,West,2,11611.82,0,0,0,26.19,Moderate,0.031
LN101254,2023-06-24,49,54000,8.7,532000,60,15.21,678,40.0,0,649000,82.0,1,Business,Salaried,East,2,12714.96,0,0,0,28.64,Moderate,0.0529
LN104996,2023-06-25,44,24900,7.1,245000,60,13.57,699,29.2,0,261000,93.9,2,Auto,Salaried,South,2,5646.25,0,0,0,26.56,Moderate,0.0344
LN103242,2023-06-25,23,59800,19.3,200000,72,15.52,660,23.7,1,139000,143.9,5,Auto,Self-employed,North,0,4285.69,10,0,0,31.19,Moderate,0.0863
LN102752,2023-06-25,34,95900,3.3,866000,60,8.23,668,45.3,1,624000,138.8,2,Education,Contract,West,1,17654.84,0,0,0,36.24,Moderate,0.227
LN104984,2023-06-26,43,36700,9.5,530000,48,10.37,603,13.2,0,830000,63.9,2,Home,Salaried,North,1,13536.54,0,0,0,23.77,Low,0.0244
LN103407,2023-06-26,39,28700,8.0,530000,48,13.15,571,5.0,0,718000,73.8,1,Auto,Government,Central,1,14258.06,0,0,0,24.82,Low,0.0306
LN103605,2023-06-26,31,112200,4.4,351000,84,14.03,728,25.0,0,569000,61.7,1,Auto,Salaried,South,2,6583.56,20,0,0,20.96,Low,0.0133
LN102114,2023-06-26,45,108200,7.7,302000,84,11.99,748,44.3,0,246000,122.8,1,Home,Self-employed,Central,2,5329.51,20,0,0,29.87,Moderate,0.0715
LN100397,2023-06-26,50,92400,12.3,467000,24,10.54,646,25.8,1,427000,109.4,1,Business,Salaried,North,0,21666.26,0,0,0,28.9,Moderate,0.0583
LN100797,2023-06-26,44,57400,10.0,736000,36,12.82,639,53.3,1,1274000,57.8,5,Business,Contract,West,4,24734.99,30,0,0,36.28,Moderate,0.1716
LN101857,2023-06-27,36,56500,6.9,615000,84,10.83,704,35.3,2,622000,98.9,4,Personal,Salaried,South,0,10475.41,0,0,0,28.68,Moderate,0.0513
LN103020,2023-06-27,49,20700,8.6,504000,36,12.43,667,27.2,0,669000,75.3,1,Personal,Self-employed,North,3,16843.71,0,0,0,27.66,Moderate,0.0511
LN104926,2023-06-27,34,43500,7.8,1592000,60,7.76,693,50.1,0,2786000,57.1,2,Home,Salaried,North,2,32097.47,0,0,0,27.38,Moderate,0.0386
LN100952,2023-06-28,27,46100,10.9,841000,84,9.62,767,53.4,1,1294000,65.0,1,Auto,Government,North,1,13797.03,30,0,0,25.24,Moderate,0.0236
LN102643,2023-06-28,32,65200,4.9,370000,36,14.75,726,5.0,2,262000,141.2,4,Education,Self-employed,South,1,12780.92,0,0,0,27.35,Moderate,0.042
LN102493,2023-06-28,51,65100,6.9,345000,72,13.66,771,40.5,0,332000,103.9,1,Auto,Salaried,East,1,7046.32,0,0,0,24.34,Low,0.0252
LN100285,2023-06-28,21,79400,2.5,432000,60,10.28,831,20.5,0,648000,66.7,2,Business,Salaried,North,4,9238.35,5,0,0,18.44,Low,0.0073
LN101761,2023-06-28,45,59200,11.2,390000,72,13.0,713,15.6,0,418000,93.3,1,Personal,Contract,South,0,7828.9,0,0,0,19.7,Low,0.0196
LN101900,2023-06-29,44,102400,11.9,784000,60,14.53,680,22.8,0,933000,84.0,2,Education,Contract,Central,1,18458.44,0,0,0,23.63,Low,0.0308
LN100290,2023-06-29,36,138300,4.2,493000,36,12.21,680,34.5,0,662000,74.5,0,Personal,Contract,Central,1,16424.15,0,0,0,25.02,Moderate,0.0486
LN100983,2023-06-29,38,78500,5.4,602000,12,13.45,731,36.7,1,607000,99.2,2,Auto,Self-employed,West,1,53896.18,0,0,0,27.23,Moderate,0.046
LN100703,2023-06-29,25,48600,5.0,456000,36,9.49,794,30.6,0,655000,69.6,5,Home,Government,North,1,14604.89,0,0,0,17.71,Low,0.008
LN101469,2023-06-29,42,47300,16.7,369000,84,13.12,697,50.4,2,462000,79.9,4,Home,Contract,North,0,6736.93,0,0,0,30.17,Moderate,0.0705
LN100775,2023-06-30,24,34800,10.9,436000,36,12.91,778,56.0,0,295000,147.8,0,Auto,Salaried,West,3,14671.67,10,0,0,34.79,Moderate,0.1098
LN101620,2023-06-30,39,20800,5.3,468000,36,13.86,648,19.1,0,373000,125.5,2,Auto,Salaried,Central,0,15963.33,0,0,0,27.06,Moderate,0.0501
LN103951,2023-06-30,30,36400,11.7,170000,24,9.95,658,25.5,0,177000,96.0,3,Auto,Salaried,West,1,7840.71,0,0,0,26.53,Moderate,0.0368
LN104708,2023-06-30,47,34100,8.0,124000,60,12.2,676,50.6,1,193000,64.2,0,Education,Salaried,North,1,2770.86,0,0,0,29.42,Moderate,0.053
LN102592,2023-06-30,38,45200,10.9,4706000,60,14.43,743,24.4,0,7768000,60.6,3,Auto,Self-employed,East,1,110552.31,10,0,0,18.27,Low,0.0104
LN100127,2023-07-01,33,64600,7.1,1729000,12,9.29,734,31.7,0,1435000,120.5,0,Home,Self-employed,South,1,151436.22,0,0,0,26.2,Moderate,0.044
LN104128,2023-07-01,31,85500,4.6,601000,36,10.14,750,37.6,2,854000,70.4,1,Home,Salaried,North,1,19432.11,0,0,0,25.52,Moderate,0.0238
LN101364,2023-07-02,49,126700,6.7,264000,72,15.4,752,31.7,1,309000,85.4,2,Personal,Self-employed,East,0,5639.79,0,0,0,22.07,Low,0.0231
LN101729,2023-07-02,55,153000,7.3,418000,72,10.28,691,38.3,1,564000,74.1,2,Personal,Salaried,South,1,7802.95,0,0,0,27.15,Moderate,0.0409
LN102975,2023-07-02,39,75800,20.9,471000,84,9.85,679,26.5,2,708000,66.5,2,Education,Salaried,East,3,7782.7,0,0,0,30.0,Moderate,0.0339
LN101119,2023-07-02,47,55100,5.7,212000,36,12.79,802,47.9,0,305000,69.5,4,Auto,Salaried,Central,3,7121.69,0,0,0,24.07,Low,0.0189
LN104201,2023-07-02,28,51700,17.0,118000,72,10.81,722,64.7,2,94000,125.5,1,Home,Government,East,3,2787.49,0,0,0,41.27,Moderate,0.2106
LN100667,2023-07-02,52,91700,7.6,451000,72,9.36,606,31.8,1,720000,62.6,2,Personal,Salaried,South,1,8210.33,0,0,0,29.2,Moderate,0.0604
LN103440,2023-07-02,39,44400,8.6,323000,36,10.74,710,54.8,1,320000,100.9,1,Home,Salaried,Central,1,10534.88,0,0,0,32.13,Moderate,0.0813
LN100011,2023-07-03,34,92400,20.4,937000,36,6.51,822,22.4,0,1611000,58.2,1,Business,Salaried,Central,0,28722.38,0,0,0,11.78,Low,0.0027
LN100353,2023-07-03,37,113600,7.9,465000,48,11.56,706,5.0,0,823000,56.5,2,Auto,Self-employed,East,0,12145.02,0,0,0,14.27,Low,0.0062
LN103511,2023-07-03,30,86100,9.5,776000,48,12.98,742,44.3,1,788000,98.5,0,Education,Salaried,Central,1,20810.43,180,1,1,28.09,Moderate,0.0403
LN104712,2023-07-03,42,35100,7.6,152000,72,10.8,682,42.3,0,155000,98.1,0,Personal,Salaried,West,2,2877.63,20,0,0,30.5,Moderate,0.0746
LN104180,2023-07-03,41,62100,5.1,356000,12,12.75,681,28.7,1,493000,72.2,0,Business,Salaried,West,1,31755.21,90,1,1,25.57,Moderate,0.0319
LN102353,2023-07-04,26,114500,10.8,162000,48,9.18,636,15.1,0,112000,144.6,2,Personal,Salaried,North,0,4045.24,0,0,0,28.81,Moderate,0.0704
LN102054,2023-07-04,26,69600,10.0,1212000,72,11.45,834,61.2,1,1875000,64.6,2,Personal,Salaried,North,3,23349.62,0,0,0,26.55,Moderate,0.0257
LN101207,2023-07-04,32,69200,10.8,461000,24,13.06,769,26.4,0,631000,73.1,1,Home,Government,South,0,21929.77,30,0,0,16.88,Low,0.0072
LN100024,2023-07-04,33,193900,4.6,428000,48,9.68,768,19.4,0,408000,104.9,0,Home,Salaried,North,1,10789.53,0,0,0,20.38,Low,0.0132
LN103348,2023-07-05,44,86000,12.5,211000,36,8.24,770,18.9,0,149000,141.6,1,Personal,Salaried,East,3,6635.36,0,0,0,27.18,Moderate,0.0346
LN103715,2023-07-05,37,85300,2.4,304000,36,12.33,697,31.7,0,249000,122.1,3,Personal,Salaried,Central,2,10145.13,0,0,0,29.98,Moderate,0.0739
LN100085,2023-07-05,33,198400,14.4,501000,12,9.98,669,39.3,1,853000,58.7,2,Home,Salaried,South,1,44041.2,0,0,0,26.98,Moderate,0.0322
LN103910,2023-07-05,25,42600,3.9,375000,24,10.65,752,31.3,0,518000,72.4,1,Auto,Salaried,Central,0,17417.07,0,0,0,18.69,Low,0.0111
LN101912,2023-07-05,44,46800,11.6,582000,24,13.36,681,27.3,0,792000,73.5,1,Personal,Salaried,Central,2,27767.86,0,0,0,25.09,Moderate,0.0283
LN104551,2023-07-05,46,67300,17.6,584000,12,11.64,757,27.1,1,923000,63.3,4,Personal,Self-employed,West,1,51789.39,0,0,0,20.34,Low,0.0129
LN101804,2023-07-06,22,42900,6.9,395000,12,10.73,715,27.2,2,454000,87.0,2,Personal,Government,South,2,34861.03,0,0,0,28.62,Moderate,0.0405
LN100052,2023-07-06,32,76600,7.5,340000,12,13.39,724,25.0,1,486000,70.0,2,Personal,Salaried,Central,2,30430.12,0,0,0,24.0,Low,0.0209
LN103568,2023-07-06,40,80500,8.1,660000,72,14.26,676,61.8,0,621000,106.3,1,Business,Salaried,South,0,13691.84,0,0,0,32.2,Moderate,0.1176
LN104464,2023-07-06,33,84100,6.3,608000,60,9.17,774,15.5,0,578000,105.2,4,Personal,Salaried,East,0,12671.3,0,0,0,17.64,Low,0.0101
LN103091,2023-07-06,45,97600,7.5,245000,36,15.18,653,43.9,1,196000,125.0,1,Education,Salaried,Central,1,8514.62,0,0,0,35.38,Moderate,0.1436
LN100493,2023-07-07,30,176600,7.9,409000,72,8.81,741,29.8,0,643000,63.6,3,Personal,Contract,Central,1,7333.94,0,0,0,19.76,Low,0.018
LN100292,2023-07-07,33,31700,5.7,953000,60,11.86,643,29.6,0,927000,102.8,2,Home,Salaried,East,0,21131.6,5,0,0,27.16,Moderate,0.0503
LN100997,2023-07-07,44,36200,4.7,1100000,72,8.62,747,30.9,0,1437000,76.5,1,Home,Salaried,North,1,19621.27,0,0,0,20.95,Low,0.0146
LN101351,2023-07-07,22,39500,5.2,528000,48,10.24,599,32.2,0,458000,115.3,1,Personal,Self-employed,Central,0,13452.38,15,0,0,31.26,Moderate,0.1376
LN104955,2023-07-08,25,90800,11.9,396000,48,10.09,645,32.4,0,558000,71.0,2,Education,Government,Central,1,10060.71,0,0,0,26.1,Moderate,0.034
LN102738,2023-07-08,52,71900,15.0,362000,36,12.35,658,19.3,0,241000,150.2,1,Education,Salaried,Central,2,12084.18,0,0,0,32.36,Moderate,0.085
LN102859,2023-07-08,40,84400,7.5,851000,48,11.6,678,30.5,0,1066000,79.8,2,Business,Contract,North,0,22243.32,0,0,0,23.19,Low,0.0374
LN102218,2023-07-08,57,38100,10.7,289000,36,10.58,833,29.9,1,408000,70.8,2,Personal,Self-employed,Central,0,9404.11,5,0,0,15.96,Low,0.0071
LN103802,2023-07-08,27,82500,4.8,79000,36,13.84,656,22.0,1,73000,108.2,3,Home,Salaried,North,2,2693.9,20,0,0,30.82,Moderate,0.0651
LN100557,2023-07-08,34,107500,7.6,852000,36,13.11,684,51.8,1,1288000,66.1,0,Education,Salaried,South,1,28752.41,0,0,0,29.42,Moderate,0.0531
LN102247,2023-07-09,26,65500,16.8,470000,60,7.78,738,13.4,1,563000,83.5,3,Education,Salaried,East,1,9480.5,0,0,0,20.63,Low,0.0101
LN102877,2023-07-09,32,76000,11.0,420000,48,10.49,828,35.5,0,465000,90.3,3,Personal,Self-employed,West,1,10751.39,0,0,0,18.96,Low,0.0125
LN104412,2023-07-09,28,85000,10.2,943000,48,18.42,721,34.1,1,844000,111.7,0,Business,Government,South,1,27908.01,0,0,0,28.49,Moderate,0.0479
LN104126,2023-07-09,30,85500,8.9,327000,60,8.7,755,28.4,0,530000,61.7,1,Home,Salaried,South,0,6740.47,0,0,0,16.88,Low,0.0075
LN102274,2023-07-10,28,129500,10.4,1270000,48,11.78,761,55.8,0,1491000,85.2,1,Personal,Salaried,East,1,33306.95,10,0,0,26.06,Moderate,0.0359
LN102759,2023-07-10,44,34900,7.0,306000,84,11.61,689,30.6,1,368000,83.2,0,Personal,Salaried,West,0,5338.12,0,0,0,24.96,Low,0.0318
LN104609,2023-07-10,30,82600,4.9,654000,60,8.26,698,10.5,0,668000,97.9,0,Business,Salaried,East,0,13342.29,0,0,0,19.94,Low,0.0158
LN103430,2023-07-10,42,45000,10.7,273000,60,12.67,758,51.8,0,400000,68.2,1,Business,Contract,West,3,6165.57,0,0,0,27.05,Moderate,0.0465
LN100404,2023-07-11,34,43200,1.2,835000,72,13.63,718,47.8,0,585000,142.7,2,Auto,Self-employed,West,2,17040.8,0,0,0,34.15,Moderate,0.1562
LN100088,2023-07-11,33,67700,9.5,425000,60,14.52,763,36.3,0,723000,58.8,0,Home,Self-employed,South,2,10003.95,0,0,0,21.08,Low,0.0152
LN101258,2023-07-11,32,40200,3.5,672000,48,10.42,635,23.2,0,1208000,55.6,0,Business,Salaried,South,2,17179.52,0,0,0,24.92,Low,0.0311
LN101018,2023-07-11,35,60600,3.1,284000,60,12.4,714,33.0,0,498000,57.0,1,Home,Salaried,South,0,6374.98,0,0,0,19.5,Low,0.0132
LN104733,2023-07-11,42,35800,10.8,431000,72,7.45,746,42.6,0,328000,131.4,2,Business,Salaried,North,0,7441.61,0,0,0,27.17,Moderate,0.0485
LN101267,2023-07-11,30,103500,14.9,299000,48,10.69,691,6.5,0,313000,95.5,1,Auto,Salaried,Central,1,7682.88,0,0,0,20.93,Low,0.0132
LN100961,2023-07-11,50,178600,8.7,344000,36,10.61,693,8.8,2,577000,59.6,2,Personal,Self-employed,South,2,11198.69,5,0,0,23.37,Low,0.02
LN104042,2023-07-11,23,78900,2.1,634000,24,9.12,770,17.1,0,647000,98.0,4,Auto,Salaried,West,0,28999.05,5,0,0,17.46,Low,0.0092
LN100349,2023-07-11,36,66100,8.5,445000,72,11.44,659,27.3,2,396000,112.4,4,Home,Government,Central,2,8570.79,0,0,0,34.15,Moderate,0.0921
LN104725,2023-07-12,21,56300,3.8,781000,60,8.17,642,47.4,0,993000,78.7,3,Home,Salaried,West,2,15899.48,0,0,0,31.7,Moderate,0.087
LN103583,2023-07-12,27,87900,20.6,561000,12,13.52,618,26.0,0,682000,82.3,1,Education,Salaried,South,1,50243.96,0,0,0,27.38,Moderate,0.0381
LN101793,2023-07-12,44,48600,21.0,470000,84,10.24,557,47.8,0,350000,134.3,1,Auto,Salaried,East,2,7860.96,5,0,0,41.84,Moderate,0.322
LN101036,2023-07-12,27,98300,6.6,146000,60,8.96,777,28.3,0,216000,67.6,1,Auto,Self-employed,East,0,3027.89,0,0,0,16.28,Low,0.0086
LN104668,2023-07-12,30,41700,5.9,198000,48,11.2,671,30.6,1,310000,63.9,3,Home,Salaried,North,2,5136.67,0,0,0,27.32,Moderate,0.0346
LN100303,2023-07-12,43,84800,3.2,295000,60,10.74,827,50.8,2,471000,62.6,2,Home,Salaried,South,4,6375.83,0,0,0,28.3,Moderate,0.0265
LN102960,2023-07-13,31,48000,15.1,1504000,72,13.75,781,34.6,1,2340000,64.3,0,Home,Self-employed,North,3,30790.06,0,0,0,24.0,Low,0.0177
LN104515,2023-07-13,30,34100,18.7,170000,84,6.5,780,55.9,0,306000,55.6,0,Personal,Government,North,1,2524.4,0,0,0,22.11,Low,0.0158
LN104354,2023-07-13,42,23000,20.4,762000,84,9.95,658,32.6,2,774000,98.4,3,Auto,Self-employed,East,3,12630.42,45,1,0,35.52,Moderate,0.1068
LN104325,2023-07-13,47,77300,15.2,727000,84,14.72,809,14.2,0,576000,126.2,3,Auto,Salaried,South,1,13914.78,5,0,0,19.3,Low,0.0092
LN104766,2023-07-13,27,101700,5.9,346000,48,9.03,733,45.0,0,437000,79.2,1,Auto,Salaried,South,4,8615.15,0,0,0,29.78,Moderate,0.0471
LN103846,2023-07-13,48,55100,7.6,877000,60,13.74,702,32.2,0,786000,111.6,1,Auto,Salaried,South,0,20288.23,0,0,0,25.44,Moderate,0.0353
LN103692,2023-07-13,49,83800,10.1,618000,48,9.07,718,25.3,0,425000,145.4,2,Personal,Self-employed,North,2,15399.51,0,0,0,29.92,Moderate,0.0803
LN102681,2023-07-14,35,44200,11.3,286000,60,12.44,755,42.1,0,334000,85.6,1,Education,Salaried,East,1,6425.69,5,0,0,23.68,Low,0.0211
LN101293,2023-07-14,46,80100,10.6,782000,84,13.86,677,22.6,1,532000,147.0,2,Personal,Salaried,East,4,14594.28,0,0,0,37.05,Moderate,0.1465
LN100275,2023-07-14,42,94700,15.8,392000,36,11.08,780,33.7,2,332000,118.1,1,Auto,Salaried,North,1,12848.43,0,0,0,27.92,Moderate,0.0304
LN100976,2023-07-14,34,143700,8.0,171000,72,9.49,708,50.6,1,221000,77.4,1,Business,Government,South,2,6059.35,10,0,0,30.71,Moderate,0.0638
LN101097,2023-07-14,21,67800,6.7,1130000,72,10.94,748,54.8,2,1165000,97.0,2,Education,Salaried,Central,1,21473.8,15,0,0,31.73,Moderate,0.0662
LN102580,2023-07-15,41,115000,4.8,503000,36,12.54,713,48.0,1,454000,110.8,2,Education,Salaried,West,2,16836.83,0,0,0,33.27,Moderate,0.093
LN102304,2023-07-15,56,80900,1.7,745000,72,12.64,659,17.9,0,666000,111.9,0,Home,Self-employed,Central,1,14814.03,0,0,0,26.55,Moderate,0.0529
LN104111,2023-07-15,31,84200,7.7,345000,60,8.77,707,10.2,0,339000,101.8,1,Auto,Salaried,West,1,7123.18,0,0,0,21.46,Low,0.0159
LN101272,2023-07-15,28,62200,11.6,563000,36,12.85,679,38.6,0,872000,64.6,1,Personal,Salaried,North,2,18929.04,10,0,0,26.57,Moderate,0.0363
LN103300,2023-07-15,41,130600,13.1,302000,72,11.39,670,22.2,0,302000,100.0,0,Business,Salaried,South,1,5808.8,0,0,0,25.64,Moderate,0.0339
LN100018,2023-07-15,30,70000,10.7,597000,48,10.19,772,40.0,0,900000,66.3,3,Auto,Salaried,West,2,15195.99,0,0,0,22.09,Low,0.0142
LN100259,2023-07-15,45,171600,5.8,802000,48,6.97,764,33.6,0,959000,83.6,1,Home,Self-employed,East,2,19193.73,0,0,0,22.97,Low,0.0224
LN100872,2023-07-15,26,77300,10.5,487000,48,12.83,776,30.6,0,401000,121.4,1,Home,Salaried,Central,3,13023.94,0,0,0,27.18,Moderate,0.0313
LN104642,2023-07-16,36,73800,2.2,317000,72,17.0,760,28.4,1,355000,89.3,2,Business,Self-employed,East,0,7052.02,0,0,0,21.37,Low,0.0214
LN101963,2023-07-16,44,55200,5.2,344000,72,11.53,648,36.4,2,365000,94.2,0,Auto,Self-employed,South,2,6641.49,0,0,0,34.73,Moderate,0.128
LN100483,2023-07-16,40,66200,17.2,207000,12,9.34,647,25.6,1,349000,59.3,0,Auto,Salaried,Central,0,18135.11,0,0,0,23.8,Low,0.0203
LN104653,2023-07-16,44,134700,15.3,400000,48,12.09,704,23.3,0,444000,90.1,1,Auto,Contract,South,1,10551.22,0,0,0,23.07,Low,0.0263
LN104514,2023-07-16,36,71800,4.0,297000,84,12.57,508,33.7,2,240000,123.8,1,Business,Self-employed,South,1,5333.82,30,0,0,42.89,Moderate,0.4645
LN100785,2023-07-16,48,86300,1.6,470000,24,15.22,801,22.2,0,609000,77.2,4,Education,Government,East,4,22837.88,0,0,0,21.42,Low,0.0115
LN100882,2023-07-16,34,89800,27.8,310000,60,11.22,706,48.8,0,315000,98.4,0,Business,Salaried,North,3,6774.21,0,0,0,32.22,Moderate,0.0649
LN100232,2023-07-17,38,39200,10.7,215000,84,8.7,651,38.4,0,209000,102.9,1,Auto,Salaried,Central,0,3426.51,0,0,0,28.51,Moderate,0.0582
LN104591,2023-07-17,40,56000,14.1,1023000,60,13.35,717,25.1,0,1673000,61.1,3,Personal,Salaried,North,2,23460.09,0,0,0,21.5,Low,0.0143
LN101872,2023-07-17,35,34000,6.9,472000,72,7.42,630,33.6,0,450000,104.9,2,Auto,Self-employed,Central,1,8142.66,10,0,0,30.52,Moderate,0.0954
LN102462,2023-07-17,42,36900,10.7,323000,48,11.37,730,61.7,0,499000,64.7,0,Home,Salaried,East,0,8406.26,0,0,0,25.16,Moderate,0.0309
LN102190,2023-07-17,24,70100,9.2,238000,48,10.43,562,67.3,0,262000,90.8,2,Education,Salaried,North,1,6085.56,0,0,0,39.45,Moderate,0.2894
LN103447,2023-07-17,31,187700,14.3,273000,72,10.64,662,29.5,0,472000,57.8,2,Home,Salaried,Central,2,5146.11,0,0,0,24.97,Low,0.0239
LN104966,2023-07-17,30,51500,12.2,551000,24,11.75,731,15.9,1,388000,142.0,2,Auto,Contract,Central,2,25873.2,0,0,0,29.01,Moderate,0.0584
LN101396,2023-07-17,26,68700,4.8,844000,36,9.33,729,47.9,0,794000,106.3,1,Education,Salaried,South,1,26968.79,0,0,0,28.28,Moderate,0.052
LN104213,2023-07-18,21,83900,8.0,1129000,36,13.81,741,26.6,0,961000,117.5,1,Personal,Self-employed,North,0,38482.44,0,0,0,22.84,Low,0.0306
LN100953,2023-07-18,51,95900,16.7,628000,60,13.62,768,20.7,0,704000,89.2,1,Auto,Self-employed,West,1,14489.04,0,0,0,19.07,Low,0.0109
LN101338,2023-07-18,35,69500,3.4,366000,84,11.73,673,75.0,0,590000,62.0,1,Personal,Salaried,East,3,6408.17,0,0,0,35.57,Moderate,0.1558
LN102550,2023-07-18,24,76600,5.5,434000,60,13.54,636,22.3,0,623000,69.7,0,Education,Government,South,2,9995.22,30,0,0,26.09,Moderate,0.0337
LN101450,2023-07-18,41,57000,11.1,121000,60,13.29,797,33.1,0,112000,108.0,1,Auto,Contract,North,0,2771.12,0,0,0,20.23,Low,0.0181
LN103587,2023-07-18,30,23300,12.1,780000,60,6.5,673,34.6,1,608000,128.3,1,Education,Salaried,South,2,15261.6,0,0,0,34.45,Moderate,0.1052
LN102001,2023-07-19,37,27700,15.2,1041000,72,11.84,689,35.3,0,1238000,84.1,2,Home,Salaried,East,0,20265.24,10,0,0,23.99,Low,0.0246
LN102865,2023-07-19,35,39900,10.7,292000,48,12.55,766,41.6,0,514000,56.8,1,Business,Government,West,3,7768.57,0,0,0,23.45,Low,0.0178
LN101079,2023-07-19,46,123500,3.4,629000,36,12.56,708,12.4,0,678000,92.8,0,Personal,Salaried,South,2,21060.44,15,0,0,22.61,Low,0.0207
LN103673,2023-07-19,45,115300,3.8,502000,60,12.55,684,9.5,0,846000,59.3,2,Auto,Salaried,Central,4,11306.74,0,0,0,23.28,Low,0.0165
LN101348,2023-07-19,26,37100,9.2,423000,24,9.71,779,52.8,1,373000,113.4,0,Personal,Salaried,Central,1,19462.73,0,0,0,29.33,Moderate,0.0547
LN101431,2023-07-20,45,18500,18.8,256000,60,11.94,765,29.8,1,279000,91.8,1,Auto,Salaried,West,0,5686.82,0,0,0,21.64,Low,0.0128
LN100551,2023-07-20,37,79000,15.3,503000,24,11.83,680,37.9,1,813000,61.9,2,Auto,Government,North,1,23638.04,0,0,0,26.44,Moderate,0.0288
LN102023,2023-07-20,26,66000,7.0,299000,36,12.03,673,36.5,0,216000,138.4,4,Home,Contract,North,0,9935.36,5,0,0,30.51,Moderate,0.1165
LN103895,2023-07-20,47,173500,3.5,484000,36,10.95,659,58.6,1,450000,107.6,3,Education,Salaried,East,1,15834.08,10,0,0,36.26,Moderate,0.1701
LN104324,2023-07-20,31,32500,21.4,1045000,36,9.24,675,40.5,0,1521000,68.7,0,Auto,Government,South,1,33347.57,0,0,0,25.9,Moderate,0.028
LN104348,2023-07-20,30,87100,16.5,646000,84,18.16,689,44.9,0,497000,130.0,1,Personal,Salaried,North,0,13638.17,0,0,0,30.5,Moderate,0.082
LN101921,2023-07-20,45,48000,9.9,1109000,60,11.25,686,53.9,2,1921000,57.7,1,Home,Salaried,South,1,24250.84,0,0,0,30.9,Moderate,0.0566
LN104714,2023-07-21,39,80900,4.3,356000,60,14.35,726,5.0,1,519000,68.6,3,Home,Salaried,North,0,8348.24,20,0,0,16.42,Low,0.0065
LN102420,2023-07-21,47,52900,3.2,547000,12,14.84,687,51.5,0,493000,111.0,0,Business,Government,North,1,49330.01,0,0,0,31.7,Moderate,0.1046
LN101874,2023-07-21,50,34000,15.2,836000,48,14.59,632,49.5,0,1457000,57.4,0,Business,Salaried,South,2,23093.13,0,0,0,30.51,Moderate,0.0671
LN101273,2023-07-21,35,38700,16.2,735000,72,13.21,700,34.5,1,1146000,64.1,4,Business,Government,West,1,14836.06,0,0,0,24.92,Low,0.0239
LN104062,2023-07-23,29,78800,16.4,298000,60,14.37,729,47.8,0,320000,93.1,1,Personal,Salaried,South,3,6991.23,0,0,0,30.28,Moderate,0.0553
LN100630,2023-07-23,23,45600,15.3,95000,84,14.89,716,27.1,2,71000,133.8,1,Personal,Contract,East,2,1827.33,20,0,0,33.23,Moderate,0.1079
LN104787,2023-07-23,32,145300,21.7,2116000,36,10.34,704,50.9,0,3685000,57.4,3,Home,Self-employed,East,1,68615.64,0,0,0,25.32,Moderate,0.0304
LN103358,2023-07-24,42,49600,19.3,142000,60,8.48,629,37.4,1,109000,130.3,2,Auto,Salaried,Central,0,2911.98,15,0,0,34.21,Moderate,0.1156
LN100688,2023-07-24,44,35400,7.5,370000,60,6.5,725,25.7,0,550000,67.3,3,Home,Salaried,West,1,7239.47,0,0,0,20.15,Low,0.0124
LN104491,2023-07-24,29,63600,11.1,1360000,48,9.38,747,54.8,0,2135000,63.7,2,Personal,Salaried,East,0,34089.58,0,0,0,22.78,Low,0.0227
LN104485,2023-07-24,24,121000,10.3,485000,48,12.83,686,51.7,0,806000,60.2,0,Education,Salaried,North,3,12970.45,0,0,0,30.04,Moderate,0.0526
LN104867,2023-07-24,38,68700,19.2,408000,12,9.85,649,31.0,0,316000,129.1,0,Personal,Salaried,South,2,35841.22,0,0,0,33.08,Moderate,0.0998
LN101259,2023-07-24,37,55400,7.0,127000,48,10.34,614,58.8,0,100000,127.0,0,Education,Government,West,2,3241.82,0,0,0,40.29,Moderate,0.2992
LN103830,2023-07-24,36,54100,5.7,517000,36,11.34,678,48.5,0,776000,66.6,0,Business,Self-employed,East,1,17009.28,0,0,0,27.13,Moderate,0.0585
LN104438,2023-07-24,35,96700,5.4,427000,36,11.52,633,22.0,0,717000,59.6,2,Personal,Salaried,Central,2,14084.82,0,0,0,25.18,Moderate,0.0324
LN102954,2023-07-25,29,124400,4.2,323000,48,8.85,780,32.8,0,469000,68.9,1,Business,Salaried,Central,1,8014.88,0,0,0,18.82,Low,0.0109
LN102170,2023-07-25,47,51500,5.7,797000,36,10.65,562,49.9,1,674000,118.2,2,Auto,Salaried,North,0,25960.86,0,0,0,39.05,Moderate,0.2806
LN104964,2023-07-25,32,139400,7.1,928000,36,11.36,666,41.7,1,1273000,72.9,2,Personal,Salaried,Central,2,30539.98,0,0,0,30.7,Moderate,0.0676
LN103445,2023-07-25,28,43200,4.6,618000,36,10.68,730,12.7,1,759000,81.4,1,Education,Contract,West,0,20139.0,20,0,0,19.03,Low,0.0145
LN102410,2023-07-25,45,107700,6.8,1434000,72,13.26,664,31.7,0,1071000,133.9,1,Business,Salaried,West,2,28983.42,0,0,0,32.91,Moderate,0.1118
LN101222,2023-07-26,44,62300,3.8,448000,60,12.99,742,44.9,0,744000,60.2,0,Auto,Salaried,Central,1,10191.08,30,1,0,22.38,Low,0.0189
LN102099,2023-07-26,45,33100,18.6,260000,72,12.57,649,42.1,0,417000,62.4,2,Home,Contract,West,0,5160.45,0,0,0,25.3,Moderate,0.0418
LN100100,2023-07-26,25,106500,3.2,300000,48,6.5,649,39.4,0,350000,85.7,0,Home,Salaried,North,0,7114.49,5,0,0,27.09,Moderate,0.0509
LN104250,2023-07-27,48,44100,2.7,1338000,12,10.4,615,34.4,0,1350000,99.1,1,Auto,Government,West,2,117880.52,10,0,0,32.56,Moderate,0.1041
LN104778,2023-07-27,28,97100,0.7,315000,60,6.5,762,29.3,2,354000,89.0,1,Business,Self-employed,East,1,6163.34,0,0,0,25.09,Moderate,0.0319
LN101899,2023-07-27,35,32000,9.8,221000,48,10.68,722,10.4,0,315000,70.2,6,Auto,Salaried,West,2,5677.58,0,0,0,19.21,Low,0.0091
LN102959,2023-07-28,28,54200,9.9,738000,84,10.08,734,48.0,2,1116000,66.1,3,Business,Salaried,North,2,12282.2,0,0,0,29.68,Moderate,0.0444
LN101730,2023-07-28,36,145700,7.5,1079000,60,9.05,806,52.1,0,1563000,69.0,0,Home,Salaried,Central,0,22424.46,0,0,0,19.65,Low,0.0119
LN100333,2023-07-28,32,115300,15.4,387000,24,12.48,634,61.9,0,662000,58.5,2,Personal,Self-employed,South,0,18304.3,0,0,0,29.67,Moderate,0.0894
LN101865,2023-07-28,23,106600,10.9,282000,36,9.5,751,33.4,0,364000,77.5,0,Home,Self-employed,West,1,9033.29,0,0,0,21.34,Low,0.0176
LN100231,2023-07-28,40,82900,4.2,321000,24,8.89,684,49.8,0,376000,85.4,1,Auto,Salaried,West,1,14648.61,0,0,0,28.95,Moderate,0.0599
LN102133,2023-07-28,43,68200,8.7,400000,72,13.29,693,48.0,0,285000,140.4,3,Personal,Self-employed,East,2,8091.0,20,0,0,35.29,Moderate,0.188
LN101005,2023-07-28,42,97100,3.7,609000,72,10.43,658,39.3,0,765000,79.6,2,Auto,Salaried,North,1,11414.74,0,0,0,27.65,Moderate,0.0494
LN102572,2023-07-29,35,47800,11.2,585000,60,12.5,686,31.6,1,665000,88.0,0,Auto,Salaried,North,1,13161.29,0,0,0,27.47,Moderate,0.0367
LN101980,2023-07-29,29,34600,12.2,367000,60,9.32,744,33.1,0,453000,81.0,1,Personal,Self-employed,North,0,7675.44,0,0,0,20.33,Low,0.0184
LN102548,2023-07-29,47,92700,7.8,158000,60,16.13,700,32.6,0,117000,135.0,0,Personal,Salaried,South,2,3853.18,0,0,0,31.29,Moderate,0.085
LN100126,2023-07-30,29,57000,15.1,415000,24,8.15,727,38.7,1,576000,72.0,3,Personal,Salaried,South,5,18797.73,0,0,0,31.79,Moderate,0.0504
LN104612,2023-07-30,51,51100,8.9,538000,72,12.93,627,41.0,0,691000,77.9,3,Home,Salaried,West,4,10780.0,0,0,0,34.46,Moderate,0.1037
LN102930,2023-07-30,46,87000,10.4,244000,36,6.76,729,5.0,0,407000,60.0,0,Auto,Government,East,3,7507.27,30,0,0,18.41,Low,0.007
LN101773,2023-07-30,40,37100,7.4,376000,36,12.9,722,36.0,1,505000,74.5,1,Auto,Salaried,East,0,12650.82,15,0,0,23.43,Low,0.021
LN101461,2023-07-30,27,35300,8.1,513000,72,13.59,699,57.5,0,402000,127.6,2,Personal,Self-employed,East,1,10458.45,5,0,0,33.92,Moderate,0.1691
LN103552,2023-07-30,41,83700,9.9,294000,72,7.0,691,11.9,0,358000,82.1,0,Auto,Salaried,North,0,5012.41,30,0,0,19.01,Low,0.0113
LN102751,2023-07-30,52,75700,4.5,704000,24,12.2,784,29.3,0,966000,72.9,0,Auto,Government,Central,3,33205.52,0,0,0,21.64,Low,0.0129
LN102380,2023-07-31,29,101700,8.7,1032000,60,10.89,677,5.9,0,1380000,74.8,2,Business,Salaried,Central,1,22381.61,0,0,0,19.49,Low,0.0124
LN103166,2023-07-31,34,150300,7.4,317000,60,14.69,697,26.9,1,211000,150.2,1,Auto,Salaried,North,1,7489.92,10,0,0,32.15,Moderate,0.0858
LN104670,2023-07-31,44,71100,6.3,426000,60,12.72,733,29.5,1,617000,69.0,1,Education,Salaried,East,0,9631.86,0,0,0,20.99,Low,0.0139
LN103317,2023-08-01,29,97300,12.0,1333000,36,10.17,632,15.8,0,2383000,55.9,1,Business,Self-employed,East,2,43118.63,0,0,0,23.62,Low,0.0274
LN104543,2023-08-01,33,49500,10.5,354000,48,11.93,729,10.1,1,612000,57.8,1,Business,Salaried,South,1,9310.02,15,0,0,17.87,Low,0.0075
LN104283,2023-08-01,47,91000,1.8,752000,84,16.03,686,32.3,0,1195000,62.9,1,Personal,Salaried,North,0,14949.12,30,0,0,21.43,Low,0.0216
LN103927,2023-08-01,42,56300,10.9,812000,12,11.75,592,12.5,0,1169000,69.5,2,Personal,Self-employed,West,1,72050.29,30,0,0,24.78,Low,0.0397
LN102813,2023-08-01,35,53700,9.0,126000,72,13.8,746,45.8,0,209000,60.3,0,Personal,Self-employed,North,1,2582.85,15,0,0,22.36,Low,0.0242
LN102962,2023-08-01,33,44700,11.7,308000,36,12.03,675,32.8,0,276000,111.6,2,Personal,Contract,South,1,10234.42,0,0,0,28.65,Moderate,0.081
LN102217,2023-08-01,37,137100,14.8,336000,72,14.14,632,34.6,0,324000,103.7,2,Business,Self-employed,North,2,6948.74,0,0,0,32.16,Moderate,0.1096
LN102426,2023-08-02,43,55600,5.7,449000,72,10.88,753,45.2,1,401000,112.0,0,Auto,Contract,East,0,8518.73,120,1,1,27.38,Moderate,0.0586
LN103544,2023-08-02,50,66900,10.6,396000,60,10.2,720,41.2,0,454000,87.2,3,Personal,Salaried,Central,0,8452.85,5,0,0,23.84,Low,0.0283
LN102064,2023-08-02,40,72800,5.4,223000,60,14.05,701,41.7,1,306000,72.9,1,Home,Salaried,South,2,5194.6,0,0,0,28.85,Moderate,0.0444
LN103730,2023-08-02,46,52300,15.4,223000,24,11.09,617,45.3,2,170000,131.2,2,Personal,Salaried,North,1,10402.87,90,1,1,40.18,Moderate,0.2566
LN101189,2023-08-02,29,120100,6.6,451000,36,11.15,668,13.3,0,672000,67.1,4,Auto,Salaried,South,0,14797.22,0,0,0,19.01,Low,0.0119
LN103911,2023-08-03,40,43800,3.1,91000,48,12.25,826,31.6,1,150000,60.7,2,Auto,Self-employed,South,1,2407.56,0,0,0,17.33,Low,0.008
LN104236,2023-08-03,51,84100,4.4,191000,24,14.0,706,54.9,0,227000,84.1,0,Home,Salaried,South,3,9170.46,0,0,0,32.01,Moderate,0.0787
LN102982,2023-08-03,45,62800,6.6,267000,84,10.08,684,41.7,0,245000,109.0,2,Personal,Self-employed,East,3,4443.56,15,0,0,33.03,Moderate,0.1248
LN101227,2023-08-03,37,78500,8.3,301000,84,13.39,722,30.1,0,478000,63.0,3,Personal,Contract,North,2,5539.8,0,0,0,22.43,Low,0.0257
LN101984,2023-08-03,47,35600,16.6,244000,36,10.59,688,56.8,1,340000,71.8,1,Auto,Salaried,South,1,7940.96,0,0,0,30.78,Moderate,0.0585
LN102793,2023-08-03,30,52400,14.3,247000,24,10.98,698,50.2,0,442000,55.9,2,Auto,Government,North,0,11509.84,0,0,0,23.68,Low,0.0232
LN102896,2023-08-03,21,123100,14.3,1082000,24,14.64,620,39.2,0,1808000,59.8,1,Auto,Salaried,South,1,52277.68,0,0,0,27.66,Moderate,0.0433
LN101877,2023-08-04,36,45700,7.7,294000,24,13.29,826,30.5,0,244000,120.5,1,Auto,Government,South,2,14017.38,15,0,0,22.75,Low,0.0165
LN100383,2023-08-04,33,145900,7.6,345000,24,10.35,619,23.4,0,284000,121.5,3,Auto,Salaried,South,2,15975.79,0,0,0,32.39,Moderate,0.0955
LN104395,2023-08-04,26,91000,23.3,493000,72,14.49,793,56.1,1,417000,118.2,1,Home,Contract,Central,1,10288.43,10,0,0,29.72,Moderate,0.0591
LN102258,2023-08-04,21,49100,20.6,342000,36,9.77,653,18.2,0,480000,71.2,0,Personal,Salaried,West,0,10998.48,0,0,0,21.19,Low,0.0161
LN100023,2023-08-04,25,30200,7.0,409000,36,11.18,618,5.3,0,511000,80.0,3,Home,Salaried,South,1,13425.03,0,0,0,23.01,Low,0.0221
LN100296,2023-08-04,46,67500,3.5,1649000,24,10.72,842,38.9,2,1184000,139.3,1,Home,Salaried,North,1,76642.14,0,0,0,27.8,Moderate,0.0344
LN102869,2023-08-04,49,92100,12.5,324000,84,10.06,805,24.9,0,487000,66.5,3,Personal,Salaried,North,0,5388.83,15,0,0,14.01,Low,0.0047
LN102725,2023-08-05,38,32700,7.4,707000,36,9.63,740,34.4,0,1109000,63.8,3,Personal,Salaried,West,0,22690.28,0,0,0,19.08,Low,0.0128
LN101197,2023-08-05,43,51700,18.3,514000,60,8.42,727,35.8,0,789000,65.1,1,Auto,Salaried,Central,2,10525.69,0,0,0,23.52,Low,0.0168
LN100147,2023-08-05,26,58700,10.7,304000,72,11.2,759,33.2,0,485000,62.7,1,Home,Salaried,East,3,5817.55,0,0,0,22.73,Low,0.0143
LN103200,2023-08-05,40,10300,5.7,739000,48,11.83,666,48.1,1,1088000,67.9,4,Business,Salaried,Central,4,19399.08,0,0,0,34.82,Moderate,0.1062
LN104001,2023-08-06,38,108800,15.7,481000,24,8.35,676,34.3,0,808000,59.5,3,Personal,Government,East,3,21831.19,0,0,0,27.02,Moderate,0.0331
LN100407,2023-08-06,37,112900,5.6,335000,36,8.45,672,41.3,0,364000,92.0,3,Auto,Self-employed,North,1,10567.37,0,0,0,28.55,Moderate,0.0683
LN101407,2023-08-06,52,75300,6.8,456000,84,8.37,695,36.9,2,753000,60.6,1,Auto,Government,West,0,7191.66,30,0,0,25.65,Moderate,0.0271
LN100202,2023-08-06,48,69800,4.0,170000,48,13.92,622,16.7,0,253000,67.2,3,Home,Salaried,North,0,4638.68,5,0,0,22.13,Low,0.022
LN101247,2023-08-07,31,88500,12.7,187000,72,12.21,755,29.1,0,183000,102.2,2,Home,Salaried,South,1,3676.34,10,0,0,22.74,Low,0.0178
LN102652,2023-08-07,43,63100,4.5,130000,60,13.99,630,23.6,0,95000,136.8,3,Education,Salaried,North,1,3024.2,15,0,0,31.71,Moderate,0.0989
LN100564,2023-08-07,49,66000,12.4,1245000,48,13.4,770,41.3,1,2045000,60.9,2,Home,Salaried,South,1,33647.93,0,0,0,22.25,Low,0.0137
LN101331,2023-08-07,49,33900,1.9,270000,36,11.52,658,47.8,0,435000,62.1,0,Home,Government,South,0,8906.09,0,0,0,25.93,Moderate,0.042
LN101175,2023-08-07,35,57300,13.6,1153000,48,8.67,611,44.3,0,1203000,95.8,2,Education,Salaried,West,0,28512.12,0,0,0,31.09,Moderate,0.0871
LN103825,2023-08-08,49,33700,11.8,528000,12,12.41,795,11.5,0,776000,68.0,1,Home,Salaried,East,4,47013.49,0,0,0,18.68,Low,0.0061
LN100828,2023-08-08,34,70200,16.2,373000,72,14.38,734,63.4,0,578000,64.5,0,Personal,Government,East,2,7762.04,30,0,0,28.6,Moderate,0.046
LN103778,2023-08-08,21,113300,8.6,401000,36,13.9,665,69.2,0,557000,72.0,1,Education,Self-employed,West,0,13685.76,20,0,0,30.83,Moderate,0.1042
LN104981,2023-08-08,46,51000,19.5,806000,48,14.88,594,50.2,1,1049000,76.8,2,Home,Self-employed,North,0,22382.59,0,0,0,33.27,Moderate,0.121
LN100064,2023-08-08,45,92900,4.8,655000,60,10.96,713,30.3,1,799000,82.0,2,Auto,Salaried,East,1,14228.22,0,0,0,25.18,Moderate,0.0267
LN103376,2023-08-08,35,33800,8.1,1203000,60,14.12,714,35.0,0,1969000,61.1,0,Home,Salaried,North,0,28066.6,0,0,0,20.31,Low,0.0141
LN101652,2023-08-09,40,45400,16.2,323000,60,13.28,703,50.4,0,311000,103.9,2,Business,Self-employed,East,2,7395.62,0,0,0,31.59,Moderate,0.0937
LN100430,2023-08-09,27,46800,10.1,973000,60,16.22,763,42.6,0,1296000,75.1,2,Home,Salaried,East,2,23775.36,0,0,0,23.97,Low,0.0201
LN102825,2023-08-09,53,113700,20.3,441000,72,8.72,679,12.9,0,590000,74.7,1,Auto,Salaried,East,2,7888.12,0,0,0,22.44,Low,0.0141
LN100870,2023-08-09,36,47900,8.1,886000,36,9.87,685,22.5,0,1578000,56.1,2,Education,Salaried,East,2,28534.68,0,0,0,22.18,Low,0.0159
LN104085,2023-08-09,36,53500,9.6,303000,72,9.36,743,32.8,0,334000,90.7,1,Business,Salaried,South,1,5516.03,10,0,0,22.96,Low,0.0214
LN104902,2023-08-10,29,38000,9.2,552000,60,16.64,741,65.9,0,587000,94.0,2,Personal,Salaried,North,1,13612.0,0,0,0,30.02,Moderate,0.0718
LN104531,2023-08-10,47,117400,3.7,349000,36,14.21,606,36.2,2,283000,123.3,5,Business,Salaried,South,1,11963.62,0,0,0,38.15,Moderate,0.2211
LN100764,2023-08-10,48,68400,15.8,874000,24,13.22,713,27.7,0,964000,90.7,2,Auto,Salaried,West,3,41641.93,0,0,0,26.86,Moderate,0.0283
LN103253,2023-08-11,48,39700,15.3,613000,72,13.09,736,62.9,0,640000,95.8,1,Auto,Salaried,South,3,12334.56,10,0,0,33.2,Moderate,0.0806
LN102955,2023-08-11,54,178100,3.0,1015000,60,12.56,743,33.3,1,1488000,68.2,0,Home,Salaried,South,1,22866.39,0,0,0,22.81,Low,0.0178
LN101795,2023-08-11,31,127200,11.4,387000,60,10.92,680,46.9,0,515000,75.1,4,Auto,Salaried,East,1,8398.89,0,0,0,27.56,Moderate,0.0428
LN101545,2023-08-11,42,54400,13.8,441000,60,13.89,605,48.2,2,778000,56.7,2,Education,Salaried,Central,2,10236.17,10,0,0,35.61,Moderate,0.1092
LN102085,2023-08-11,27,23700,25.5,487000,60,8.65,706,33.9,1,530000,91.9,1,Personal,Salaried,North,0,10026.8,0,0,0,25.59,Moderate,0.0268
LN100920,2023-08-12,48,118600,8.5,609000,60,9.32,624,40.7,0,720000,84.6,0,Education,Government,West,1,12736.63,5,0,0,30.23,Moderate,0.0724
LN102436,2023-08-12,37,44900,4.7,409000,60,17.5,742,41.7,1,486000,84.2,2,Education,Salaried,Central,1,10274.99,10,0,0,26.14,Moderate,0.0309
LN100022,2023-08-12,39,59500,8.6,259000,48,12.08,801,21.2,1,339000,76.4,1,Personal,Salaried,North,2,6830.64,0,0,0,19.81,Low,0.0095
LN104317,2023-08-12,48,40300,9.5,593000,60,11.67,717,11.3,0,636000,93.2,1,Personal,Self-employed,South,0,13092.28,0,0,0,18.62,Low,0.0146
LN102798,2023-08-13,35,69700,5.6,348000,72,13.31,757,31.3,0,580000,60.0,1,Personal,Salaried,East,3,7042.86,5,0,0,22.18,Low,0.0159
LN100343,2023-08-13,33,49600,10.4,506000,24,8.12,593,23.1,1,716000,70.7,0,Auto,Government,South,0,22912.71,0,0,0,27.3,Moderate,0.0425
LN100851,2023-08-13,33,51900,5.3,235000,72,11.58,741,37.8,0,415000,56.6,1,Personal,Contract,South,0,4543.13,0,0,0,18.99,Low,0.0182
LN101266,2023-08-13,37,67300,5.4,388000,48,12.08,726,46.8,1,652000,59.5,2,Auto,Government,Central,0,10232.78,0,0,0,23.87,Low,0.0232
LN103364,2023-08-13,32,99000,24.6,268000,72,12.58,836,36.2,1,269000,99.6,1,Auto,Contract,West,0,5320.64,0,0,0,19.94,Low,0.0118
LN100039,2023-08-13,40,78100,3.7,777000,36,11.58,694,26.4,1,1039000,74.8,3,Personal,Self-employed,North,0,25651.93,0,0,0,23.02,Low,0.0295
LN104825,2023-08-13,40,31100,12.4,747000,24,9.46,766,22.9,1,1076000,69.4,1,Personal,Contract,North,0,34284.38,0,0,0,17.97,Low,0.0117
LN104404,2023-08-14,37,87700,16.6,638000,36,13.7,632,46.0,0,968000,65.9,3,Business,Self-employed,South,2,21712.48,0,0,0,30.66,Moderate,0.083
LN100736,2023-08-14,40,85800,13.4,437000,72,7.07,693,36.8,0,346000,126.3,2,Business,Salaried,North,2,7465.11,0,0,0,31.64,Moderate,0.0817
LN104872,2023-08-14,27,55700,4.6,312000,60,11.85,692,26.5,1,210000,148.6,0,Personal,Government,West,0,6916.64,15,0,0,30.52,Moderate,0.085
LN103644,2023-08-14,31,73400,12.3,71000,72,12.06,736,42.8,1,97000,73.2,3,Home,Contract,East,2,2617.93,10,0,0,27.25,Moderate,0.0419
LN103815,2023-08-14,22,67100,19.0,764000,36,9.83,717,56.2,0,1040000,73.5,0,Home,Salaried,South,1,24591.2,0,0,0,27.3,Moderate,0.0357
LN101639,2023-08-14,28,63700,9.2,897000,48,9.91,664,19.3,0,687000,130.6,2,Business,Contract,West,3,22711.49,0,0,0,31.77,Moderate,0.1119
LN104944,2023-08-14,54,59200,8.3,687000,60,9.87,594,53.5,0,1031000,66.6,0,Personal,Government,Central,2,14552.81,0,0,0,34.25,Moderate,0.1391
LN101032,2023-08-14,42,82700,7.1,603000,72,13.58,727,30.5,0,531000,113.6,1,Personal,Salaried,West,0,12290.06,0,0,0,23.97,Low,0.0306
LN102440,2023-08-14,54,151600,9.3,540000,48,9.92,713,28.7,0,968000,55.8,1,Business,Government,South,2,13675.06,0,0,0,21.91,Low,0.0161
LN102298,2023-08-15,44,46100,2.4,362000,48,11.24,734,34.4,0,588000,61.6,3,Education,Salaried,North,0,9398.33,0,0,0,19.18,Low,0.0125
LN103321,2023-08-15,30,34400,4.6,612000,60,12.33,644,9.0,0,586000,104.4,1,Auto,Salaried,Central,2,13715.88,0,0,0,26.48,Moderate,0.0368
LN104025,2023-08-15,35,90700,14.8,427000,36,12.04,682,52.5,1,546000,78.2,1,Education,Self-employed,East,5,14190.67,0,0,0,37.55,Moderate,0.1435
LN100884,2023-08-15,44,32000,7.4,1102000,72,9.04,746,37.3,1,1721000,64.0,1,Auto,Salaried,South,1,19886.03,10,0,0,23.03,Low,0.0172
LN102231,2023-08-15,45,146100,7.6,233000,72,6.5,695,24.4,2,403000,57.8,1,Personal,Salaried,Central,0,3916.71,0,0,0,22.87,Low,0.0187
LN102669,2023-08-16,44,63700,6.5,618000,72,9.76,794,51.8,1,455000,135.8,2,Personal,Self-employed,South,2,11374.31,10,0,0,32.24,Moderate,0.1006
LN103963,2023-08-16,45,58200,6.2,828000,72,10.36,789,41.6,1,1185000,69.9,1,Personal,Self-employed,Central,0,15490.14,0,0,0,20.54,Low,0.0173
LN102194,2023-08-16,40,93100,5.2,331000,60,8.68,580,58.9,0,241000,137.3,1,Education,Salaried,North,1,6819.72,0,0,0,41.47,Moderate,0.3834
LN104785,2023-08-16,35,71700,5.7,197000,48,11.28,701,18.7,0,130000,151.5,1,Business,Government,West,0,5118.4,0,0,0,26.63,Moderate,0.051
LN101107,2023-08-16,29,43000,4.2,400000,24,7.3,691,45.9,1,364000,109.9,2,Personal,Salaried,North,0,17963.48,0,0,0,30.59,Moderate,0.0848
LN101028,2023-08-17,44,25300,3.6,751000,48,14.22,600,13.9,2,609000,123.3,4,Auto,Government,West,2,20605.16,0,0,0,35.68,Moderate,0.1303
LN102587,2023-08-17,36,96300,18.6,285000,48,12.33,679,37.3,0,462000,61.7,1,Home,Self-employed,West,0,7551.4,5,0,0,22.68,Low,0.0231
LN101820,2023-08-17,37,169100,2.4,213000,60,13.08,786,41.3,1,142000,150.0,1,Home,Government,East,1,5819.86,0,0,0,30.31,Moderate,0.0641
LN102890,2023-08-17,39,70400,4.9,804000,36,12.92,643,54.1,0,1236000,65.0,0,Auto,Government,North,1,27058.97,0,0,0,29.95,Moderate,0.0711
LN104355,2023-08-18,44,81900,13.0,170000,84,11.95,659,26.2,0,276000,61.6,3,Auto,Salaried,North,2,2996.42,0,0,0,24.85,Low,0.0239
LN102842,2023-08-18,51,89100,11.0,569000,84,14.57,652,59.2,0,906000,62.8,0,Personal,Salaried,West,2,10843.03,0,0,0,31.94,Moderate,0.0901
LN104817,2023-08-18,30,65100,3.8,457000,72,8.26,685,38.4,1,615000,74.3,1,Home,Salaried,West,2,8070.83,0,0,0,29.18,Moderate,0.0485
LN104034,2023-08-18,31,64100,12.8,143000,60,13.34,733,19.6,0,223000,64.1,3,Personal,Government,North,1,3278.63,0,0,0,18.19,Low,0.0091
LN102037,2023-08-18,33,41500,4.2,1097000,60,11.78,688,40.4,0,886000,123.8,2,Personal,Salaried,South,0,24280.38,0,0,0,29.04,Moderate,0.0765
LN100637,2023-08-18,39,40100,7.2,416000,48,12.94,789,44.7,0,604000,68.9,2,Personal,Salaried,East,0,11147.85,0,0,0,19.06,Low,0.0123
LN101753,2023-08-18,22,77500,26.9,323000,36,12.1,718,43.0,0,554000,58.3,2,Home,Government,North,4,10743.66,0,0,0,28.08,Moderate,0.0261
LN104554,2023-08-20,37,52900,4.0,581000,60,13.23,645,27.1,0,568000,102.3,3,Home,Salaried,South,1,13288.04,75,1,0,28.17,Moderate,0.0547
LN101916,2023-08-20,31,38500,6.4,824000,60,7.85,726,54.1,1,1345000,61.3,2,Auto,Contract,West,1,16648.66,0,0,0,27.18,Moderate,0.0503
LN101610,2023-08-20,35,90200,8.8,247000,36,9.77,646,57.1,1,181000,136.5,1,Home,Self-employed,East,0,7943.35,0,0,0,37.87,Moderate,0.2638
LN104793,2023-08-20,40,41100,7.9,1073000,60,12.22,659,38.8,0,731000,146.8,4,Home,Salaried,North,1,23987.75,0,0,0,34.22,Moderate,0.1373
LN102072,2023-08-21,39,33600,2.7,288000,72,13.08,704,7.6,2,380000,75.8,2,Auto,Salaried,Central,3,5793.51,0,0,0,25.83,Moderate,0.0215
LN100119,2023-08-21,45,96200,7.1,538000,72,9.35,761,14.4,1,652000,82.5,3,Home,Salaried,East,0,9791.46,10,0,0,17.84,Low,0.0079
LN103960,2023-08-21,31,81100,19.3,252000,60,6.5,568,37.3,1,415000,60.7,0,Business,Salaried,Central,1,4930.67,0,0,0,32.13,Moderate,0.0831
LN104575,2023-08-22,36,43300,24.6,515000,84,7.29,786,55.3,0,790000,65.2,0,Personal,Government,South,1,7845.94,0,0,0,22.63,Low,0.0158
LN100226,2023-08-22,39,52900,5.7,2159000,84,8.82,704,34.3,1,1764000,122.4,4,Personal,Salaried,West,2,34539.42,5,0,0,32.16,Moderate,0.0869
LN100101,2023-08-22,34,82700,3.8,497000,84,10.97,690,20.7,0,859000,57.9,1,Personal,Government,Central,0,8502.01,0,0,0,18.4,Low,0.0124
LN101654,2023-08-22,41,50000,7.6,535000,24,12.65,707,33.9,1,579000,92.4,0,Personal,Salaried,Central,1,25347.01,10,0,0,27.26,Moderate,0.0413
LN101309,2023-08-22,42,65900,12.2,1121000,72,11.33,717,54.7,1,1493000,75.1,3,Business,Contract,Central,1,21527.16,0,0,0,29.16,Moderate,0.0713
LN101648,2023-08-23,49,110500,12.7,311000,60,12.21,825,53.8,2,464000,67.0,3,Auto,Salaried,West,0,6951.07,0,0,0,22.78,Low,0.0139
LN101511,2023-08-23,36,99300,7.7,318000,72,11.03,831,38.3,0,491000,64.8,1,Personal,Salaried,North,1,6057.72,10,0,0,16.81,Low,0.0072
LN101118,2023-08-23,40,84700,8.1,212000,84,8.07,663,5.0,0,338000,62.7,4,Auto,Government,South,0,3311.68,10,0,0,17.17,Low,0.0085
LN100050,2023-08-23,41,92200,1.0,341000,84,14.6,725,44.9,1,559000,61.0,1,Business,Contract,East,2,6503.9,0,0,0,27.03,Moderate,0.0524
LN100520,2023-08-23,23,45400,11.7,153000,72,13.51,779,40.7,0,133000,115.0,3,Education,Self-employed,West,2,3112.67,0,0,0,26.73,Moderate,0.0391
LN104818,2023-08-24,44,38500,6.4,254000,60,19.79,629,38.6,0,219000,116.0,0,Home,Salaried,West,0,6699.8,15,0,0,31.02,Moderate,0.0947
LN101216,2023-08-24,32,65400,19.4,268000,60,8.2,723,5.0,0,320000,83.8,0,Personal,Self-employed,East,0,5459.76,0,0,0,16.1,Low,0.0081
LN102053,2023-08-24,35,76000,9.5,389000,24,8.81,692,25.0,0,362000,107.5,2,Auto,Self-employed,South,0,17737.47,0,0,0,24.11,Low,0.0341
LN103245,2023-08-24,45,34000,11.6,393000,60,11.07,657,22.9,0,287000,136.9,3,Home,Self-employed,East,2,8558.5,0,0,0,31.82,Moderate,0.099
LN100584,2023-08-25,40,113800,4.9,475000,48,14.41,639,54.7,0,749000,63.4,1,Personal,Government,North,1,13077.98,0,0,0,30.12,Moderate,0.0818
LN104790,2023-08-25,36,96500,7.5,402000,60,10.62,713,21.4,0,314000,128.0,0,Auto,Contract,West,0,8664.46,0,0,0,24.33,Low,0.0411
LN103937,2023-08-25,26,190600,2.1,688000,24,14.88,651,11.2,1,687000,100.1,1,Personal,Salaried,West,0,33319.6,0,0,0,24.79,Low,0.0343
LN103615,2023-08-25,45,40600,3.0,232000,84,9.87,844,31.8,0,384000,60.4,0,Auto,Salaried,West,0,3835.91,0,0,0,12.72,Low,0.0037
LN100498,2023-08-25,30,22700,5.7,1027000,48,10.41,672,51.7,0,1318000,77.9,2,Personal,Salaried,North,3,26250.06,0,0,0,32.55,Moderate,0.0959
LN101251,2023-08-25,46,54700,14.8,517000,24,13.82,794,20.6,1,900000,57.4,2,Personal,Salaried,South,2,24778.72,15,0,0,18.16,Low,0.0064
LN102039,2023-08-25,22,44600,4.3,347000,36,11.34,748,25.1,0,301000,115.3,4,Business,Contract,North,1,11416.29,0,0,0,23.62,Low,0.0366
LN103037,2023-08-25,40,33100,8.0,870000,48,13.35,820,24.0,0,962000,90.4,1,Auto,Salaried,Central,0,23491.34,10,0,0,15.43,Low,0.0057
LN100617,2023-08-25,45,55600,7.6,564000,72,8.41,821,16.4,0,510000,110.6,1,Personal,Salaried,South,2,10002.04,0,0,0,19.21,Low,0.0101
LN100161,2023-08-26,45,24000,7.2,1628000,36,8.06,703,13.4,1,2506000,65.0,1,Home,Self-employed,South,1,51060.68,0,0,0,20.63,Low,0.0146
LN104907,2023-08-26,28,198200,22.8,265000,84,12.43,562,22.4,0,473000,56.0,1,Personal,Salaried,East,2,4739.13,0,0,0,28.66,Moderate,0.0474
LN101524,2023-08-26,35,111300,2.8,584000,60,13.59,762,34.4,1,940000,62.1,3,Auto,Salaried,South,0,13464.84,5,0,0,19.75,Low,0.0115
LN104905,2023-08-26,46,35500,35.0,381000,36,11.23,655,38.9,0,359000,106.1,2,Personal,Salaried,South,1,12514.99,0,0,0,30.38,Moderate,0.0566
LN101686,2023-08-26,34,50700,7.3,406000,60,6.5,602,37.0,0,574000,70.7,4,Business,Salaried,North,2,7943.86,10,0,0,30.93,Moderate,0.0823
LN103342,2023-08-26,29,224600,1.6,646000,24,11.0,785,38.0,1,445000,145.2,1,Education,Contract,South,0,30108.66,0,0,0,27.56,Moderate,0.0635
LN104033,2023-08-26,21,36900,11.3,288000,60,9.77,736,31.0,0,330000,87.3,0,Personal,Salaried,Central,2,6086.61,0,0,0,24.3,Low,0.0241
LN103721,2023-08-27,53,71300,3.8,333000,48,11.81,603,35.6,1,345000,96.5,2,Home,Salaried,North,1,8738.13,5,0,0,33.51,Moderate,0.1157
LN101091,2023-08-27,38,68000,0.7,191000,36,16.98,748,40.6,1,340000,56.2,3,Home,Self-employed,West,1,6807.77,5,0,0,22.81,Low,0.0226
LN100120,2023-08-27,45,33500,16.0,172000,72,13.42,667,24.5,1,150000,114.7,0,Personal,Salaried,Central,1,3490.99,0,0,0,29.72,Moderate,0.0574
LN104495,2023-08-27,53,36400,13.6,344000,36,12.36,736,49.2,0,342000,100.6,4,Personal,Government,South,2,11484.96,0,0,0,29.27,Moderate,0.0541
LN100662,2023-08-28,38,65200,16.7,606000,60,8.96,731,8.2,1,934000,64.9,1,Personal,Salaried,North,0,12567.8,20,0,0,16.43,Low,0.0061
LN100735,2023-08-28,42,56800,10.5,578000,48,12.28,618,51.9,0,377000,153.3,1,Home,Contract,South,0,15300.54,30,0,0,37.66,Moderate,0.327
LN104479,2023-08-28,47,107300,5.2,1380000,60,10.93,767,16.1,0,2233000,61.8,4,Auto,Government,South,1,29956.39,10,0,0,15.46,Low,0.0055
LN103241,2023-08-28,64,64700,14.8,493000,84,12.85,727,36.5,1,484000,101.9,1,Home,Salaried,West,1,8928.48,0,0,0,27.67,Moderate,0.0352
LN100005,2023-08-29,36,35300,4.7,100000,36,10.41,735,14.3,0,102000,98.0,3,Personal,Government,Central,1,3246.0,0,0,0,20.41,Low,0.0153
LN103980,2023-08-29,50,56100,8.2,582000,24,9.63,657,35.5,1,1002000,58.1,0,Auto,Salaried,Central,1,26757.07,0,0,0,26.79,Moderate,0.0344
LN104718,2023-08-29,45,86500,7.5,656000,60,11.88,676,33.6,0,638000,102.8,4,Home,Salaried,East,0,14552.61,0,0,0,26.21,Moderate,0.0409
LN100694,2023-08-29,43,147800,11.4,536000,72,11.65,594,18.8,0,479000,111.9,1,Home,Salaried,North,2,10381.6,0,0,0,31.84,Moderate,0.084
LN103082,2023-08-29,21,50400,17.3,969000,72,10.87,781,27.1,0,1281000,75.6,2,Auto,Salaried,South,1,18379.57,0,0,0,18.3,Low,0.0075
LN104045,2023-08-29,34,31900,13.0,531000,84,10.75,601,33.9,0,572000,92.8,1,Home,Salaried,Central,1,9022.37,0,0,0,30.91,Moderate,0.0774
LN102463,2023-08-30,27,37400,5.0,1085000,24,13.84,711,43.9,1,1840000,59.0,1,Personal,Salaried,South,1,52012.0,5,0,0,25.71,Moderate,0.0324
LN103821,2023-08-30,40,123800,6.9,692000,48,9.52,650,37.3,0,1098000,63.0,4,Home,Government,East,0,17391.82,0,0,0,24.35,Low,0.0301
LN102057,2023-08-30,46,64200,14.1,440000,72,15.4,634,34.0,0,562000,78.3,2,Business,Government,West,2,9399.65,180,1,1,29.4,Moderate,0.0572
LN104796,2023-08-30,42,63400,3.8,780000,36,9.2,680,53.0,1,564000,138.3,2,Home,Salaried,East,2,24876.46,30,1,0,38.76,Moderate,0.2205
LN104904,2023-08-30,44,103600,15.2,599000,72,11.11,706,22.5,0,556000,107.7,1,Auto,Salaried,East,0,11435.19,30,0,0,22.89,Low,0.0204
LN104592,2023-08-30,43,118600,16.9,330000,48,12.53,583,66.7,0,446000,74.0,1,Auto,Government,Central,5,8776.29,30,1,0,43.21,Moderate,0.3043
LN100235,2023-08-31,44,175400,6.1,306000,84,13.01,760,39.3,0,428000,71.5,1,Business,Self-employed,West,1,5744.35,0,0,0,21.44,Low,0.0211
LN101302,2023-08-31,36,103000,11.1,199000,48,17.08,641,37.9,2,242000,82.2,2,Personal,Self-employed,North,0,5750.39,0,0,0,30.86,Moderate,0.0878
LN101411,2023-08-31,43,62000,8.8,236000,24,14.93,645,14.1,0,194000,121.6,1,Personal,Self-employed,South,0,11435.0,10,0,0,25.83,Moderate,0.0537
LN102162,2023-08-31,42,84600,4.8,407000,36,14.06,759,29.0,1,664000,61.3,1,Personal,Self-employed,South,1,13922.16,0,0,0,20.41,Low,0.0158
LN101449,2023-09-01,38,76400,19.3,670000,84,10.56,834,15.3,0,725000,92.4,0,Education,Self-employed,Central,3,11317.62,0,0,0,18.15,Low,0.0068
LN101541,2023-09-01,54,18000,5.1,321000,60,10.72,799,30.4,1,568000,56.5,2,Personal,Government,North,1,6934.58,0,0,0,18.1,Low,0.0082
LN100816,2023-09-01,40,44000,17.2,292000,60,11.08,609,35.5,0,506000,57.7,0,Business,Salaried,South,0,6360.44,0,0,0,25.63,Moderate,0.0364
LN101111,2023-09-01,40,35400,4.2,369000,24,12.91,580,29.9,1,459000,80.4,2,Auto,Salaried,Central,1,17527.34,0,0,0,31.98,Moderate,0.0912
LN104315,2023-09-01,47,31100,2.9,341000,48,13.06,765,60.5,1,259000,131.7,3,Home,Salaried,North,0,9158.33,0,0,0,31.77,Moderate,0.0899
LN100450,2023-09-02,37,52600,8.0,382000,72,13.25,650,33.3,1,508000,75.2,3,Auto,Contract,East,2,7718.8,0,0,0,30.1,Moderate,0.0758
LN100583,2023-09-02,58,78400,12.8,527000,60,10.93,665,29.2,3,912000,57.8,4,Personal,Self-employed,East,1,11439.87,0,0,0,29.08,Moderate,0.0488
LN103184,2023-09-02,31,66700,2.8,344000,48,10.97,622,17.6,1,406000,84.7,0,Education,Salaried,West,1,8885.85,10,0,0,27.73,Moderate,0.0452
LN100829,2023-09-03,35,125000,5.9,455000,84,8.85,686,32.0,0,433000,105.1,1,Business,Government,Central,1,7285.94,5,0,0,27.26,Moderate,0.049
LN100728,2023-09-03,33,69400,3.8,326000,72,10.7,673,60.7,0,321000,101.6,0,Business,Self-employed,East,2,6155.13,30,1,0,35.0,Moderate,0.1879
LN103629,2023-09-03,32,46800,12.5,624000,60,9.93,752,50.2,2,721000,86.5,4,Personal,Salaried,West,1,13236.67,0,0,0,29.54,Moderate,0.0473
LN104511,2023-09-03,48,39800,2.8,1326000,48,12.55,719,27.5,1,982000,135.0,2,Auto,Self-employed,South,0,35277.82,10,0,0,27.94,Moderate,0.0613
LN104282,2023-09-04,48,43400,4.4,375000,60,12.84,691,14.8,1,252000,148.8,3,Auto,Self-employed,West,3,8501.72,0,0,0,33.26,Moderate,0.1063
LN103858,2023-09-04,31,30100,3.1,424000,24,12.88,733,54.2,0,618000,68.6,2,Personal,Self-employed,Central,1,20133.84,0,0,0,25.56,Moderate,0.0459
LN101997,2023-09-04,30,50500,5.3,447000,36,10.97,664,39.0,1,435000,102.8,0,Business,Salaried,Central,0,14627.86,0,0,0,29.93,Moderate,0.0749
LN104015,2023-09-04,33,40700,2.0,229000,72,9.58,690,28.3,0,216000,106.0,4,Home,Salaried,North,1,4194.08,0,0,0,26.4,Moderate,0.0406
LN100227,2023-09-04,28,79400,16.0,253000,60,9.21,629,41.9,0,394000,64.2,1,Personal,Government,West,0,5277.69,0,0,0,26.5,Moderate,0.0432
LN102056,2023-09-04,34,57100,3.1,560000,24,10.23,727,39.9,0,658000,85.1,0,Personal,Government,South,1,25900.65,0,0,0,24.67,Low,0.0324
LN102201,2023-09-05,36,67100,7.0,341000,60,10.08,720,51.7,1,597000,57.1,1,Auto,Government,West,0,7258.67,5,0,0,24.93,Low,0.0272
LN101044,2023-09-05,36,68500,22.6,476000,36,13.84,787,18.4,0,716000,66.5,2,Education,Salaried,North,0,16231.59,0,0,0,13.67,Low,0.0034
LN104493,2023-09-05,34,78500,4.3,338000,60,12.48,779,36.6,0,263000,128.5,2,Auto,Contract,North,2,7600.87,5,0,0,27.26,Moderate,0.0541
LN103385,2023-09-05,33,32300,4.4,243000,12,15.08,740,25.4,0,383000,63.4,1,Personal,Salaried,South,1,21941.94,0,0,0,18.91,Low,0.0116
LN100246,2023-09-06,34,48700,6.9,581000,84,9.99,762,39.8,0,383000,151.7,0,Personal,Salaried,West,2,9642.29,0,0,0,30.95,Moderate,0.0809
LN101010,2023-09-06,50,63200,2.4,993000,12,12.36,754,23.5,0,805000,123.4,2,Education,Salaried,North,0,88394.17,0,0,0,22.12,Low,0.021
LN104512,2023-09-06,33,104000,5.0,587000,60,11.89,682,10.2,0,620000,94.7,2,Personal,Self-employed,West,2,13024.88,0,0,0,23.74,Low,0.031
LN104092,2023-09-06,37,37300,4.1,180000,84,11.66,727,24.7,1,260000,69.2,1,Auto,Government,North,0,3144.86,0,0,0,20.37,Low,0.013
LN101066,2023-09-06,26,43500,24.1,664000,72,13.61,732,60.2,0,486000,136.6,1,Education,Salaried,Central,0,13543.93,0,0,0,31.95,Moderate,0.0812
LN104969,2023-09-06,51,45800,4.7,516000,36,11.31,674,29.0,2,506000,102.0,0,Personal,Government,West,1,16969.03,5,0,0,30.98,Moderate,0.0711
LN102159,2023-09-06,43,53600,5.5,1149000,84,13.56,703,26.3,0,1766000,65.1,2,Home,Self-employed,East,1,21253.96,0,0,0,21.22,Low,0.0193
LN103231,2023-09-07,21,26800,3.4,215000,36,11.94,603,55.3,0,262000,82.1,0,Personal,Self-employed,West,0,7134.92,0,0,0,32.35,Moderate,0.1628
LN103785,2023-09-07,33,72400,12.2,104000,36,13.66,628,44.9,1,92000,113.0,3,Home,Salaried,South,0,3537.32,0,0,0,34.03,Moderate,0.1227
LN103319,2023-09-07,59,51300,8.1,381000,36,8.41,641,46.4,2,607000,62.8,4,Home,Government,West,2,12011.35,0,0,0,33.96,Moderate,0.0889
LN101660,2023-09-07,50,97000,4.6,651000,24,11.11,658,38.6,1,429000,151.7,1,Auto,Salaried,West,3,30374.96,75,1,0,39.88,Moderate,0.2428
LN101881,2023-09-07,53,63600,4.9,614000,72,11.42,617,31.4,0,808000,76.0,0,Auto,Salaried,West,0,11819.43,15,0,0,26.22,Moderate,0.0437
LN101422,2023-09-07,35,121500,10.9,603000,72,9.83,693,17.9,0,886000,68.1,0,Home,Salaried,North,0,11119.46,20,0,0,18.7,Low,0.0104
LN102011,2023-09-08,31,66000,16.5,475000,24,10.57,661,34.0,0,395000,120.3,3,Education,Self-employed,South,1,22044.01,0,0,0,30.5,Moderate,0.0823
LN103704,2023-09-08,37,150200,4.4,745000,48,12.61,708,43.4,1,787000,94.7,1,Business,Salaried,East,0,19842.58,10,0,0,27.67,Moderate,0.0506
LN102734,2023-09-08,56,68800,3.5,178000,36,11.63,712,19.2,2,148000,120.3,4,Home,Salaried,South,0,5880.74,0,0,0,27.18,Moderate,0.0375
LN101667,2023-09-08,33,58600,6.8,204000,60,9.78,756,46.4,2,226000,90.3,1,Business,Salaried,Central,2,4312.35,75,1,0,30.62,Moderate,0.054
LN102898,2023-09-08,35,34200,4.3,603000,48,11.37,841,52.4,2,529000,114.0,0,Home,Salaried,South,2,15693.42,0,0,0,29.69,Moderate,0.0415
LN104942,2023-09-09,39,171600,8.0,672000,84,10.96,710,36.6,0,715000,94.0,0,Education,Salaried,North,4,11492.15,0,0,0,30.8,Moderate,0.0554
LN101489,2023-09-09,49,122500,4.4,408000,72,10.23,749,48.1,1,412000,99.0,0,Education,Salaried,North,0,7605.95,0,0,0,26.87,Moderate,0.0391
LN101162,2023-09-09,25,35700,9.2,350000,12,16.58,754,37.9,0,233000,150.2,1,Business,Government,Central,4,31851.94,5,0,0,34.33,Moderate,0.1055
LN103404,2023-09-09,42,124400,4.8,142000,36,10.0,682,31.5,0,119000,119.3,3,Business,Salaried,East,1,4581.94,0,0,0,28.79,Moderate,0.0646
LN100656,2023-09-09,38,105600,6.7,172000,84,14.03,763,32.1,0,293000,58.7,3,Business,Salaried,South,0,3226.13,20,0,0,16.9,Low,0.0085
LN100710,2023-09-09,40,67800,6.5,142000,36,10.56,625,23.2,0,146000,97.3,3,Personal,Salaried,West,0,4619.37,0,0,0,26.28,Moderate,0.0486
LN100967,2023-09-10,54,117000,2.3,579000,72,9.11,752,32.8,0,763000,75.9,2,Auto,Contract,Central,0,10468.42,0,0,0,19.34,Low,0.018
LN100281,2023-09-10,44,89200,4.2,199000,24,10.88,720,34.7,0,219000,90.9,1,Personal,Government,Central,1,9263.88,0,0,0,24.58,Low,0.0316
LN100649,2023-09-10,44,102000,8.9,660000,24,10.79,710,38.5,0,632000,104.4,1,Home,Self-employed,East,1,30696.86,0,0,0,27.22,Moderate,0.0513
LN103486,2023-09-10,52,79400,8.7,642000,48,8.73,754,27.2,0,852000,75.4,1,Home,Self-employed,West,0,15894.02,5,0,0,18.06,Low,0.0115
LN103967,2023-09-10,21,74900,9.0,199000,48,8.57,796,17.2,1,136000,146.3,2,Auto,Salaried,East,2,4911.59,0,0,0,26.26,Moderate,0.0263
LN102639,2023-09-11,42,27000,10.8,389000,60,8.35,580,36.6,0,560000,69.5,1,Home,Salaried,South,0,7952.84,0,0,0,28.56,Moderate,0.0607
LN100594,2023-09-11,47,111500,8.4,687000,36,7.92,726,46.1,2,1026000,67.0,0,Auto,Salaried,South,0,21502.74,0,0,0,26.48,Moderate,0.03
LN104309,2023-09-11,34,106700,2.5,517000,72,16.24,734,44.3,1,674000,76.7,2,Home,Salaried,North,0,11283.11,0,0,0,24.67,Low,0.0277
LN100298,2023-09-11,45,90800,8.9,630000,72,14.06,678,36.6,0,825000,76.4,1,Business,Salaried,South,1,13001.87,0,0,0,25.73,Moderate,0.036
LN100067,2023-09-11,47,140600,2.4,503000,84,8.74,681,30.6,0,370000,135.9,2,Auto,Salaried,North,1,8026.59,0,0,0,30.32,Moderate,0.0788
LN101682,2023-09-12,30,91600,9.5,92000,36,10.59,735,48.5,0,161000,57.1,2,Personal,Salaried,North,0,3702.17,0,0,0,21.5,Low,0.0188
LN100673,2023-09-12,35,252200,13.0,816000,48,13.27,834,29.5,1,551000,148.1,2,Personal,Salaried,West,1,22000.75,0,0,0,25.22,Moderate,0.0254
LN101646,2023-09-12,36,84800,3.2,1011000,36,13.93,748,24.0,1,1025000,98.6,2,Business,Salaried,North,0,34519.22,0,0,0,22.06,Low,0.0194
LN100838,2023-09-12,47,36100,2.9,417000,48,10.81,795,24.9,0,397000,105.0,3,Auto,Salaried,North,1,10739.15,0,0,0,20.06,Low,0.0126
LN101149,2023-09-12,30,73600,9.5,433000,60,15.17,729,5.0,2,647000,66.9,3,Business,Salaried,Central,1,10339.72,0,0,0,19.76,Low,0.0092
LN102745,2023-09-12,35,44100,16.3,457000,84,6.5,790,16.6,0,675000,67.7,3,Auto,Government,North,2,6786.19,0,0,0,16.6,Low,0.005
LN101866,2023-09-12,47,109900,13.5,470000,36,13.02,617,35.9,0,753000,62.4,2,Auto,Government,North,0,15840.69,0,0,0,25.76,Moderate,0.0355
LN101286,2023-09-13,21,39500,1.0,662000,84,10.36,666,5.0,0,1030000,64.3,0,Auto,Salaried,South,0,11113.51,0,0,0,17.17,Low,0.0094
LN100644,2023-09-13,36,93600,3.5,481000,72,12.26,850,44.8,1,532000,90.4,1,Education,Self-employed,North,2,9468.8,0,0,0,23.33,Low,0.0201
LN102070,2023-09-13,47,116000,8.4,160000,48,12.41,540,30.9,0,249000,64.3,1,Auto,Government,Central,1,4245.69,5,0,0,30.69,Moderate,0.0819
LN103444,2023-09-14,44,71100,18.4,411000,60,10.42,686,28.5,0,310000,132.6,1,Personal,Salaried,North,1,8817.71,5,0,0,29.31,Moderate,0.0594
LN101642,2023-09-14,37,43200,15.0,1549000,84,15.59,850,56.3,0,1033000,150.0,0,Home,Salaried,North,2,30405.72,0,0,0,29.59,Moderate,0.0472
LN102412,2023-09-14,28,58300,9.3,299000,60,11.45,722,51.1,0,408000,73.3,3,Personal,Government,West,3,6568.29,0,0,0,29.33,Moderate,0.0521
LN103697,2023-09-14,41,33200,10.8,131000,72,12.91,714,30.5,0,201000,65.2,2,Personal,Salaried,South,0,2623.49,20,0,0,19.82,Low,0.0141
LN101767,2023-09-15,36,74400,13.4,273000,60,11.16,682,39.6,0,398000,68.6,2,Personal,Salaried,West,0,5957.49,15,0,0,23.67,Low,0.0269
LN103540,2023-09-15,41,55700,8.5,364000,48,9.7,843,21.9,0,474000,76.8,2,Business,Salaried,East,1,9179.63,0,0,0,14.1,Low,0.0043
LN102350,2023-09-15,48,41900,3.0,954000,48,13.41,674,36.8,1,928000,102.8,2,Education,Salaried,South,2,25787.99,0,0,0,32.29,Moderate,0.0834
LN103580,2023-09-15,57,70700,5.9,272000,36,13.28,699,48.9,1,348000,78.2,1,Home,Salaried,West,1,9201.48,20,0,0,29.26,Moderate,0.0527
LN102361,2023-09-15,26,89400,16.0,724000,60,10.52,621,47.7,0,497000,145.7,1,Home,Salaried,North,0,15568.76,0,0,0,36.23,Moderate,0.1873
LN104385,2023-09-15,34,77500,2.1,198000,48,6.66,662,46.8,0,340000,58.2,0,Personal,Salaried,North,1,4710.19,20,0,0,26.8,Moderate,0.0485
LN100193,2023-09-15,27,48900,7.0,505000,60,7.78,735,44.2,1,635000,79.5,1,Home,Salaried,North,1,10186.49,10,0,0,26.54,Moderate,0.0321
LN101070,2023-09-15,38,85700,5.5,145000,60,15.15,812,43.3,0,220000,65.9,1,Personal,Salaried,North,4,3460.97,0,0,0,23.93,Low,0.0185
LN100726,2023-09-16,38,22500,3.6,285000,60,12.62,758,28.2,0,270000,105.6,1,Personal,Salaried,West,3,6429.32,10,0,0,26.07,Moderate,0.0324
LN101711,2023-09-16,37,129000,2.8,245000,60,8.21,764,5.0,0,296000,82.8,1,Home,Salaried,East,0,4992.38,0,0,0,13.83,Low,0.0048
LN104691,2023-09-16,40,56200,13.6,303000,72,10.68,658,10.9,1,502000,60.4,3,Auto,Salaried,South,0,5717.79,15,0,0,20.38,Low,0.0118
LN100257,2023-09-16,32,45600,10.9,563000,60,13.26,722,28.0,0,580000,97.1,1,Auto,Salaried,West,2,12885.04,0,0,0,25.42,Moderate,0.0264
LN102830,2023-09-17,23,59200,5.7,209000,60,12.91,731,19.3,0,184000,113.6,2,Auto,Contract,South,0,4745.77,0,0,0,21.52,Low,0.0257
LN104933,2023-09-17,48,46000,5.2,447000,24,14.25,606,17.4,0,759000,58.9,1,Personal,Self-employed,East,3,21514.59,0,0,0,27.29,Moderate,0.0522
LN104792,2023-09-17,37,70900,8.8,650000,72,13.51,745,40.3,1,485000,134.0,1,Education,Salaried,East,2,13223.78,0,0,0,32.35,Moderate,0.0752
LN104048,2023-09-17,37,59200,12.1,180000,60,8.8,642,33.9,0,132000,136.4,1,Education,Contract,North,0,3719.06,0,0,0,31.43,Moderate,0.1279
LN102092,2023-09-17,44,32200,9.1,926000,36,11.54,733,31.5,0,1551000,59.7,3,Personal,Salaried,East,0,30553.4,0,0,0,18.46,Low,0.0112
LN102988,2023-09-17,28,76000,5.2,545000,60,12.43,722,32.6,0,463000,117.7,0,Education,Salaried,North,3,12241.98,0,0,0,30.07,Moderate,0.0569
LN101585,2023-09-17,44,68300,2.8,330000,36,12.4,666,37.8,0,405000,81.5,1,Home,Salaried,North,0,11023.87,0,0,0,25.45,Moderate,0.0383
LN101708,2023-09-18,37,131100,5.1,796000,60,9.37,629,36.8,0,888000,89.6,2,Personal,Contract,Central,1,16666.96,0,0,0,29.69,Moderate,0.1066
LN101093,2023-09-18,38,42800,4.6,384000,84,10.62,551,47.2,0,636000,60.4,0,Education,Government,North,1,6498.54,10,0,0,32.98,Moderate,0.1224
LN101579,2023-09-18,31,27500,5.9,375000,84,16.18,688,30.3,0,476000,78.8,1,Education,Salaried,North,5,7486.77,0,0,0,30.85,Moderate,0.0522
LN100307,2023-09-19,33,43200,6.0,236000,84,11.01,678,21.6,1,271000,87.1,0,Education,Self-employed,East,1,4042.14,0,0,0,25.8,Moderate,0.0371
LN100471,2023-09-19,21,78100,4.6,1248000,60,11.43,603,27.5,1,2119000,58.9,2,Personal,Salaried,South,1,27402.94,0,0,0,28.13,Moderate,0.0528
LN100389,2023-09-20,33,22900,16.0,313000,48,12.3,848,13.2,1,217000,144.2,1,Business,Contract,South,0,8288.67,0,0,0,19.17,Low,0.0131
LN104157,2023-09-20,34,85600,18.2,202000,60,11.38,713,36.7,0,326000,62.0,1,Business,Salaried,West,0,4430.35,0,0,0,20.79,Low,0.0146
LN103138,2023-09-21,42,29900,16.9,185000,60,11.79,799,33.4,0,233000,79.4,0,Business,Self-employed,South,0,4095.62,0,0,0,17.32,Low,0.0096
LN104235,2023-09-21,27,34600,11.0,571000,36,10.2,585,71.4,0,908000,62.9,3,Personal,Salaried,North,0,18478.23,0,0,0,34.6,Moderate,0.1717
LN100319,2023-09-21,37,84200,3.8,226000,60,10.99,753,25.6,0,224000,100.9,1,Home,Self-employed,East,1,4912.66,0,0,0,22.01,Low,0.0222
LN102036,2023-09-21,42,30600,9.5,474000,60,11.34,675,33.0,0,613000,77.3,0,Home,Contract,Central,0,10386.46,0,0,0,23.59,Low,0.0354
LN103534,2023-09-21,57,119400,10.2,545000,60,12.0,687,11.9,0,709000,76.9,4,Personal,Self-employed,East,1,12123.22,0,0,0,20.37,Low,0.0178
LN103538,2023-09-22,38,76200,8.2,148000,24,11.74,702,15.4,2,189000,78.3,0,Auto,Salaried,Central,2,6948.92,5,0,0,26.08,Moderate,0.0231
LN103383,2023-09-22,47,118000,10.7,473000,36,13.14,733,20.5,0,771000,61.3,2,Home,Salaried,West,1,15969.15,0,0,0,18.09,Low,0.0082
LN102994,2023-09-22,29,46300,18.2,158000,60,10.13,677,44.7,0,251000,62.9,5,Home,Salaried,East,1,3367.15,30,0,0,26.06,Moderate,0.03
LN104036,2023-09-23,43,66000,6.5,1305000,48,16.56,641,30.2,0,1425000,91.6,2,Business,Government,West,0,37359.42,0,0,0,26.26,Moderate,0.0469
LN104645,2023-09-23,53,56500,16.4,686000,72,10.2,742,30.7,0,1042000,65.8,0,Personal,Government,West,0,12778.02,0,0,0,18.44,Low,0.01
LN101998,2023-09-23,37,64800,17.1,379000,48,6.94,762,27.4,1,337000,112.5,1,Home,Salaried,East,0,9065.08,0,0,0,23.39,Low,0.0179
LN104782,2023-09-23,23,38200,7.8,143000,48,12.62,652,29.2,1,160000,89.4,0,Home,Self-employed,North,3,3809.42,0,0,0,32.26,Moderate,0.0866
LN101886,2023-09-23,31,32000,4.3,520000,72,9.9,716,50.6,0,884000,58.8,1,Home,Salaried,West,1,9607.23,0,0,0,24.76,Low,0.0286
LN103675,2023-09-23,39,100200,5.7,234000,48,8.64,817,5.0,0,198000,118.2,1,Home,Salaried,North,2,5783.18,0,0,0,17.9,Low,0.0074
LN101186,2023-09-23,29,79400,3.7,1664000,72,10.45,676,39.7,2,1202000,138.4,1,Personal,Salaried,South,5,31205.94,120,1,1,43.33,Moderate,0.3047
LN100743,2023-09-24,38,32200,9.2,308000,72,13.91,783,58.0,1,372000,82.8,0,Auto,Salaried,South,1,6331.73,0,0,0,27.09,Moderate,0.033
LN103559,2023-09-24,26,113600,5.1,1249000,36,9.45,639,32.2,1,1545000,80.8,2,Auto,Self-employed,North,0,39979.97,0,0,0,27.69,Moderate,0.0587
LN102965,2023-09-24,36,52100,3.7,236000,48,11.33,659,18.8,1,154000,153.2,1,Home,Salaried,North,2,6137.43,0,0,0,34.21,Moderate,0.1213
LN102163,2023-09-24,48,34200,6.6,461000,36,7.53,739,31.0,0,690000,66.8,0,Auto,Salaried,Central,0,14346.32,0,0,0,18.76,Low,0.0109
LN101060,2023-09-24,45,66600,5.8,398000,60,12.18,674,49.1,1,261000,152.5,5,Home,Salaried,West,0,8889.53,30,0,0,36.14,Moderate,0.1864
LN101923,2023-09-24,40,46100,8.2,453000,60,17.48,559,36.9,0,480000,94.4,3,Auto,Salaried,West,0,11375.46,0,0,0,32.23,Moderate,0.1159
LN102524,2023-09-24,46,62800,5.9,400000,60,11.91,738,49.3,0,637000,62.8,0,Auto,Contract,West,0,8879.6,0,0,0,22.07,Low,0.0273
LN104588,2023-09-24,34,24200,3.3,785000,36,11.6,628,35.5,0,626000,125.4,1,Personal,Salaried,North,1,25923.52,0,0,0,33.06,Moderate,0.1371
LN101433,2023-09-25,33,34200,9.4,112000,84,8.4,711,40.1,0,74000,151.4,2,Business,Salaried,Central,0,1768.06,0,0,0,30.38,Moderate,0.0885
LN103061,2023-09-25,35,69900,21.6,384000,24,7.46,682,23.6,0,454000,84.6,0,Business,Contract,Central,2,17272.86,10,0,0,25.41,Moderate,0.0357
LN101657,2023-09-25,50,135900,10.9,169000,84,11.5,723,51.1,0,217000,77.9,2,Education,Government,West,0,5787.08,0,0,0,24.73,Low,0.029
LN103742,2023-09-25,41,69200,4.4,1201000,24,12.81,638,46.0,1,915000,131.3,2,Personal,Contract,West,0,56990.61,180,1,1,35.55,Moderate,0.2474
LN103141,2023-09-25,21,45700,3.4,226000,60,11.4,707,38.9,1,154000,146.8,0,Home,Contract,Central,1,4958.99,0,0,0,33.7,Moderate,0.1548
LN102055,2023-09-26,31,28400,17.9,448000,48,9.98,721,33.0,0,530000,84.5,2,Personal,Salaried,South,1,11358.13,0,0,0,23.55,Low,0.0216
LN102603,2023-09-26,27,43200,15.9,273000,60,14.85,714,37.7,1,435000,62.8,1,Business,Government,South,1,6473.18,5,0,0,24.69,Low,0.0228
LN100571,2023-09-26,53,50300,13.9,642000,48,15.39,618,52.9,0,1054000,60.9,1,Personal,Contract,South,3,17994.52,0,0,0,33.95,Moderate,0.1492
LN100386,2023-09-27,41,124300,10.8,256000,72,9.63,688,24.0,0,404000,63.4,0,Personal,Salaried,South,1,4694.99,0,0,0,21.38,Low,0.0168
LN104538,2023-09-27,36,35000,6.7,320000,48,11.58,644,54.6,0,313000,102.2,1,Personal,Salaried,West,1,8360.99,0,0,0,33.71,Moderate,0.1419
LN101537,2023-09-27,33,90800,9.7,391000,72,6.55,663,50.5,1,546000,71.6,1,Business,Salaried,North,1,6581.99,0,0,0,30.83,Moderate,0.0725
LN103719,2023-09-27,37,44300,6.2,185000,48,11.23,729,47.7,0,234000,79.1,1,Personal,Self-employed,South,1,4802.11,0,0,0,25.52,Moderate,0.044
LN103028,2023-09-27,33,29800,16.2,325000,48,15.69,730,11.9,1,546000,59.5,3,Personal,Salaried,West,0,9159.07,20,0,0,16.68,Low,0.0064
LN102595,2023-09-27,21,47300,10.0,358000,60,12.06,578,22.0,1,315000,113.7,2,Business,Salaried,West,1,7974.37,0,0,0,33.84,Moderate,0.1253
LN100004,2023-09-28,36,92400,14.0,297000,48,9.56,727,26.4,0,231000,128.6,1,Home,Salaried,Central,1,7470.08,0,0,0,26.32,Moderate,0.0332
LN104721,2023-09-28,43,72900,7.3,916000,36,12.29,637,39.0,1,1147000,79.9,3,Home,Salaried,South,2,30551.34,0,0,0,32.4,Moderate,0.0812
LN102590,2023-09-28,49,43300,6.7,612000,84,12.59,590,31.9,0,472000,129.7,1,Auto,Government,West,2,10997.52,0,0,0,36.45,Moderate,0.1825
LN104416,2023-09-28,40,149400,11.9,1793000,48,9.24,654,51.8,1,2698000,66.5,3,Auto,Salaried,West,1,44823.49,0,0,0,31.05,Moderate,0.0667
LN103081,2023-09-28,39,112200,23.8,993000,48,8.87,659,45.9,2,830000,119.6,3,Personal,Contract,East,2,24649.6,0,0,0,38.59,Moderate,0.2197
LN102565,2023-09-28,34,28500,6.0,483000,48,8.35,639,5.0,1,866000,55.8,2,Home,Salaried,East,0,11870.95,0,0,0,19.75,Low,0.012
LN100429,2023-09-29,22,27700,6.6,595000,72,9.61,637,14.7,0,511000,116.4,1,Personal,Salaried,North,1,10906.21,0,0,0,27.52,Moderate,0.0537
LN102365,2023-09-29,52,93800,4.4,305000,36,9.37,671,50.0,0,282000,108.2,1,Auto,Salaried,Central,1,9751.53,0,0,0,31.96,Moderate,0.099
LN100906,2023-09-30,26,59700,11.4,1000000,36,13.12,674,22.6,1,1295000,77.2,1,Education,Salaried,South,2,33751.78,0,0,0,26.89,Moderate,0.0299
LN102636,2023-09-30,40,38400,6.4,169000,60,13.58,760,32.2,0,269000,62.8,0,Personal,Salaried,Central,1,3895.63,0,0,0,19.15,Low,0.0116
LN100384,2023-09-30,31,97400,11.8,316000,72,9.42,717,34.5,0,497000,63.6,0,Home,Contract,South,1,5762.16,0,0,0,21.97,Low,0.0224
LN102131,2023-09-30,38,59500,4.3,393000,48,14.99,753,20.3,0,587000,67.0,3,Home,Self-employed,East,2,10935.49,20,0,0,19.23,Low,0.012
LN100268,2023-09-30,34,34200,13.7,608000,84,10.98,742,36.5,0,831000,73.2,2,Auto,Government,West,2,10404.05,0,0,0,23.67,Low,0.0183
LN102601,2023-09-30,44,50900,4.6,639000,36,7.41,737,31.1,0,446000,143.3,6,Home,Salaried,Central,3,19850.47,10,0,0,31.53,Moderate,0.073
LN100335,2023-10-01,37,51200,8.9,234000,36,12.76,797,34.0,1,297000,78.8,1,Auto,Salaried,Central,2,7857.36,10,0,0,22.82,Low,0.0141
LN103215,2023-10-01,54,72900,4.5,264000,48,14.39,553,35.2,0,382000,69.1,2,Personal,Self-employed,North,3,7265.94,0,0,0,34.67,Moderate,0.1748
LN104376,2023-10-01,21,24100,6.9,237000,84,16.23,621,28.9,0,267000,88.8,6,Auto,Salaried,Central,2,4738.41,15,0,0,30.12,Moderate,0.0658
LN101180,2023-10-01,40,103300,5.7,116000,12,11.1,809,64.1,0,184000,63.0,4,Business,Salaried,West,1,10257.68,0,0,0,22.96,Low,0.0213
LN103526,2023-10-01,36,55600,7.1,334000,24,10.12,764,64.2,0,226000,147.8,3,Personal,Salaried,Central,0,15430.91,180,1,1,32.17,Moderate,0.1162
LN101961,2023-10-01,41,72700,8.9,649000,60,11.47,684,33.3,0,781000,83.1,1,Auto,Government,North,2,14263.43,0,0,0,27.09,Moderate,0.0369
LN102904,2023-10-02,24,110900,0.5,924000,72,11.85,676,40.6,0,1545000,59.8,1,Home,Self-employed,West,1,17992.38,0,0,0,24.98,Low,0.0399
LN100375,2023-10-02,31,92700,8.9,389000,48,11.5,727,52.6,1,592000,65.7,1,Business,Government,East,1,10148.62,0,0,0,27.27,Moderate,0.0388
LN100763,2023-10-02,37,33100,3.2,321000,24,10.6,768,20.3,0,263000,122.1,2,Business,Salaried,South,1,14901.57,0,0,0,22.28,Low,0.0208
LN101653,2023-10-02,35,76400,1.2,503000,12,12.48,707,31.4,1,408000,123.3,1,Home,Self-employed,West,1,44803.97,0,0,0,29.85,Moderate,0.0773
LN102328,2023-10-02,44,33600,11.0,583000,48,6.93,637,21.6,0,444000,131.3,0,Business,Self-employed,Central,0,13941.73,0,0,0,28.73,Moderate,0.0827
LN103068,2023-10-02,40,66100,9.4,702000,36,15.05,775,40.4,0,915000,76.7,0,Personal,Self-employed,Central,0,24352.25,0,0,0,19.72,Low,0.0169
LN100720,2023-10-03,41,52800,6.0,149000,36,11.32,713,42.9,2,228000,65.4,0,Personal,Government,South,1,4900.68,20,0,0,28.04,Moderate,0.041
LN102544,2023-10-04,60,108000,14.9,198000,24,14.67,736,25.9,0,273000,72.5,1,Home,Self-employed,East,1,9569.34,0,0,0,20.13,Low,0.0136
LN100827,2023-10-04,33,66100,9.2,584000,72,10.28,691,51.4,0,642000,91.0,1,Auto,Contract,South,1,10901.73,0,0,0,29.46,Moderate,0.0839
LN101839,2023-10-04,36,57400,5.6,805000,84,10.01,729,58.6,0,988000,81.5,2,Business,Government,West,1,13368.11,0,0,0,27.94,Moderate,0.0528
LN104915,2023-10-04,40,74700,9.8,335000,24,13.21,625,24.3,0,340000,98.5,0,Home,Contract,Central,2,15959.57,0,0,0,29.96,Moderate,0.0852
LN104607,2023-10-04,42,80100,8.1,415000,24,9.72,692,42.6,1,644000,64.4,2,Education,Salaried,Central,1,19096.56,0,0,0,26.99,Moderate,0.0348
LN100460,2023-10-05,56,63900,5.1,224000,36,11.68,649,36.9,0,330000,67.9,4,Home,Government,South,1,7405.82,0,0,0,26.48,Moderate,0.0398
LN101473,2023-10-05,38,20700,16.6,721000,60,6.5,732,28.8,0,1277000,56.5,3,Home,Salaried,South,3,14107.19,0,0,0,22.66,Low,0.0132
LN101327,2023-10-05,37,87500,11.9,144000,36,10.64,672,46.1,0,142000,101.4,1,Auto,Salaried,Central,1,4689.86,20,0,0,30.45,Moderate,0.0698
LN103507,2023-10-05,37,43500,8.7,1801000,48,8.87,690,30.8,1,1485000,121.3,2,Education,Contract,North,1,44706.87,0,0,0,30.43,Moderate,0.0871
LN103611,2023-10-06,39,85900,7.3,1064000,72,10.83,751,30.3,0,1441000,73.8,4,Personal,Salaried,East,0,20159.74,0,0,0,18.68,Low,0.0119
LN102046,2023-10-06,38,65400,5.5,1258000,36,7.98,690,25.8,2,896000,140.4,1,Business,Contract,South,1,39409.54,0,0,0,33.34,Moderate,0.138
LN103643,2023-10-06,38,71000,5.5,155000,60,9.0,761,48.2,0,168000,92.3,0,Auto,Salaried,East,4,3217.55,0,0,0,30.25,Moderate,0.0505
LN102887,2023-10-06,50,29400,10.9,861000,84,11.47,713,35.7,0,953000,90.3,2,Personal,Salaried,Central,0,14956.05,0,0,0,23.42,Low,0.0264
LN100248,2023-10-06,54,96300,15.3,1221000,24,9.94,765,18.9,0,1799000,67.9,1,Personal,Salaried,North,0,56309.15,0,0,0,15.07,Low,0.0056
LN102895,2023-10-06,70,49900,4.9,578000,72,7.8,681,11.3,1,858000,67.4,5,Business,Salaried,North,2,10077.86,0,0,0,23.28,Low,0.0194
LN104005,2023-10-06,43,37300,14.2,577000,60,10.95,778,27.6,0,450000,128.2,1,Business,Salaried,South,2,12531.0,5,0,0,25.49,Moderate,0.0274
LN101974,2023-10-06,38,124200,10.3,367000,60,15.45,719,28.4,0,415000,88.4,1,Business,Salaried,West,1,8817.83,0,0,0,23.12,Low,0.0221
LN103679,2023-10-07,37,30100,2.6,678000,48,7.63,660,13.3,0,915000,74.1,0,Auto,Salaried,East,1,16434.46,0,0,0,21.8,Low,0.0185
LN104754,2023-10-07,33,52200,2.8,448000,24,10.9,743,46.6,2,367000,122.1,1,Business,Government,Central,3,20859.52,20,0,0,36.19,Moderate,0.1286
LN102911,2023-10-07,41,85200,4.9,347000,84,15.67,760,45.8,0,416000,83.4,3,Personal,Contract,South,1,6827.08,0,0,0,23.93,Low,0.0381
LN104365,2023-10-07,57,31600,4.6,424000,48,7.6,760,35.9,1,694000,61.1,2,Home,Salaried,West,1,10271.65,0,0,0,21.72,Low,0.0142
LN102058,2023-10-08,40,166000,12.7,318000,60,12.23,730,32.0,1,365000,87.1,1,Personal,Self-employed,East,2,7110.75,15,0,0,26.8,Moderate,0.0387
LN104326,2023-10-08,33,44300,8.3,1246000,36,14.91,652,29.4,0,1454000,85.7,2,Personal,Salaried,South,1,43138.1,5,0,0,26.6,Moderate,0.0438
LN104896,2023-10-08,23,52500,4.1,459000,36,10.73,642,31.9,0,334000,137.4,4,Personal,Salaried,West,2,14968.45,0,0,0,34.47,Moderate,0.1516
LN100074,2023-10-08,21,71600,3.5,612000,60,7.58,644,15.8,0,1059000,57.8,1,Auto,Self-employed,North,2,12286.5,0,0,0,23.18,Low,0.0259
LN101085,2023-10-09,42,55400,14.4,193000,12,11.27,702,19.4,0,218000,88.5,1,Business,Government,South,3,17081.98,0,0,0,25.57,Moderate,0.0257
LN102701,2023-10-09,48,38100,14.2,180000,36,14.08,551,20.9,1,274000,65.7,3,Business,Salaried,Central,1,6158.97,10,0,0,30.25,Moderate,0.0667
LN101142,2023-10-09,37,64500,3.1,533000,60,7.15,676,48.3,1,688000,77.5,1,Home,Self-employed,South,1,10591.8,10,0,0,30.29,Moderate,0.0808
LN102821,2023-10-09,46,97900,9.4,381000,24,10.33,721,23.3,0,425000,89.6,1,Auto,Salaried,West,2,17639.3,0,0,0,23.78,Low,0.0204
LN103042,2023-10-09,33,32500,5.7,238000,36,9.85,842,39.4,1,265000,89.8,0,Home,Government,East,0,7662.84,0,0,0,19.28,Low,0.0098
LN100102,2023-10-09,35,73200,9.2,166000,60,8.8,705,34.7,1,170000,97.6,1,Home,Self-employed,East,1,3429.8,0,0,0,28.04,Moderate,0.0508
LN100295,2023-10-09,32,59900,14.7,336000,84,8.48,757,30.3,0,233000,144.2,2,Home,Salaried,Central,0,5317.68,0,0,0,25.4,Moderate,0.0309
LN101803,2023-10-10,24,145100,6.6,181000,72,6.5,602,43.4,0,255000,71.0,1,Personal,Contract,Central,0,5247.78,0,0,0,28.91,Moderate,0.1032
LN102692,2023-10-10,38,133100,9.4,351000,60,10.86,622,46.7,0,441000,79.6,2,Auto,Self-employed,North,0,7607.11,0,0,0,29.37,Moderate,0.0844
LN104226,2023-10-10,55,51300,9.3,624000,60,9.36,715,26.6,2,1038000,60.1,2,Home,Government,South,3,13062.51,0,0,0,27.48,Moderate,0.0254
LN101828,2023-10-11,37,59800,4.6,554000,24,8.94,746,28.1,1,508000,109.1,0,Auto,Salaried,Central,0,25294.1,0,0,0,24.04,Low,0.0243
LN102969,2023-10-11,40,112000,11.6,200000,60,18.02,680,30.7,0,356000,56.2,0,Home,Salaried,North,1,5080.86,5,0,0,22.43,Low,0.0177
LN101985,2023-10-11,43,49800,11.9,625000,36,12.09,761,30.0,1,421000,148.5,2,Home,Salaried,South,1,20785.82,10,0,0,29.23,Moderate,0.0476
LN100516,2023-10-11,43,82800,3.8,732000,36,12.7,822,48.1,0,1135000,64.5,1,Personal,Salaried,Central,2,24558.33,0,0,0,20.89,Low,0.0139
LN101169,2023-10-11,46,80200,8.6,1011000,36,12.53,753,30.7,1,1774000,57.0,0,Personal,Salaried,East,0,33836.16,0,0,0,18.98,Low,0.0105
LN100220,2023-10-11,59,153100,7.7,239000,48,9.54,748,20.9,1,323000,74.0,4,Home,Government,Central,1,6009.0,0,0,0,20.65,Low,0.0114
LN103865,2023-10-12,31,119700,11.5,358000,60,14.03,720,25.6,0,638000,56.1,5,Personal,Self-employed,Central,3,8335.6,0,0,0,22.61,Low,0.0199
LN102150,2023-10-12,36,90400,6.1,200000,72,8.11,620,21.5,1,309000,64.7,0,Home,Salaried,East,1,3517.4,20,0,0,26.61,Moderate,0.0354
LN100843,2023-10-12,41,23500,4.6,470000,72,8.31,743,39.1,2,380000,123.7,2,Personal,Salaried,West,2,8311.95,0,0,0,33.19,Moderate,0.0884
LN103829,2023-10-12,42,35800,6.2,466000,60,11.76,685,31.8,1,515000,90.5,3,Home,Self-employed,North,1,10309.48,10,0,0,27.81,Moderate,0.0516
LN103700,2023-10-12,48,139600,7.9,595000,60,11.82,662,35.0,0,981000,60.7,1,Education,Salaried,West,0,13181.39,0,0,0,23.02,Low,0.0234
LN100486,2023-10-12,32,69300,4.4,702000,12,8.78,699,41.8,0,829000,84.7,1,Education,Salaried,South,1,61319.34,0,0,0,26.49,Moderate,0.0392
LN102920,2023-10-12,32,121900,12.6,464000,60,11.07,642,49.5,1,529000,87.7,1,Business,Salaried,South,0,10104.69,0,0,0,31.68,Moderate,0.0905
LN100060,2023-10-13,34,56100,5.1,147000,36,12.75,784,28.5,0,250000,58.8,1,Personal,Salaried,East,4,4935.33,5,0,0,21.74,Low,0.013
LN104009,2023-10-13,44,112800,5.6,404000,24,9.57,717,42.7,0,421000,96.0,0,Education,Self-employed,North,1,18562.47,120,1,1,26.85,Moderate,0.0501
LN103325,2023-10-13,42,144400,5.1,626000,24,14.61,677,30.6,0,659000,95.0,0,Education,Salaried,East,1,30236.78,0,0,0,26.45,Moderate,0.0393
LN103167,2023-10-13,39,92000,4.5,349000,36,15.76,684,22.6,1,301000,115.9,0,Home,Government,North,2,12228.49,10,0,0,30.23,Moderate,0.0584
LN101751,2023-10-13,44,45000,3.7,1123000,48,13.05,711,42.7,0,748000,150.1,1,Auto,Salaried,Central,1,30155.15,0,0,0,32.57,Moderate,0.1092
LN104333,2023-10-14,40,98800,5.9,149000,12,11.65,653,60.6,1,133000,112.0,2,Personal,Salaried,West,1,13214.09,0,0,0,37.42,Moderate,0.2156
LN103239,2023-10-14,46,40900,5.8,257000,72,11.23,701,35.4,1,421000,61.0,2,Auto,Salaried,West,1,4922.09,0,0,0,24.73,Low,0.0244
LN102030,2023-10-14,45,33800,17.6,442000,12,15.5,585,34.9,1,527000,83.9,1,Personal,Salaried,West,1,39998.53,0,0,0,33.07,Moderate,0.1004
LN103149,2023-10-14,30,49700,3.9,660000,84,8.98,677,43.1,0,1157000,57.0,4,Auto,Government,North,2,10612.09,0,0,0,26.81,Moderate,0.0375
LN100091,2023-10-14,47,46300,8.6,431000,60,11.11,730,26.6,0,594000,72.6,2,Auto,Government,North,1,9394.65,0,0,0,20.6,Low,0.0131
LN100473,2023-10-14,50,51100,13.9,481000,72,15.24,694,35.1,0,517000,93.0,1,Education,Salaried,North,1,10233.55,0,0,0,26.25,Moderate,0.0331
LN101415,2023-10-15,46,46900,2.7,185000,60,11.61,720,14.8,0,301000,61.5,3,Education,Salaried,Central,1,4078.86,0,0,0,17.66,Low,0.0086
LN101732,2023-10-15,38,69800,5.4,340000,60,14.82,667,37.9,0,537000,63.3,0,Personal,Salaried,North,0,8056.49,0,0,0,23.6,Low,0.03
LN101009,2023-10-15,33,43500,10.3,495000,48,13.17,700,52.2,0,827000,59.9,1,Auto,Salaried,North,1,13321.41,0,0,0,26.04,Moderate,0.0329
LN101326,2023-10-15,30,50700,12.3,438000,24,11.47,740,15.7,1,479000,91.4,1,Business,Salaried,South,0,20509.94,0,0,0,20.1,Low,0.0121
LN100439,2023-10-15,38,63200,6.7,836000,48,8.89,569,50.6,1,1476000,56.6,0,Auto,Salaried,Central,1,20760.26,45,1,0,34.32,Moderate,0.1267
LN101721,2023-10-15,36,109500,7.9,906000,48,11.7,763,42.1,0,1298000,69.8,1,Auto,Contract,East,1,23725.22,0,0,0,21.67,Low,0.0219
LN103481,2023-10-16,21,64000,10.1,894000,36,14.92,770,60.9,0,901000,99.2,2,Personal,Contract,West,0,30955.79,10,0,0,26.34,Moderate,0.0587
LN100103,2023-10-16,31,67500,4.6,145000,72,12.65,623,38.1,0,225000,64.4,2,Education,Government,South,0,2884.03,0,0,0,26.08,Moderate,0.0424
LN102232,2023-10-16,21,73100,13.6,221000,36,11.53,733,32.6,0,175000,126.3,1,Personal,Salaried,South,0,7290.85,0,0,0,25.34,Moderate,0.0352
LN104931,2023-10-16,21,43300,6.7,914000,72,10.64,754,36.5,0,1639000,55.8,0,Business,Salaried,North,0,17229.08,0,0,0,17.96,Low,0.0103
LN103659,2023-10-16,58,69100,9.1,325000,72,12.69,658,10.4,0,469000,69.3,2,Auto,Salaried,South,1,6471.03,0,0,0,20.84,Low,0.0143
LN102605,2023-10-17,36,45800,8.5,1146000,72,10.84,696,32.8,1,2049000,55.9,1,Auto,Contract,West,1,21719.26,5,0,0,23.97,Low,0.0289
LN100371,2023-10-17,42,37900,5.4,428000,60,9.87,705,53.6,0,621000,68.9,1,Education,Contract,South,0,9066.38,0,0,0,25.29,Moderate,0.0486
LN101531,2023-10-17,22,81100,8.4,506000,48,8.45,752,21.7,0,854000,59.3,1,Auto,Government,East,2,12460.1,0,0,0,18.79,Low,0.0084
LN104747,2023-10-17,28,37300,11.7,895000,60,11.31,657,5.0,0,1486000,60.2,0,Personal,Government,North,3,19598.12,5,0,0,22.24,Low,0.0157
LN102728,2023-10-17,31,77700,9.6,417000,72,13.72,716,41.5,0,475000,87.8,0,Education,Salaried,East,1,8530.2,60,1,0,25.84,Moderate,0.0323
LN102662,2023-10-18,43,47100,8.2,852000,48,10.5,695,44.2,0,1488000,57.3,2,Personal,Self-employed,Central,1,21814.08,0,0,0,24.44,Low,0.0361
LN100399,2023-10-18,49,75500,1.7,479000,48,9.2,699,31.7,0,688000,69.6,0,Home,Salaried,South,1,11965.48,10,0,0,22.96,Low,0.0222
LN101366,2023-10-18,38,57800,18.0,289000,60,11.83,732,39.6,0,470000,61.5,1,Personal,Salaried,West,0,6403.85,0,0,0,20.32,Low,0.0136
LN102397,2023-10-18,29,69600,10.6,475000,60,14.03,616,19.9,1,554000,85.7,0,Home,Salaried,East,1,11059.81,0,0,0,28.6,Moderate,0.047
LN102210,2023-10-18,27,202500,10.4,944000,60,13.17,617,41.6,0,1556000,60.7,6,Auto,Salaried,North,2,21561.14,20,0,0,30.06,Moderate,0.0614
LN102853,2023-10-18,40,84300,6.7,1306000,72,11.75,705,11.5,0,1974000,66.2,1,Home,Self-employed,North,0,25363.08,0,0,0,16.6,Low,0.0095
LN100423,2023-10-19,47,62200,13.5,588000,72,8.32,653,55.5,0,523000,112.4,6,Auto,Salaried,North,0,10401.66,0,0,0,32.77,Moderate,0.1114
LN103680,2023-10-19,28,37900,5.4,438000,60,11.39,695,36.4,0,614000,71.3,0,Personal,Salaried,South,2,9608.59,240,1,1,25.95,Moderate,0.0354
LN102031,2023-10-19,29,50400,13.3,213000,84,9.34,630,13.3,2,249000,85.5,4,Personal,Self-employed,West,1,3463.84,5,0,0,28.52,Moderate,0.0529
LN100839,2023-10-20,36,48900,6.6,121000,36,10.96,734,35.3,1,110000,110.0,0,Home,Self-employed,North,4,3959.09,5,0,0,32.87,Moderate,0.0837
LN104482,2023-10-20,30,33100,12.6,404000,48,12.46,746,32.2,0,466000,86.7,4,Home,Government,West,0,10730.34,0,0,0,20.62,Low,0.0138
LN103338,2023-10-20,43,69800,5.7,187000,72,11.87,759,18.1,0,230000,81.3,0,Home,Self-employed,East,0,3643.26,0,0,0,16.57,Low,0.0093
LN100116,2023-10-20,38,145100,7.5,898000,84,13.3,761,56.9,1,901000,99.7,1,Education,Self-employed,Central,1,16483.2,20,0,0,29.73,Moderate,0.0662
LN104366,2023-10-21,33,55700,2.3,276000,72,11.37,761,38.9,0,302000,91.4,3,Auto,Contract,West,2,5305.86,0,0,0,24.97,Low,0.0378
LN100632,2023-10-21,37,69900,3.2,1208000,36,13.55,700,15.9,1,1139000,106.1,1,Education,Contract,Central,0,41023.05,5,0,0,23.73,Low,0.0342
LN102292,2023-10-22,39,48100,6.0,529000,84,12.09,653,26.1,2,806000,65.6,3,Education,Contract,East,1,9363.78,30,1,0,27.88,Moderate,0.0519
LN101542,2023-10-22,53,28000,6.3,798000,60,12.49,729,37.0,0,1429000,55.8,1,Personal,Salaried,South,1,17949.3,10,0,0,21.05,Low,0.0164
LN102243,2023-10-22,24,47700,5.6,361000,72,10.96,668,11.1,2,297000,121.5,0,Personal,Government,East,0,6863.91,0,0,0,28.01,Moderate,0.0484
LN100613,2023-10-23,28,68000,3.1,126000,60,10.77,522,42.2,2,173000,72.8,2,Business,Government,North,0,2725.11,75,1,0,37.08,Moderate,0.216
LN102165,2023-10-23,29,61500,6.2,960000,72,13.69,586,18.1,0,892000,107.6,3,Home,Salaried,South,1,19622.51,0,0,0,30.02,Moderate,0.075
LN104031,2023-10-23,25,57900,17.5,276000,36,8.88,609,31.7,2,419000,65.9,0,Personal,Salaried,South,3,8761.32,5,0,0,34.69,Moderate,0.0906
LN104255,2023-10-23,47,51700,3.5,426000,60,12.51,744,48.2,0,427000,99.8,1,Personal,Salaried,Central,3,9586.29,15,0,0,30.23,Moderate,0.0654
LN103792,2023-10-23,40,67000,8.6,1118000,48,7.16,754,35.6,1,1183000,94.5,3,Home,Salaried,South,1,26854.97,20,0,0,25.32,Moderate,0.0253
LN102230,2023-10-23,32,39500,4.5,381000,72,13.92,655,27.9,0,272000,140.1,2,Auto,Salaried,South,1,7834.47,0,0,0,31.58,Moderate,0.0954
LN100660,2023-10-23,33,63300,13.3,566000,36,14.24,744,44.2,0,415000,136.4,2,Business,Salaried,Central,2,19410.58,0,0,0,31.43,Moderate,0.0768
LN103134,2023-10-24,38,31200,4.6,953000,60,14.42,718,25.0,0,1306000,73.0,4,Education,Self-employed,East,1,22382.7,0,0,0,20.95,Low,0.0185
LN102736,2023-10-24,35,238700,2.8,266000,60,9.22,746,25.5,1,203000,131.0,4,Business,Salaried,Central,1,5550.17,0,0,0,27.37,Moderate,0.0439
LN102413,2023-10-24,30,78800,8.5,413000,36,13.53,685,36.0,0,301000,137.2,2,Education,Salaried,North,2,14021.27,0,0,0,32.99,Moderate,0.0999
LN103914,2023-10-24,25,60400,2.8,970000,72,16.46,590,52.7,1,1624000,59.7,0,Auto,Government,East,2,21287.52,15,0,0,35.61,Moderate,0.1452
LN100626,2023-10-24,29,76100,4.2,577000,60,13.39,579,15.3,0,813000,71.0,1,Auto,Government,East,0,13244.01,0,0,0,24.51,Low,0.0339
LN101659,2023-10-25,48,75000,4.3,246000,36,12.46,658,41.7,0,194000,126.8,2,Business,Salaried,South,1,8224.87,10,0,0,32.85,Moderate,0.1265
LN101288,2023-10-25,28,130300,7.7,364000,24,10.84,735,12.3,0,274000,132.8,2,Auto,Self-employed,South,2,16938.23,0,0,0,25.16,Moderate,0.0331
LN100414,2023-10-25,41,46200,1.8,730000,12,12.27,815,21.1,0,867000,84.2,1,Auto,Government,North,2,64951.86,0,0,0,17.83,Low,0.0076
LN101755,2023-10-26,50,20700,7.9,651000,72,11.99,688,47.2,0,623000,104.5,2,Home,Self-employed,East,0,12723.79,0,0,0,28.47,Moderate,0.0721
LN100908,2023-10-26,44,145000,15.0,170000,72,9.26,747,51.6,0,174000,97.7,2,Home,Salaried,Central,0,6235.0,0,0,0,25.54,Moderate,0.0311
LN102089,2023-10-26,51,98500,12.7,2213000,84,14.39,747,16.6,0,1881000,117.7,2,Home,Self-employed,Central,0,41949.88,0,0,0,20.54,Low,0.0171
LN103416,2023-10-26,46,63000,5.6,1789000,12,12.75,721,30.4,0,1900000,94.2,2,Home,Government,South,1,159578.85,5,0,0,24.0,Low,0.025
LN103922,2023-10-26,35,38600,16.5,409000,36,11.19,761,47.7,0,596000,68.6,1,Personal,Contract,East,2,13426.97,10,0,0,24.45,Low,0.0313
LN100433,2023-10-27,44,55100,12.6,544000,48,10.1,686,16.4,1,734000,74.1,0,Home,Salaried,South,2,13823.39,15,0,0,24.71,Low,0.02
LN101494,2023-10-27,52,39700,8.7,767000,36,16.25,636,55.1,0,1124000,68.2,0,Personal,Salaried,East,2,27060.21,0,0,0,32.5,Moderate,0.103
LN103901,2023-10-27,37,72000,8.8,625000,48,13.22,657,46.7,0,803000,77.8,1,Home,Salaried,Central,1,16835.51,0,0,0,29.0,Moderate,0.0575
LN102806,2023-10-28,37,79800,13.4,300000,84,10.58,597,20.0,1,307000,97.7,2,Personal,Contract,North,1,5070.72,75,1,0,30.83,Moderate,0.1023
LN103707,2023-10-28,50,79100,4.6,378000,60,14.06,670,26.7,1,557000,67.9,4,Auto,Salaried,Central,0,8807.16,0,0,0,23.66,Low,0.0236
LN104694,2023-10-28,36,58200,6.7,585000,48,13.82,673,39.0,0,904000,64.7,3,Business,Salaried,East,2,15933.22,0,0,0,26.97,Moderate,0.0411
LN104936,2023-10-29,38,75500,13.1,323000,12,13.26,686,26.9,0,222000,145.5,0,Auto,Self-employed,Central,0,28888.9,0,0,0,28.61,Moderate,0.07
LN101050,2023-10-29,32,125900,4.1,383000,36,8.29,656,24.5,0,348000,110.1,2,Auto,Contract,South,5,12053.13,0,0,0,34.51,Moderate,0.1368
LN101859,2023-10-29,40,100100,9.1,280000,60,12.5,774,12.0,1,348000,80.5,3,Home,Self-employed,South,3,6299.42,10,0,0,21.47,Low,0.0126
LN100854,2023-10-30,51,33500,16.2,1085000,48,12.56,735,25.3,0,1842000,58.9,0,Auto,Government,South,0,28871.45,15,0,0,17.04,Low,0.007
LN100977,2023-10-30,21,87700,3.8,294000,36,11.71,633,39.5,1,408000,72.1,1,Personal,Self-employed,South,4,9724.34,0,0,0,35.26,Moderate,0.1472
LN101191,2023-10-30,26,38800,15.3,967000,48,9.62,726,32.9,0,1124000,86.0,2,Personal,Self-employed,East,2,24349.52,0,0,0,25.08,Moderate,0.0323
LN102390,2023-10-30,21,120300,2.0,1267000,24,8.59,751,45.3,0,1725000,73.4,3,Home,Salaried,South,1,57644.52,5,0,0,23.31,Low,0.0227
LN103654,2023-10-30,39,94500,19.8,306000,24,11.73,633,36.8,0,502000,61.0,1,Auto,Self-employed,West,1,14365.93,0,0,0,26.61,Moderate,0.0411
LN104829,2023-10-31,29,47500,3.4,1056000,12,10.46,849,43.9,0,1624000,65.0,0,Personal,Self-employed,South,3,93065.25,0,0,0,20.33,Low,0.0139
LN103398,2023-10-31,58,89900,7.7,193000,60,10.11,678,45.2,1,283000,68.2,1,Auto,Salaried,West,2,4111.13,0,0,0,30.3,Moderate,0.0554
LN102483,2023-10-31,31,56000,7.2,439000,72,13.27,763,24.3,0,473000,92.8,1,Home,Salaried,North,1,8875.21,0,0,0,20.41,Low,0.0128
LN101378,2023-10-31,33,100400,11.9,391000,60,11.76,675,38.3,0,309000,126.5,1,Personal,Government,North,1,8650.23,0,0,0,31.24,Moderate,0.0894
LN103925,2023-10-31,35,88500,14.9,109000,60,10.84,738,53.2,0,160000,68.1,2,Personal,Salaried,North,1,3923.5,0,0,0,25.05,Moderate,0.0286
LN104335,2023-11-01,32,59400,10.7,112000,60,14.2,752,24.2,0,151000,74.2,2,Auto,Self-employed,West,3,2617.67,0,0,0,22.45,Low,0.0172
LN104501,2023-11-01,26,122600,12.7,209000,48,9.25,723,23.2,0,153000,136.6,3,Business,Salaried,East,3,5225.82,0,0,0,30.02,Moderate,0.0563
LN100926,2023-11-01,33,89800,8.1,460000,72,12.38,701,59.7,0,650000,70.8,1,Personal,Salaried,West,2,9084.25,0,0,0,30.24,Moderate,0.0693
LN102283,2023-11-03,29,63800,9.0,372000,72,6.84,704,30.1,0,669000,55.6,1,Auto,Self-employed,North,3,6313.69,0,0,0,24.31,Low,0.0248
LN104483,2023-11-03,43,74200,8.7,1299000,60,8.8,695,39.8,1,1857000,70.0,2,Auto,Salaried,Central,2,26839.19,0,0,0,28.5,Moderate,0.04
LN103388,2023-11-03,46,49000,6.7,588000,60,7.18,727,49.3,0,483000,121.7,3,Education,Salaried,North,1,11693.1,0,0,0,30.21,Moderate,0.0701
LN100865,2023-11-04,35,48700,8.9,281000,72,12.17,696,55.9,0,383000,73.4,1,Home,Government,West,1,5518.48,10,0,0,28.34,Moderate,0.0499
LN101775,2023-11-04,26,96400,13.3,324000,60,11.28,732,41.9,1,296000,109.5,0,Auto,Self-employed,West,1,7089.87,0,0,0,29.24,Moderate,0.0578
LN101182,2023-11-06,46,28300,9.9,569000,24,12.43,709,65.3,0,756000,75.3,1,Education,Self-employed,Central,1,26899.21,0,0,0,29.72,Moderate,0.0753
LN103441,2023-11-06,32,127200,7.3,334000,60,14.54,765,30.2,1,522000,64.0,1,Auto,Government,South,0,7865.42,15,0,0,18.94,Low,0.0094
LN103111,2023-11-06,35,25700,13.0,206000,72,11.53,742,28.2,1,134000,153.7,2,Auto,Salaried,West,1,3977.17,0,0,0,30.02,Moderate,0.0578
LN104601,2023-11-07,46,119500,4.4,643000,84,12.29,664,22.2,0,476000,135.1,1,Personal,Salaried,East,2,11450.67,0,0,0,31.13,Moderate,0.0889
LN100009,2023-11-07,43,60700,8.2,542000,72,9.19,804,26.7,1,594000,91.2,2,Auto,Salaried,Central,2,9821.03,0,0,0,22.23,Low,0.0129
LN100191,2023-11-07,46,63700,5.1,715000,12,14.63,743,33.7,0,613000,116.6,2,Personal,Salaried,South,0,64409.93,0,0,0,24.06,Low,0.0317
LN102381,2023-11-07,29,78600,9.7,337000,48,10.4,670,44.8,0,270000,124.8,1,Personal,Government,North,0,8612.07,0,0,0,30.97,Moderate,0.0979
LN102075,2023-11-07,35,118700,6.4,224000,72,14.45,599,71.1,0,300000,74.7,1,Business,Salaried,Central,0,7032.98,0,0,0,34.98,Moderate,0.188
LN103465,2023-11-08,26,54100,5.1,655000,60,11.91,652,50.2,0,821000,79.8,3,Home,Salaried,West,0,14540.34,10,0,0,28.5,Moderate,0.0622
LN102919,2023-11-08,50,81400,8.4,443000,36,11.05,712,25.8,0,291000,152.2,1,Education,Salaried,Central,2,14513.74,0,0,0,30.8,Moderate,0.0722
LN103558,2023-11-08,37,62100,8.8,333000,60,7.04,610,5.0,1,513000,64.9,2,Auto,Government,West,0,6600.09,0,0,0,22.2,Low,0.018
LN104719,2023-11-08,39,48400,10.0,1181000,84,8.9,796,35.3,0,1807000,65.4,0,Personal,Self-employed,Central,2,18941.32,0,0,0,19.79,Low,0.0133
LN100912,2023-11-08,40,118900,9.4,287000,48,8.84,779,26.6,1,304000,94.4,0,Home,Salaried,North,0,7120.22,0,0,0,20.52,Low,0.012
LN104731,2023-11-08,38,113200,7.5,365000,36,8.81,681,44.2,1,390000,93.6,0,Auto,Salaried,East,1,11574.65,0,0,0,30.81,Moderate,0.0678
LN102612,2023-11-08,36,44100,4.8,939000,60,8.92,615,43.1,0,1225000,76.7,2,Home,Salaried,South,1,19455.66,0,0,0,30.4,Moderate,0.0785
LN104745,2023-11-09,35,88800,5.4,550000,36,14.17,792,42.5,0,896000,61.4,0,Education,Salaried,Central,0,18843.14,5,0,0,17.71,Low,0.0089
LN104571,2023-11-09,35,49700,4.8,370000,60,9.85,814,5.0,0,505000,73.3,2,Education,Salaried,North,0,7834.13,0,0,0,10.24,Low,0.0024
LN104676,2023-11-09,44,39700,4.5,695000,60,13.71,656,27.9,0,1100000,63.2,0,Personal,Government,West,0,16067.13,20,0,0,22.17,Low,0.024
LN102002,2023-11-09,31,91600,7.9,495000,60,13.86,639,44.0,0,861000,57.5,1,Home,Self-employed,West,2,11481.89,0,0,0,29.05,Moderate,0.0652
LN103120,2023-11-10,34,112400,1.7,530000,72,12.56,834,33.6,1,383000,138.4,3,Business,Salaried,South,3,10516.59,0,0,0,28.41,Moderate,0.0404
LN103137,2023-11-10,29,86900,4.3,856000,84,11.99,673,40.1,0,837000,102.3,2,Home,Self-employed,West,2,15106.16,0,0,0,30.95,Moderate,0.0928
LN101871,2023-11-10,36,89500,9.9,186000,36,14.02,778,34.6,0,151000,123.2,3,Home,Salaried,South,0,6358.85,0,0,0,23.05,Low,0.0217
LN104450,2023-11-10,34,59800,9.0,324000,84,9.67,721,31.9,0,475000,68.2,2,Business,Salaried,North,1,5323.7,0,0,0,21.7,Low,0.0174
LN100510,2023-11-10,40,69400,6.8,390000,72,11.47,804,72.4,0,650000,60.0,0,Home,Salaried,North,2,7517.51,0,0,0,26.25,Moderate,0.0299
LN102941,2023-11-10,34,74600,6.9,368000,60,12.93,769,6.2,0,582000,63.2,1,Education,Self-employed,Central,2,8359.95,0,0,0,15.18,Low,0.0057
LN101690,2023-11-11,43,81600,8.3,646000,60,8.12,744,26.5,1,655000,98.6,1,Auto,Salaried,West,0,13135.68,0,0,0,22.77,Low,0.0185
LN103607,2023-11-11,48,150700,5.7,747000,36,13.54,613,23.4,0,775000,96.4,0,Personal,Salaried,East,0,25364.11,0,0,0,26.87,Moderate,0.0546
LN101048,2023-11-12,51,34100,14.2,1066000,48,12.06,599,50.1,1,1664000,64.1,2,Home,Salaried,North,1,28103.28,120,1,1,33.38,Moderate,0.0975
LN103890,2023-11-12,44,56200,6.5,402000,12,10.08,771,29.0,1,660000,60.9,0,Personal,Government,North,0,35357.15,5,0,0,18.07,Low,0.0091
LN101285,2023-11-12,26,48400,3.5,417000,72,13.6,732,25.1,0,558000,74.7,5,Education,Salaried,North,2,8503.53,0,0,0,22.07,Low,0.0163
LN101017,2023-11-12,34,71400,14.2,833000,84,8.54,816,37.8,0,878000,94.9,2,Home,Salaried,North,2,13208.55,10,0,0,22.18,Low,0.0135
LN100511,2023-11-13,38,92200,4.8,1386000,60,11.73,850,49.4,1,1714000,80.9,2,Auto,Salaried,West,1,30642.03,0,0,0,21.64,Low,0.0132
LN104003,2023-11-13,42,25600,2.8,359000,24,8.46,668,21.5,0,630000,57.0,1,Education,Salaried,South,1,16312.02,0,0,0,21.3,Low,0.0167
LN104151,2023-11-13,48,72700,5.6,606000,48,10.12,723,37.2,0,710000,85.4,5,Home,Salaried,Central,2,15404.67,0,0,0,26.04,Moderate,0.0315
LN104206,2023-11-14,42,107700,14.0,1502000,36,9.31,726,45.7,1,1613000,93.1,2,Personal,Self-employed,West,0,47980.2,0,0,0,27.01,Moderate,0.049
LN100508,2023-11-14,38,58300,3.0,268000,60,12.32,702,50.7,0,454000,59.0,3,Auto,Self-employed,West,2,6004.94,0,0,0,27.21,Moderate,0.0493
LN103737,2023-11-14,37,57900,6.8,199000,84,12.83,726,18.2,0,213000,93.4,3,Home,Salaried,South,2,3601.83,5,0,0,22.88,Low,0.0181
LN103105,2023-11-14,41,25100,8.1,193000,48,7.07,752,29.4,1,134000,144.0,2,Auto,Salaried,East,1,4627.9,0,0,0,29.13,Moderate,0.0497
LN100610,2023-11-14,44,89200,11.8,463000,48,15.18,701,39.8,0,386000,119.9,2,Home,Government,East,2,12927.92,10,0,0,31.17,Moderate,0.0701
LN102484,2023-11-15,33,55300,10.1,363000,60,13.42,654,39.2,0,507000,71.6,2,Auto,Salaried,Central,1,8337.62,0,0,0,27.04,Moderate,0.0407
LN101152,2023-11-15,32,44900,10.4,174000,48,6.92,769,33.9,0,203000,85.7,2,Education,Government,West,2,4160.19,0,0,0,22.97,Low,0.0168
LN103604,2023-11-16,45,87200,4.1,582000,72,12.93,768,64.1,0,758000,76.8,1,Auto,Government,West,0,11661.64,20,0,0,24.84,Low,0.0315
LN103221,2023-11-16,45,103400,3.7,270000,60,10.16,701,52.0,2,479000,56.4,1,Home,Self-employed,Central,4,5757.98,0,0,0,34.59,Moderate,0.0997
LN102179,2023-11-16,38,45900,18.3,165000,48,10.2,688,48.3,0,137000,120.4,1,Education,Salaried,South,3,4200.69,0,0,0,35.28,Moderate,0.1124
LN102551,2023-11-16,21,163200,1.7,406000,48,14.57,722,30.1,1,340000,119.4,2,Home,Government,Central,0,11210.99,0,0,0,26.74,Moderate,0.041
LN101919,2023-11-16,34,64000,5.3,397000,72,9.16,699,48.2,2,533000,74.5,1,Personal,Salaried,East,1,7187.7,0,0,0,30.75,Moderate,0.0659
LN103006,2023-11-17,42,68300,12.4,1173000,24,10.67,780,47.4,0,1287000,91.1,2,Auto,Salaried,West,0,54491.45,0,0,0,22.3,Low,0.018
LN100693,2023-11-17,44,39300,6.6,500000,36,7.59,730,41.3,0,857000,58.3,5,Personal,Salaried,North,1,15573.78,90,1,1,22.11,Low,0.0196
LN102020,2023-11-17,39,173800,18.2,219000,36,10.79,701,38.2,0,238000,92.0,1,Home,Self-employed,North,0,7148.02,0,0,0,24.73,Low,0.0329
LN103207,2023-11-17,45,30700,2.5,313000,60,13.22,677,36.2,0,460000,68.0,3,Home,Government,Central,2,7157.01,0,0,0,26.53,Moderate,0.0367
LN102616,2023-11-17,31,70300,20.4,1070000,60,13.24,714,36.7,0,1380000,77.5,4,Auto,Contract,North,0,24477.45,0,0,0,22.29,Low,0.0235
LN102755,2023-11-17,34,69000,18.3,365000,36,12.74,663,26.8,1,427000,85.5,0,Education,Salaried,East,0,12252.63,30,0,0,25.81,Moderate,0.0283
LN100432,2023-11-17,36,68400,4.9,361000,60,14.41,719,26.6,2,584000,61.8,1,Business,Salaried,Central,0,8476.77,0,0,0,22.44,Low,0.0175
LN100855,2023-11-17,33,27400,17.4,1174000,48,10.17,675,30.1,1,1292000,90.9,0,Business,Self-employed,West,1,29871.61,10,0,0,28.04,Moderate,0.0506
LN103921,2023-11-17,40,78500,5.7,1007000,60,11.54,768,10.7,0,1007000,100.0,2,Home,Self-employed,South,0,22166.78,0,0,0,16.48,Low,0.0092
LN103523,2023-11-17,53,39900,8.1,286000,24,8.35,753,43.3,0,415000,68.9,4,Education,Self-employed,Central,0,12980.71,10,0,0,20.69,Low,0.0182
LN101238,2023-11-17,43,45200,6.2,141000,36,12.25,648,40.5,2,109000,129.4,1,Business,Salaried,East,0,4700.07,0,0,0,35.73,Moderate,0.163
LN103883,2023-11-17,30,54000,15.1,517000,48,10.24,647,33.9,2,587000,88.1,0,Home,Salaried,West,2,13172.12,180,1,1,33.67,Moderate,0.0777
LN100438,2023-11-17,23,76600,12.9,822000,60,9.62,754,6.5,2,1357000,60.6,1,Education,Self-employed,North,1,17311.77,15,0,0,18.11,Low,0.0072
LN102800,2023-11-18,40,43600,15.4,226000,36,12.89,650,22.5,2,296000,76.4,2,Personal,Salaried,East,0,7602.86,5,0,0,26.73,Moderate,0.0336
LN103077,2023-11-18,43,112100,8.9,159000,72,11.67,719,25.2,0,197000,80.7,0,Business,Salaried,South,2,3081.26,0,0,0,23.38,Low,0.0211
LN102172,2023-11-18,35,60000,9.8,1562000,36,11.65,664,30.7,0,2261000,69.1,0,Business,Government,South,1,51620.02,0,0,0,24.56,Low,0.0293
LN103127,2023-11-19,50,41300,5.3,493000,60,12.53,727,46.9,0,347000,142.1,1,Home,Salaried,West,0,11099.01,0,0,0,30.1,Moderate,0.0787
LN102196,2023-11-19,42,80700,3.1,245000,48,12.89,752,22.2,0,180000,136.1,1,Education,Salaried,Central,1,6559.37,0,0,0,24.9,Low,0.0302
LN103401,2023-11-19,43,113700,19.5,416000,84,11.42,666,34.4,0,748000,55.6,2,Education,Salaried,West,0,7215.13,90,1,1,22.18,Low,0.017
LN103873,2023-11-19,25,56300,8.9,737000,60,14.53,795,52.1,0,1107000,66.6,2,Auto,Salaried,North,3,17351.88,20,0,0,24.99,Low,0.0212
LN104614,2023-11-19,39,52400,7.5,547000,24,10.08,671,50.3,2,841000,65.0,1,Auto,Self-employed,Central,0,25261.48,5,0,0,30.04,Moderate,0.0703
LN102888,2023-11-20,35,86100,3.7,393000,60,16.75,612,17.6,0,595000,66.1,3,Auto,Salaried,East,2,9714.31,0,0,0,26.06,Moderate,0.0349
LN104052,2023-11-20,42,62800,6.7,655000,60,13.21,760,42.3,0,547000,119.7,1,Home,Salaried,Central,2,14973.77,75,1,0,28.53,Moderate,0.0467
LN103128,2023-11-20,39,59600,9.5,122000,36,16.54,709,30.7,1,219000,55.7,2,Auto,Government,East,1,4321.75,0,0,0,22.84,Low,0.0165
LN101342,2023-11-20,42,60700,6.9,487000,36,9.79,686,47.4,0,483000,100.8,2,Home,Self-employed,East,0,15666.15,0,0,0,28.24,Moderate,0.0704
LN103181,2023-11-20,43,75000,12.3,664000,36,12.59,707,30.3,1,1099000,60.4,3,Home,Salaried,West,2,22241.88,0,0,0,25.0,Moderate,0.0207
LN103689,2023-11-20,37,69800,6.8,498000,36,13.28,635,27.1,2,471000,105.7,2,Auto,Contract,Central,2,16846.83,10,0,0,34.71,Moderate,0.1417
LN104459,2023-11-20,44,59000,12.1,628000,24,12.51,726,41.7,1,888000,70.7,0,Home,Salaried,Central,2,29711.93,10,0,0,27.31,Moderate,0.0305
LN104124,2023-11-21,41,86900,15.6,244000,60,14.11,730,22.5,0,263000,92.8,3,Personal,Self-employed,North,1,5691.38,0,0,0,21.8,Low,0.0205
LN100037,2023-11-21,21,46700,10.3,495000,60,9.68,761,22.5,1,692000,71.5,1,Personal,Salaried,East,2,10439.52,0,0,0,21.7,Low,0.0131
LN100737,2023-11-21,47,128000,8.7,947000,84,11.57,691,33.4,0,852000,111.2,4,Business,Contract,South,1,16500.15,0,0,0,27.88,Moderate,0.0724
LN104150,2023-11-21,37,89200,4.1,376000,72,12.52,707,24.7,1,422000,89.1,3,Personal,Contract,South,0,7452.94,10,0,0,23.42,Low,0.0355
LN101172,2023-11-21,39,54100,10.7,350000,60,16.0,689,25.8,0,247000,141.7,0,Business,Salaried,South,1,8511.32,0,0,0,29.52,Moderate,0.0674
LN104427,2023-11-21,30,48400,14.6,476000,24,10.8,664,37.2,0,372000,128.0,1,Business,Government,Central,2,22141.16,45,1,0,33.42,Moderate,0.1088
LN103219,2023-11-22,44,34300,20.8,984000,84,11.48,850,37.4,2,1546000,63.6,3,Business,Salaried,West,2,17097.84,0,0,0,21.17,Low,0.0081
LN100672,2023-11-22,35,47800,7.6,460000,84,14.42,718,39.8,0,395000,116.5,2,Personal,Salaried,North,0,8727.48,0,0,0,26.6,Moderate,0.0477
LN102638,2023-11-22,29,129500,8.2,660000,72,13.43,709,11.9,1,794000,83.1,3,Personal,Government,East,1,13399.17,0,0,0,21.82,Low,0.0161
LN102109,2023-11-22,43,77000,9.2,194000,60,12.49,678,47.9,1,170000,114.1,2,Auto,Salaried,South,1,4363.61,0,0,0,33.76,Moderate,0.1074
LN102369,2023-11-23,49,51000,2.8,119000,60,13.32,716,31.2,1,128000,93.0,3,Home,Salaried,Central,3,2727.15,10,0,0,29.63,Moderate,0.0472
LN100093,2023-11-23,35,147300,13.3,343000,48,12.2,704,24.2,0,247000,138.9,1,Personal,Government,East,2,9066.22,0,0,0,29.79,Moderate,0.0617
LN101171,2023-11-23,41,69300,6.0,323000,84,9.58,638,31.4,1,305000,105.9,1,Personal,Salaried,North,1,5292.35,10,0,0,31.76,Moderate,0.0932
LN104259,2023-11-24,30,57600,7.4,483000,36,13.74,695,15.1,0,370000,130.5,1,Auto,Government,Central,0,16446.87,0,0,0,24.28,Low,0.0295
LN102568,2023-11-24,46,114300,4.6,386000,48,10.99,576,12.9,0,610000,63.3,1,Home,Salaried,South,0,9974.5,0,0,0,23.42,Low,0.028
LN101841,2023-11-24,21,49600,8.7,379000,60,11.59,696,25.0,0,586000,64.7,1,Business,Self-employed,North,2,8352.33,5,0,0,22.96,Low,0.0246
LN103938,2023-11-24,35,81700,8.4,435000,36,9.42,515,35.4,0,332000,131.0,3,Business,Salaried,North,0,13918.07,0,0,0,37.92,Moderate,0.2913
LN102851,2023-11-25,46,56100,6.2,293000,12,11.59,807,60.5,1,421000,69.6,2,Home,Salaried,South,2,25976.53,0,0,0,26.67,Moderate,0.0281
LN102769,2023-11-25,36,113800,15.6,351000,60,12.16,714,20.7,2,517000,67.9,1,Education,Salaried,Central,0,7836.21,0,0,0,22.13,Low,0.0129
LN104654,2023-11-25,44,79500,2.4,171000,72,12.95,693,25.8,1,128000,133.6,2,Auto,Salaried,North,1,3428.16,0,0,0,30.5,Moderate,0.0699
LN101031,2023-11-25,23,53000,19.3,113000,84,12.63,681,16.0,0,135000,83.7,0,Education,Salaried,South,0,2033.03,0,0,0,20.52,Low,0.0128
LN100993,2023-11-26,32,83400,5.7,514000,60,13.02,679,23.4,0,870000,59.1,1,Personal,Salaried,South,3,11700.34,0,0,0,24.64,Low,0.0255
LN103898,2023-11-26,42,39100,8.0,737000,60,8.38,703,10.9,0,1034000,71.3,1,Personal,Salaried,South,2,15078.09,5,0,0,20.43,Low,0.0132
LN100541,2023-11-26,28,144900,9.6,527000,84,11.7,572,21.8,1,503000,104.8,1,Auto,Salaried,Central,0,9218.65,0,0,0,31.56,Moderate,0.0891
LN103867,2023-11-26,53,43300,16.0,935000,24,12.3,782,16.6,0,1387000,67.4,1,Home,Contract,West,1,44144.8,10,0,0,15.33,Low,0.0064
LN100959,2023-11-27,42,174200,21.9,289000,12,15.95,688,33.0,1,425000,68.0,5,Education,Salaried,West,2,26214.38,0,0,0,27.31,Moderate,0.0271
LN104803,2023-11-27,32,39900,5.6,555000,36,16.14,691,39.9,0,734000,75.6,1,Auto,Salaried,East,1,19550.54,0,0,0,25.62,Moderate,0.0334
LN101906,2023-11-27,24,37200,4.5,406000,72,13.05,706,22.4,0,488000,83.2,1,Business,Salaried,North,1,8160.8,10,0,0,22.09,Low,0.0203
LN102317,2023-11-27,32,118100,7.3,191000,84,13.44,746,36.4,0,196000,97.4,3,Auto,Self-employed,South,1,3582.37,15,0,0,24.19,Low,0.0307
LN100318,2023-11-27,41,59200,5.9,927000,36,10.0,850,28.4,1,1223000,75.8,3,Personal,Government,South,1,29911.68,0,0,0,16.93,Low,0.0064
LN100772,2023-11-27,44,90900,7.2,1556000,84,8.63,631,24.5,0,1690000,92.1,2,Auto,Salaried,East,0,24743.41,5,0,0,25.7,Moderate,0.0387
LN100915,2023-11-27,41,42300,5.1,547000,84,10.71,771,28.7,1,557000,98.2,3,Business,Salaried,North,2,9282.77,10,0,0,25.08,Moderate,0.025
LN104428,2023-11-27,39,25100,14.9,523000,36,11.14,721,31.8,0,428000,122.2,5,Business,Salaried,West,0,17157.04,0,0,0,25.41,Moderate,0.0345
LN103923,2023-11-27,23,61200,5.2,234000,36,10.1,738,21.8,0,190000,123.2,1,Personal,Self-employed,North,0,7561.51,5,0,0,22.61,Low,0.0308
LN104954,2023-11-28,41,73400,8.0,230000,48,14.64,677,44.8,0,283000,81.3,0,Auto,Contract,South,2,6359.18,0,0,0,29.58,Moderate,0.0788
LN100913,2023-11-28,52,79000,19.4,619000,72,13.48,722,41.4,1,993000,62.3,1,Education,Salaried,East,1,12583.24,0,0,0,24.95,Low,0.0204
LN102153,2023-11-28,40,89200,8.5,556000,36,14.12,654,36.5,0,364000,152.7,1,Education,Salaried,West,0,19035.18,0,0,0,32.68,Moderate,0.1244
LN100712,2023-11-29,33,98100,4.9,403000,72,9.31,666,45.9,0,331000,121.8,2,Personal,Salaried,East,2,7326.45,5,0,0,34.43,Moderate,0.1462
LN100413,2023-11-29,49,99000,7.6,405000,24,15.19,762,34.2,1,646000,62.7,2,Business,Salaried,Central,1,19673.67,0,0,0,21.44,Low,0.0142
LN101257,2023-11-29,42,34100,7.2,429000,48,11.72,699,20.9,0,507000,84.6,0,Auto,Government,West,2,11238.33,0,0,0,23.97,Low,0.022
LN103773,2023-11-30,31,89100,14.1,428000,36,11.78,753,48.3,0,438000,97.7,4,Auto,Government,North,0,14170.79,0,0,0,24.57,Low,0.0265
LN102602,2023-11-30,32,82100,11.0,554000,48,11.43,638,24.7,0,542000,102.2,1,Business,Contract,South,1,14434.38,30,1,0,28.05,Moderate,0.0744
LN102095,2023-11-30,37,28500,8.6,257000,36,8.7,737,28.6,0,437000,58.8,2,Education,Salaried,South,0,8136.7,0,0,0,17.58,Low,0.0086
LN102973,2023-11-30,56,50900,5.0,414000,60,12.73,570,28.3,1,561000,73.8,2,Personal,Salaried,Central,0,9362.65,0,0,0,29.86,Moderate,0.0797
LN104757,2023-11-30,50,51200,16.5,142000,60,11.39,629,45.5,1,200000,71.0,1,Auto,Contract,North,4,3115.11,240,1,1,36.57,Moderate,0.1536
LN100807,2023-11-30,34,54700,4.9,988000,36,12.62,676,29.2,0,1320000,74.8,1,Auto,Government,North,1,33109.08,0,0,0,24.2,Low,0.0267
LN103069,2023-12-01,44,54600,8.5,441000,72,8.75,620,60.3,0,587000,75.1,1,Personal,Contract,Central,3,7894.65,240,1,1,36.75,Moderate,0.2377
LN103187,2023-12-01,46,88000,3.5,1060000,84,14.22,666,5.0,0,1154000,91.9,2,Home,Self-employed,North,0,19993.46,0,0,0,19.93,Low,0.0185
LN103658,2023-12-01,39,67200,5.3,707000,36,11.0,632,24.3,0,500000,141.4,6,Personal,Government,South,0,23146.27,0,0,0,30.54,Moderate,0.1003
LN103432,2023-12-01,43,47900,11.3,1162000,36,9.48,709,11.3,0,1822000,63.8,2,Personal,Salaried,Central,1,37211.42,0,0,0,17.77,Low,0.0088
LN102658,2023-12-02,40,93600,9.2,399000,24,9.2,726,37.8,0,500000,79.8,5,Auto,Salaried,North,1,18264.85,0,0,0,23.77,Low,0.0226
LN102594,2023-12-02,46,130200,2.0,825000,72,12.57,713,26.0,0,884000,93.3,3,Personal,Salaried,Central,0,16374.49,0,0,0,21.78,Low,0.0227
LN100587,2023-12-02,30,17500,2.0,1051000,48,11.68,705,51.7,0,1134000,92.7,3,Home,Salaried,North,0,27512.02,0,0,0,27.29,Moderate,0.0516
LN101704,2023-12-02,42,57700,21.8,356000,48,13.37,705,30.3,0,483000,73.7,5,Business,Self-employed,Central,1,9616.09,10,0,0,22.77,Low,0.0219
LN101818,2023-12-02,36,64900,12.8,998000,60,7.64,775,42.7,0,1503000,66.4,4,Personal,Salaried,Central,3,20064.33,0,0,0,24.15,Low,0.0198
LN102673,2023-12-03,33,56600,13.0,547000,60,16.45,645,50.0,0,391000,139.9,2,Business,Self-employed,East,5,13433.12,0,0,0,43.18,Moderate,0.3854
LN104559,2023-12-03,44,55300,9.3,439000,48,12.79,645,25.9,0,684000,64.2,3,Education,Salaried,West,2,11731.57,0,0,0,25.79,Moderate,0.03
LN100132,2023-12-03,28,78500,18.9,263000,72,9.71,758,47.8,0,408000,64.5,2,Home,Salaried,North,3,4833.92,15,0,0,25.88,Moderate,0.0219
LN103505,2023-12-03,26,56100,4.2,2215000,48,13.31,776,41.3,0,2926000,75.7,3,Business,Salaried,North,0,59764.27,0,0,0,19.75,Low,0.0144
LN102169,2023-12-03,42,66200,4.4,526000,84,12.92,669,16.9,1,750000,70.1,2,Business,Salaried,South,1,9546.11,10,0,0,23.64,Low,0.0234
LN103907,2023-12-03,25,31100,13.1,409000,72,7.42,706,24.6,0,632000,64.7,1,Personal,Government,South,1,7055.82,0,0,0,20.68,Low,0.0142
LN102623,2023-12-03,51,45700,14.4,255000,48,11.95,655,30.1,0,250000,102.0,2,Education,Salaried,South,2,6708.87,0,0,0,29.88,Moderate,0.0559
LN101522,2023-12-04,36,54500,22.1,433000,24,6.5,763,44.7,0,470000,92.1,3,Personal,Self-employed,West,1,19288.53,5,0,0,24.42,Low,0.0285
LN104921,2023-12-04,41,72500,3.1,483000,72,7.33,690,37.7,1,678000,71.2,1,Home,Salaried,North,2,8311.42,0,0,0,28.46,Moderate,0.0433
LN103180,2023-12-04,47,13700,4.1,332000,12,12.06,631,24.1,0,334000,99.4,0,Personal,Salaried,West,0,29507.12,5,0,0,26.35,Moderate,0.0507
LN101387,2023-12-05,52,32800,6.0,564000,72,15.49,737,36.2,0,996000,56.6,0,Auto,Government,North,1,12076.38,15,0,0,20.55,Low,0.0133
LN102077,2023-12-05,49,174700,4.8,751000,48,10.13,760,35.9,0,715000,105.0,1,Home,Salaried,West,0,19094.22,0,0,0,22.44,Low,0.0211
LN100562,2023-12-05,46,48200,11.0,464000,12,10.27,756,5.0,2,662000,70.1,0,Home,Salaried,South,2,40851.26,0,0,0,20.32,Low,0.0079
LN100151,2023-12-06,41,43200,11.1,894000,84,10.1,808,31.3,2,712000,125.6,2,Business,Salaried,East,1,14887.69,0,0,0,26.71,Moderate,0.0287
LN100642,2023-12-06,36,16700,7.5,172000,60,12.89,784,41.1,1,276000,62.3,1,Personal,Salaried,Central,3,3903.85,0,0,0,24.94,Low,0.021
LN100798,2023-12-06,38,83000,8.1,206000,24,8.72,625,40.9,2,305000,67.5,2,Education,Salaried,East,2,9384.61,0,0,0,34.18,Moderate,0.0932
LN103530,2023-12-06,51,42600,3.2,634000,84,9.37,632,16.5,0,429000,147.8,1,Home,Government,North,1,10319.93,0,0,0,31.29,Moderate,0.0945
LN100321,2023-12-06,43,36600,5.8,582000,60,11.67,747,41.9,0,931000,62.5,3,Home,Self-employed,East,1,12849.42,0,0,0,21.75,Low,0.0203
LN104172,2023-12-06,34,88000,14.0,277000,60,6.5,681,33.6,0,478000,57.9,2,Business,Self-employed,North,1,5419.82,5,0,0,23.12,Low,0.0263
LN103489,2023-12-07,24,45900,6.7,460000,84,9.9,733,9.0,1,817000,56.3,1,Business,Salaried,South,1,7612.8,0,0,0,17.29,Low,0.0072
LN103827,2023-12-07,42,76400,14.6,126000,36,10.78,723,25.4,0,113000,111.5,2,Auto,Salaried,North,2,4111.96,0,0,0,26.29,Moderate,0.0292
LN101193,2023-12-07,41,102900,8.5,385000,84,11.74,682,47.2,0,255000,151.0,0,Personal,Contract,North,1,6742.89,30,1,0,35.0,Moderate,0.2249
LN104441,2023-12-07,40,57600,13.3,644000,48,10.03,734,56.0,0,732000,88.0,2,Business,Salaried,North,1,16342.78,0,0,0,27.81,Moderate,0.0463
LN104258,2023-12-08,37,245500,5.4,136000,60,11.54,656,29.2,0,185000,73.5,1,Personal,Salaried,South,1,5973.83,0,0,0,25.13,Moderate,0.0354
LN103110,2023-12-08,28,40900,5.5,497000,60,8.43,675,37.8,1,588000,84.5,2,Auto,Salaried,West,1,10179.96,0,0,0,28.94,Moderate,0.0512
LN102018,2023-12-08,44,120800,5.7,435000,36,13.8,790,58.7,0,436000,99.8,0,Personal,Self-employed,North,2,14825.05,0,0,0,28.23,Moderate,0.0604
LN101911,2023-12-08,58,123600,16.3,1173000,48,12.69,751,34.0,0,1095000,107.1,1,Business,Salaried,West,3,31288.47,0,0,0,27.75,Moderate,0.0353
LN101165,2023-12-08,60,48500,7.3,133000,12,12.12,645,46.0,1,152000,87.5,1,Auto,Salaried,West,1,11824.36,0,0,0,32.47,Moderate,0.0908
LN100249,2023-12-09,42,79700,5.7,257000,60,15.63,734,50.7,0,428000,60.0,2,Home,Self-employed,South,1,6199.33,0,0,0,23.95,Low,0.0299
LN102372,2023-12-10,39,53800,8.1,487000,60,12.95,750,31.6,0,546000,89.2,0,Home,Salaried,South,3,11068.29,0,0,0,25.53,Moderate,0.0246
LN100802,2023-12-10,39,53400,12.8,802000,60,13.89,635,28.4,1,1002000,80.0,2,Auto,Salaried,Central,0,18615.43,0,0,0,27.06,Moderate,0.0385
LN103664,2023-12-10,49,55600,9.5,676000,60,13.43,637,32.8,0,490000,138.0,2,Home,Contract,North,0,15530.29,90,1,1,31.64,Moderate,0.137
LN102722,2023-12-11,28,70400,7.7,396000,60,10.6,560,11.9,1,619000,64.0,0,Personal,Contract,East,3,8531.21,0,0,0,31.13,Moderate,0.0956
LN104568,2023-12-11,51,183000,7.7,1170000,60,7.25,664,20.2,0,1080000,108.3,0,Personal,Contract,West,0,23305.65,0,0,0,24.72,Low,0.0503
LN101161,2023-12-11,59,98800,11.7,221000,48,11.03,670,42.7,1,209000,105.7,3,Home,Salaried,South,1,5715.08,5,0,0,32.31,Moderate,0.0825
LN104808,2023-12-12,51,24000,8.7,831000,36,13.4,723,21.7,0,1267000,65.6,3,Business,Self-employed,South,2,28160.05,0,0,0,20.96,Low,0.0171
LN101717,2023-12-12,40,62500,5.4,198000,72,6.94,824,52.2,1,162000,122.2,4,Auto,Self-employed,Central,0,3370.0,0,0,0,26.04,Moderate,0.0398
LN101460,2023-12-12,37,54100,7.5,477000,72,6.83,642,48.5,1,598000,79.8,3,Auto,Salaried,Central,1,8093.49,75,1,0,32.36,Moderate,0.0888
LN100286,2023-12-12,37,36200,23.5,665000,72,9.52,658,27.2,0,708000,93.9,6,Home,Salaried,East,1,12159.32,0,0,0,26.66,Moderate,0.0317
LN102934,2023-12-13,46,59300,4.7,450000,60,9.11,718,45.9,2,357000,126.1,1,Business,Contract,South,2,9365.3,0,0,0,36.11,Moderate,0.1863
LN101563,2023-12-13,46,131700,11.6,161000,60,9.19,773,16.1,0,188000,85.6,3,Personal,Self-employed,East,0,3356.96,0,0,0,15.86,Low,0.0084
LN103405,2023-12-13,21,20900,2.8,165000,24,14.81,682,40.7,2,271000,60.9,1,Business,Government,East,1,7985.41,0,0,0,28.79,Moderate,0.0487
LN104082,2023-12-13,53,60700,6.1,727000,36,8.9,726,31.1,1,613000,118.6,1,Auto,Salaried,East,1,23084.58,0,0,0,28.31,Moderate,0.0449
LN103168,2023-12-13,37,45300,6.0,1130000,60,14.2,636,25.6,0,901000,125.4,2,Home,Salaried,North,1,26410.44,120,1,1,30.66,Moderate,0.0812
LN104341,2023-12-13,40,67500,3.0,1004000,60,8.97,634,10.3,1,1632000,61.5,0,Personal,Salaried,South,3,20826.77,0,0,0,26.65,Moderate,0.0333
LN102248,2023-12-13,36,25900,3.3,716000,48,7.98,734,11.5,0,991000,72.3,1,Business,Salaried,Central,2,17472.93,0,0,0,19.0,Low,0.0106
LN102951,2023-12-13,45,103900,5.5,293000,48,10.41,587,59.9,1,301000,97.3,1,Business,Salaried,North,1,7489.06,0,0,0,39.3,Moderate,0.282
LN104798,2023-12-13,21,61500,12.0,921000,60,15.89,691,44.1,2,694000,132.7,1,Education,Salaried,West,1,22343.14,0,0,0,36.17,Moderate,0.1315
LN102474,2023-12-14,41,62100,11.8,543000,36,10.18,730,31.5,0,385000,141.0,4,Personal,Salaried,North,0,17567.01,180,1,1,26.75,Moderate,0.0462
LN104147,2023-12-14,37,51600,3.9,313000,84,14.58,691,27.9,0,364000,86.0,4,Home,Government,West,2,5966.37,0,0,0,25.93,Moderate,0.0325
LN102980,2023-12-14,40,41600,4.7,572000,36,11.51,784,47.7,0,595000,96.1,2,Business,Salaried,North,1,18865.0,0,0,0,24.31,Low,0.0282
LN100380,2023-12-14,30,49100,15.5,691000,84,13.21,766,5.3,1,820000,84.3,0,Home,Salaried,West,0,12649.67,0,0,0,15.94,Low,0.005
LN102668,2023-12-14,43,64900,7.9,1409000,24,8.23,692,40.6,0,1808000,77.9,0,Home,Self-employed,North,2,63873.16,0,0,0,27.61,Moderate,0.05
LN100718,2023-12-14,35,84900,3.4,255000,60,15.66,559,52.0,0,183000,139.3,0,Personal,Government,East,1,6155.13,5,0,0,41.4,Moderate,0.4198
LN101712,2023-12-14,21,129400,1.9,150000,48,13.14,686,40.3,0,257000,58.4,1,Auto,Self-employed,South,1,4345.68,0,0,0,24.25,Low,0.0343
LN101484,2023-12-14,40,91100,9.9,831000,84,12.19,762,56.1,0,992000,83.8,2,Business,Salaried,South,2,14753.99,0,0,0,27.59,Moderate,0.0412
LN104986,2023-12-15,36,54400,6.5,552000,24,7.08,724,44.4,1,885000,62.4,3,Personal,Salaried,West,2,24734.49,0,0,0,27.12,Moderate,0.0359
LN102593,2023-12-16,39,61900,10.4,981000,72,11.06,686,30.7,1,1583000,62.0,2,Auto,Salaried,South,2,18702.59,15,0,0,26.36,Moderate,0.0272
LN100601,2023-12-16,30,61800,9.1,540000,48,11.79,610,61.1,0,952000,56.7,1,Personal,Salaried,West,0,14164.66,0,0,0,30.6,Moderate,0.0939
LN101375,2023-12-16,36,110100,14.4,320000,60,10.7,658,29.1,1,210000,152.4,1,Personal,Salaried,North,0,6909.8,0,0,0,32.98,Moderate,0.1167
LN104371,2023-12-16,33,63500,9.0,193000,36,10.36,697,17.4,0,291000,66.3,1,Personal,Salaried,South,0,6260.24,0,0,0,18.21,Low,0.0111
LN103981,2023-12-16,53,125400,5.0,397000,84,11.25,689,53.4,2,459000,86.5,0,Home,Salaried,West,1,6849.9,0,0,0,33.52,Moderate,0.0937
LN104205,2023-12-16,32,28700,8.6,941000,72,14.52,724,32.0,1,836000,112.6,0,Auto,Government,West,0,19652.99,0,0,0,26.33,Moderate,0.0345
LN100289,2023-12-17,32,100600,5.5,936000,60,12.17,606,36.2,1,1421000,65.9,3,Auto,Salaried,Central,2,20901.3,0,0,0,32.08,Moderate,0.0802
LN104463,2023-12-17,48,73600,7.2,98000,60,12.65,764,42.8,0,166000,59.0,0,Personal,Salaried,South,1,2625.07,0,0,0,20.68,Low,0.0148
LN100015,2023-12-18,33,50800,6.8,420000,72,11.79,577,45.9,1,442000,95.0,2,Education,Salaried,South,2,8165.29,20,0,0,38.47,Moderate,0.2132
LN103548,2023-12-18,28,52700,11.7,259000,72,10.02,770,32.8,1,356000,72.8,1,Home,Salaried,Central,1,4800.8,0,0,0,21.74,Low,0.0128
LN102820,2023-12-18,35,86700,10.4,525000,48,13.64,681,50.9,1,940000,55.9,0,Personal,Salaried,South,2,14251.77,0,0,0,30.05,Moderate,0.0569
LN104109,2023-12-18,40,79500,1.8,106000,72,8.07,728,28.5,0,92000,115.2,1,Home,Contract,Central,0,1888.12,0,0,0,23.68,Low,0.0393
LN100919,2023-12-19,40,38400,5.3,523000,36,11.23,688,25.7,0,750000,69.7,1,Personal,Salaried,West,2,17179.37,0,0,0,24.02,Low,0.0257
LN103976,2023-12-19,43,75300,15.5,778000,36,13.28,683,58.4,0,1270000,61.3,1,Personal,Salaried,West,1,26318.94,0,0,0,28.32,Moderate,0.0509
LN100254,2023-12-19,24,43900,5.0,811000,84,13.17,639,26.6,1,1219000,66.5,0,Education,Government,North,4,14828.74,45,1,0,31.81,Moderate,0.0614
LN101792,2023-12-19,37,99600,6.1,346000,24,15.3,696,52.7,0,320000,108.1,2,Business,Salaried,North,2,16825.74,5,0,0,32.84,Moderate,0.108
LN102237,2023-12-19,29,74300,11.8,691000,48,13.62,677,24.0,0,981000,70.4,1,Home,Salaried,East,0,18751.14,0,0,0,21.0,Low,0.0155
LN100676,2023-12-19,28,70900,8.0,486000,60,10.5,798,37.2,1,768000,63.3,1,Personal,Self-employed,West,1,10446.04,0,0,0,20.19,Low,0.0141
LN102418,2023-12-20,42,64400,3.7,1154000,24,8.54,777,56.0,0,1388000,83.1,2,Education,Self-employed,West,0,52476.97,5,0,0,23.37,Low,0.0305
LN104569,2023-12-20,38,54100,4.9,401000,60,8.86,749,21.4,1,322000,124.5,2,Personal,Salaried,South,1,8296.88,0,0,0,25.74,Moderate,0.0328
LN102102,2023-12-21,30,68300,6.8,238000,48,11.91,722,12.7,0,245000,97.1,0,Business,Salaried,West,0,6256.94,10,0,0,19.03,Low,0.0129
LN100856,2023-12-21,31,22400,4.2,372000,48,10.2,583,26.6,1,350000,106.3,2,Personal,Self-employed,North,3,9470.65,10,0,0,37.09,Moderate,0.2178
LN101133,2023-12-21,42,66100,12.7,272000,72,12.71,736,24.4,0,195000,139.5,2,Personal,Salaried,West,1,5418.61,10,0,0,26.53,Moderate,0.0393
LN104624,2023-12-21,41,36100,14.7,650000,60,12.03,629,31.1,2,1003000,64.8,1,Home,Salaried,South,2,14468.75,10,0,0,31.73,Moderate,0.057
LN102785,2023-12-21,35,66900,11.6,659000,48,10.73,698,17.1,3,999000,66.0,2,Business,Salaried,South,1,16945.92,0,0,0,25.73,Moderate,0.0219
LN100929,2023-12-21,37,78900,4.2,82000,60,11.77,733,23.4,0,139000,59.0,1,Education,Contract,East,3,1814.53,10,0,0,21.77,Low,0.0192
LN103949,2023-12-21,26,85000,8.1,413000,48,14.19,724,35.3,1,634000,65.1,1,Home,Contract,East,1,11325.24,0,0,0,23.91,Low,0.0284
LN103423,2023-12-22,42,42800,17.1,1141000,60,8.18,714,58.4,0,757000,150.7,1,Auto,Salaried,East,1,23233.78,0,0,0,35.55,Moderate,0.1456
LN101649,2023-12-22,61,71600,1.8,373000,36,12.4,651,50.6,0,443000,84.2,3,Personal,Government,West,1,12460.32,0,0,0,30.74,Moderate,0.0945
LN101454,2023-12-22,43,31500,7.8,342000,48,12.25,680,32.7,0,531000,64.4,2,Home,Salaried,East,0,9048.21,0,0,0,21.98,Low,0.0194
LN103084,2023-12-22,36,32300,13.0,538000,36,12.23,672,76.1,0,412000,130.6,1,Auto,Self-employed,East,2,17928.46,0,0,0,41.04,Moderate,0.3474
LN102928,2023-12-22,52,75600,7.7,675000,72,10.74,850,18.6,0,1214000,55.6,3,Personal,Government,Central,0,12758.29,20,0,0,9.28,Low,0.0021
LN102521,2023-12-23,65,30400,9.3,158000,60,13.33,785,17.3,0,249000,63.5,6,Education,Salaried,South,2,3621.73,10,0,0,16.58,Low,0.0055
LN103047,2023-12-23,35,46300,7.7,518000,24,12.83,636,66.6,0,809000,64.0,1,Personal,Self-employed,North,2,24585.32,0,0,0,34.38,Moderate,0.1676
LN102836,2023-12-24,55,91100,3.2,539000,60,10.27,726,48.3,0,467000,115.4,0,Education,Salaried,Central,1,11523.9,5,0,0,29.43,Moderate,0.0647
LN102812,2023-12-24,54,70000,20.6,633000,36,11.75,779,38.9,0,610000,103.8,2,Personal,Government,North,0,20949.15,0,0,0,21.92,Low,0.017
LN100122,2023-12-24,51,57400,5.7,471000,72,12.12,695,55.1,0,500000,94.2,0,Auto,Contract,North,3,9237.56,0,0,0,33.65,Moderate,0.1381
LN102871,2023-12-24,42,162000,9.9,406000,60,10.14,678,43.5,1,484000,83.9,2,Personal,Salaried,West,1,8654.29,0,0,0,29.86,Moderate,0.0626
LN103130,2023-12-24,37,57000,2.9,520000,36,10.21,771,41.1,1,917000,56.7,0,Business,Salaried,Central,2,16830.25,15,0,0,23.41,Low,0.019
LN100032,2023-12-24,38,92300,10.6,495000,72,11.07,766,42.6,1,594000,83.3,0,Auto,Salaried,West,0,9439.63,240,1,1,23.3,Low,0.0191
LN101234,2023-12-24,31,58400,11.0,754000,12,13.18,675,52.4,1,764000,98.7,0,Auto,Salaried,West,0,67408.92,0,0,0,31.61,Moderate,0.0821
LN100267,2023-12-25,25,50000,6.9,190000,48,12.3,738,27.6,1,312000,60.9,2,Personal,Self-employed,Central,2,5031.46,15,0,0,22.87,Low,0.0212
LN104037,2023-12-25,36,124100,3.2,528000,60,12.0,718,8.5,0,887000,59.5,0,Home,Salaried,Central,0,11745.07,0,0,0,14.64,Low,0.0057
LN100477,2023-12-25,41,64400,7.8,343000,48,14.54,732,32.0,0,280000,122.5,1,Auto,Self-employed,South,1,9466.16,180,1,1,26.56,Moderate,0.0464
LN104237,2023-12-26,35,29100,5.4,1586000,36,10.51,720,29.0,0,1934000,82.0,1,Home,Salaried,South,3,51556.35,15,0,0,25.88,Moderate,0.0277
LN100492,2023-12-27,39,54200,10.6,469000,60,9.71,721,41.1,0,587000,79.9,1,Auto,Salaried,Central,2,9898.07,0,0,0,26.37,Moderate,0.031
LN102599,2023-12-27,34,73500,2.3,236000,48,13.03,624,37.1,2,372000,63.4,0,Auto,Salaried,West,3,6334.8,0,0,0,34.72,Moderate,0.0993
LN101208,2023-12-27,25,63100,21.6,412000,24,14.37,580,43.2,1,715000,57.6,1,Business,Government,East,1,19853.4,0,0,0,32.36,Moderate,0.0828
LN100046,2023-12-27,34,24000,11.3,199000,72,11.81,740,41.9,1,218000,91.3,2,Auto,Salaried,Central,2,3870.85,0,0,0,28.67,Moderate,0.0388
LN104039,2023-12-27,32,64800,7.0,374000,60,9.17,764,26.5,0,397000,94.2,0,Personal,Salaried,East,1,7794.52,0,0,0,20.94,Low,0.0158
LN101340,2023-12-27,39,41700,6.5,233000,60,9.71,665,24.7,1,231000,100.9,4,Auto,Contract,North,6,4917.38,0,0,0,36.82,Moderate,0.1485
LN100612,2023-12-28,41,107000,7.1,461000,48,9.23,850,14.3,0,460000,100.2,3,Personal,Salaried,North,1,11522.42,0,0,0,14.55,Low,0.0049
LN100044,2023-12-28,25,96700,20.9,744000,72,12.49,781,41.5,2,1122000,66.3,1,Auto,Contract,West,2,14735.62,0,0,0,25.92,Moderate,0.0247
LN102509,2023-12-28,26,51200,16.4,812000,72,17.83,659,36.7,0,945000,85.9,2,Personal,Salaried,Central,2,18441.98,5,0,0,29.38,Moderate,0.0554
LN102539,2023-12-29,38,56000,16.2,164000,36,11.81,780,50.5,1,176000,93.2,2,Personal,Contract,North,3,5432.28,0,0,0,30.13,Moderate,0.0631
LN102191,2023-12-29,42,66100,10.1,489000,12,13.21,773,35.9,0,660000,74.1,1,Business,Self-employed,West,1,43724.34,0,0,0,20.33,Low,0.0163
LN100322,2023-12-29,31,109400,1.3,413000,48,17.26,668,29.1,0,300000,137.7,1,Personal,Salaried,Central,1,11972.76,0,0,0,30.89,Moderate,0.0986
LN104383,2023-12-29,40,40100,10.7,319000,60,10.83,748,41.9,1,535000,59.6,0,Personal,Salaried,Central,0,6908.82,0,0,0,21.74,Low,0.0164
LN102653,2023-12-30,47,82000,10.7,267000,84,12.39,692,45.5,1,338000,79.0,1,Personal,Self-employed,West,0,4769.15,0,0,0,27.36,Moderate,0.0554
LN103918,2023-12-30,47,28500,12.0,413000,72,12.77,675,30.7,0,597000,69.2,0,Auto,Self-employed,South,0,8240.56,10,0,0,22.32,Low,0.0241
LN100817,2023-12-30,46,70700,15.2,307000,48,13.59,672,28.0,0,511000,60.1,2,Auto,Salaried,North,0,8326.22,0,0,0,21.03,Low,0.0148
LN102189,2023-12-30,43,24600,6.6,543000,72,11.55,726,42.7,0,851000,63.8,3,Auto,Salaried,Central,2,10489.12,10,0,0,24.82,Low,0.0249
LN104419,2023-12-31,21,57700,8.6,591000,60,11.06,674,43.6,1,652000,90.6,0,Education,Self-employed,Central,0,12867.46,45,1,0,29.1,Moderate,0.069
LN102860,2023-12-31,33,174200,5.7,630000,84,7.26,771,29.1,0,815000,77.3,0,Personal,Salaried,East,2,9588.66,0,0,0,21.07,Low,0.0145
LN102261,2023-12-31,42,65400,5.9,647000,36,12.11,689,53.7,1,455000,142.2,1,Business,Self-employed,West,0,21523.67,0,0,0,35.48,Moderate,0.2093
LN101694,2023-12-31,39,83500,5.6,724000,72,15.47,611,29.8,0,1216000,59.5,2,Education,Self-employed,North,1,15494.39,10,0,0,26.23,Moderate,0.0479
LN100482,2023-12-31,24,67600,11.4,286000,84,8.3,760,26.0,1,215000,133.0,0,Personal,Salaried,South,2,4500.52,0,0,0,28.6,Moderate,0.0432
LN103172,2023-12-31,26,73700,17.9,382000,12,11.33,722,48.1,0,291000,131.3,0,Auto,Salaried,North,1,33820.62,0,0,0,31.19,Moderate,0.071
LN102779,2024-01-01,42,41400,6.9,654000,36,9.38,675,53.6,1,663000,98.6,2,Auto,Salaried,South,1,20912.88,5,0,0,33.51,Moderate,0.106
LN101004,2024-01-01,44,58700,2.9,192000,36,11.04,613,41.8,1,130000,147.7,1,Personal,Self-employed,Central,1,6289.47,0,0,0,39.34,Moderate,0.3448
LN103322,2024-01-01,24,154800,4.1,178000,36,13.5,684,42.4,1,217000,82.0,0,Business,Self-employed,Central,0,6040.48,5,0,0,27.47,Moderate,0.0611
LN100225,2024-01-01,48,38800,3.8,376000,60,10.79,592,46.8,0,442000,85.1,1,Education,Salaried,North,1,8135.83,0,0,0,33.2,Moderate,0.126
LN104422,2024-01-02,49,74800,8.7,602000,72,10.03,705,20.6,1,831000,72.4,1,Personal,Self-employed,East,0,11161.66,15,0,0,21.04,Low,0.0193
LN104129,2024-01-02,53,104800,2.9,692000,60,11.25,715,64.2,1,604000,114.6,5,Business,Salaried,South,0,15132.18,75,1,0,33.45,Moderate,0.1308
LN101917,2024-01-02,32,222200,4.0,551000,60,10.63,689,41.2,0,468000,117.7,0,Home,Salaried,Central,1,11878.65,0,0,0,30.2,Moderate,0.0745
LN100012,2024-01-02,40,65300,16.7,1027000,36,11.54,711,27.3,0,1775000,57.9,0,Home,Government,North,2,33885.9,20,0,0,21.94,Low,0.0132
LN103596,2024-01-03,29,52700,7.6,230000,60,12.52,728,58.4,1,253000,90.9,1,Personal,Salaried,North,2,5176.87,0,0,0,32.56,Moderate,0.0876
LN102358,2024-01-03,22,36700,6.3,582000,36,13.35,713,25.4,0,982000,59.3,2,Auto,Self-employed,North,1,19708.14,0,0,0,19.93,Low,0.0151
LN102496,2024-01-03,35,50700,3.3,191000,72,7.23,740,59.9,0,198000,96.5,5,Personal,Salaried,South,0,3277.5,0,0,0,27.45,Moderate,0.057
LN100447,2024-01-04,30,151900,9.2,438000,12,8.93,763,23.4,0,585000,74.9,0,Personal,Self-employed,West,1,38289.53,0,0,0,18.44,Low,0.0122
LN101321,2024-01-04,43,64800,15.7,899000,36,8.68,743,26.8,2,1427000,63.0,2,Home,Salaried,West,1,28454.26,20,0,0,22.99,Low,0.0131
LN102990,2024-01-05,52,116100,3.5,174000,60,11.25,647,26.8,1,202000,86.1,4,Personal,Salaried,East,3,3804.91,0,0,0,31.72,Moderate,0.0769
LN104753,2024-01-05,34,76400,7.1,581000,60,13.65,734,33.9,1,595000,97.6,2,Home,Salaried,West,0,13413.66,20,0,0,24.68,Low,0.0263
LN102487,2024-01-05,38,81100,9.7,873000,72,8.16,673,48.4,1,1387000,62.9,3,Personal,Contract,Central,1,15374.81,240,1,1,29.01,Moderate,0.0752
LN102583,2024-01-05,49,125100,2.6,1355000,60,14.48,760,25.4,0,2072000,65.4,2,Business,Salaried,South,1,31866.69,10,0,0,18.05,Low,0.0099
LN104594,2024-01-06,38,68300,10.8,154000,36,12.96,724,30.9,0,131000,117.6,1,Auto,Self-employed,Central,2,5185.9,0,0,0,27.94,Moderate,0.0505
LN104065,2024-01-06,32,54500,19.5,440000,84,11.1,756,31.1,1,530000,83.0,0,Education,Salaried,West,1,7557.03,10,0,0,23.16,Low,0.0148
LN103578,2024-01-06,31,22000,4.8,568000,60,8.91,680,34.6,1,923000,61.5,0,Business,Contract,West,2,11765.95,0,0,0,27.4,Moderate,0.0545
LN101958,2024-01-06,48,233800,2.1,599000,60,13.87,655,37.1,2,594000,100.8,4,Home,Salaried,North,0,13897.34,10,0,0,31.82,Moderate,0.0848
LN100398,2024-01-06,37,26200,7.1,668000,36,11.86,667,23.5,1,695000,96.1,4,Home,Salaried,Central,2,22142.52,15,0,0,29.33,Moderate,0.0486
LN104196,2024-01-06,48,136000,2.4,269000,72,10.78,601,41.0,0,398000,67.6,0,Business,Salaried,North,0,5089.91,15,0,0,28.14,Moderate,0.0689
LN100992,2024-01-06,36,40300,2.7,1897000,60,8.41,738,38.2,1,3369000,56.3,2,Personal,Salaried,East,2,38837.63,0,0,0,24.53,Low,0.0241
LN100299,2024-01-07,44,74300,6.8,296000,24,11.82,637,24.4,1,530000,55.8,3,Auto,Salaried,South,1,13908.88,0,0,0,25.4,Moderate,0.0281
LN102900,2024-01-07,38,31800,17.2,874000,36,10.3,750,22.8,0,786000,111.2,1,Home,Salaried,North,0,28324.78,0,0,0,20.97,Low,0.0138
LN100359,2024-01-07,31,57000,9.8,458000,60,11.68,715,14.0,0,650000,70.5,1,Education,Salaried,North,4,10114.05,0,0,0,23.66,Low,0.0159
LN102105,2024-01-07,53,54000,9.5,619000,84,11.17,704,47.8,0,961000,64.4,1,Business,Salaried,Central,3,10654.2,0,0,0,28.73,Moderate,0.0465
LN104620,2024-01-08,34,77400,4.7,923000,60,12.07,660,60.2,1,1192000,77.4,3,Personal,Self-employed,South,0,20564.29,0,0,0,31.84,Moderate,0.1256
LN101374,2024-01-08,51,59900,4.3,1666000,72,14.0,756,17.6,0,2471000,67.4,2,Personal,Contract,North,1,34329.16,0,0,0,16.9,Low,0.0115
LN101816,2024-01-08,21,25300,8.3,1277000,72,11.42,750,26.9,0,1210000,105.5,3,Home,Contract,North,2,24582.11,0,0,0,24.56,Low,0.0328
LN104231,2024-01-08,50,88900,12.0,287000,24,13.41,740,42.7,0,477000,60.2,3,Education,Salaried,Central,2,13699.84,0,0,0,23.72,Low,0.0189
LN102062,2024-01-09,42,46200,4.1,201000,60,12.46,697,31.0,1,318000,63.2,1,Education,Salaried,West,0,4518.0,10,0,0,22.62,Low,0.0195
LN103855,2024-01-09,37,47300,14.2,416000,48,11.81,697,32.0,0,685000,60.7,2,Auto,Government,South,1,10916.11,0,0,0,22.24,Low,0.0163
LN100217,2024-01-09,36,51000,6.4,380000,36,13.53,709,40.7,0,363000,104.7,0,Personal,Self-employed,East,0,12900.92,0,0,0,26.07,Moderate,0.0548
LN104189,2024-01-09,37,140800,10.1,535000,60,12.67,815,46.2,0,435000,123.0,0,Personal,Salaried,East,1,12082.71,0,0,0,25.06,Moderate,0.0299
LN103007,2024-01-09,24,133400,8.7,495000,72,13.59,635,27.5,0,544000,91.0,1,Personal,Salaried,West,2,10091.49,0,0,0,29.32,Moderate,0.0624
LN104617,2024-01-09,21,37000,9.2,728000,36,9.52,640,31.6,0,1108000,65.7,1,Home,Salaried,South,1,23326.79,0,0,0,25.67,Moderate,0.0329
LN102776,2024-01-09,36,107100,14.3,270000,48,9.81,689,5.0,1,364000,74.2,0,Home,Salaried,South,2,6823.29,0,0,0,22.28,Low,0.0128
LN103212,2024-01-10,53,44500,8.4,297000,72,8.09,661,30.5,1,450000,66.0,0,Personal,Government,South,2,5220.43,0,0,0,28.04,Moderate,0.0427
LN104046,2024-01-10,44,120100,17.4,91000,48,9.54,621,40.1,0,94000,96.8,2,Auto,Contract,North,1,4013.34,0,0,0,31.49,Moderate,0.1086
LN104577,2024-01-10,54,93300,13.4,846000,36,8.19,668,32.0,0,978000,86.5,1,Auto,Salaried,East,4,26584.78,0,0,0,31.35,Moderate,0.0576
LN102293,2024-01-10,31,40600,23.2,502000,48,12.29,768,27.4,0,567000,88.5,2,Business,Salaried,North,0,13291.18,20,0,0,18.67,Low,0.0091
LN103223,2024-01-10,44,80600,5.5,176000,24,11.91,733,14.8,0,180000,97.8,1,Home,Contract,East,2,8277.54,0,0,0,22.27,Low,0.0233
LN103255,2024-01-10,39,129000,4.1,266000,60,10.42,720,31.4,2,338000,78.7,1,Business,Salaried,West,2,5706.84,0,0,0,28.37,Moderate,0.0393
LN104468,2024-01-10,39,46800,15.2,169000,60,14.16,718,25.6,0,272000,62.1,2,Home,Salaried,North,1,3946.37,0,0,0,19.98,Low,0.0107
LN100314,2024-01-10,50,47400,18.9,428000,72,11.02,774,59.4,2,587000,72.9,1,Business,Self-employed,Central,2,8150.97,5,0,0,30.53,Moderate,0.054
LN101735,2024-01-10,23,83000,6.0,546000,48,14.45,708,32.9,0,784000,69.6,1,Personal,Government,East,0,15043.8,0,0,0,21.06,Low,0.0188
LN104273,2024-01-11,28,106700,13.5,184000,48,15.0,719,18.1,0,236000,78.0,2,Business,Salaried,Central,1,5120.86,0,0,0,20.02,Low,0.0123
LN101758,2024-01-11,53,175100,4.0,386000,24,11.55,782,28.6,0,444000,86.9,1,Education,Salaried,South,1,18089.35,0,0,0,19.68,Low,0.0116
LN104643,2024-01-11,51,67000,5.8,189000,48,9.48,800,50.8,0,197000,95.9,0,Auto,Salaried,Central,0,4746.47,0,0,0,22.4,Low,0.02
LN101295,2024-01-11,37,90000,4.9,214000,72,8.67,653,34.9,0,317000,67.5,1,Personal,Salaried,Central,0,3822.51,0,0,0,24.16,Low,0.0337
LN101633,2024-01-11,47,45100,3.2,584000,48,9.28,725,29.2,0,594000,98.3,2,Business,Government,West,0,14610.63,0,0,0,22.29,Low,0.0237
LN100417,2024-01-11,39,25200,3.7,697000,48,9.48,672,35.9,0,598000,116.6,1,Personal,Salaried,North,0,17504.17,0,0,0,28.26,Moderate,0.0685
LN103959,2024-01-11,40,56300,5.0,406000,36,10.11,583,51.4,1,515000,78.8,1,Education,Self-employed,Central,2,13121.46,20,0,0,37.63,Moderate,0.2284
LN102479,2024-01-11,44,54900,8.9,665000,84,10.79,759,37.9,1,580000,114.7,2,Personal,Government,West,0,11313.13,0,0,0,25.87,Moderate,0.0348
LN100886,2024-01-12,43,45600,8.5,640000,36,12.77,714,50.3,1,452000,141.6,1,Personal,Self-employed,South,3,21493.3,0,0,0,38.42,Moderate,0.2336
LN101026,2024-01-13,38,108700,4.0,653000,60,8.11,626,20.1,0,559000,116.8,0,Personal,Contract,West,2,13274.89,0,0,0,30.89,Moderate,0.1198
LN103424,2024-01-14,22,87300,5.9,412000,36,8.98,620,28.4,1,599000,68.8,2,Auto,Self-employed,North,0,13097.66,0,0,0,26.74,Moderate,0.0499
LN103023,2024-01-14,48,41200,3.8,531000,36,11.08,744,34.4,1,946000,56.1,1,Business,Salaried,South,1,17404.38,0,0,0,21.77,Low,0.0161
LN102375,2024-01-14,51,167500,7.3,861000,60,11.78,573,31.6,0,1003000,85.8,1,Business,Contract,South,1,19056.89,240,1,1,31.23,Moderate,0.1336
LN103563,2024-01-15,49,71800,2.8,471000,12,8.71,727,13.3,0,444000,106.1,2,Auto,Salaried,West,2,41126.33,5,0,0,23.12,Low,0.0201
LN104535,2024-01-15,32,51900,10.8,347000,36,8.46,737,36.1,2,372000,93.3,0,Home,Salaried,West,0,10947.51,10,0,0,26.53,Moderate,0.0293
LN101334,2024-01-15,39,61500,5.6,1655000,60,13.66,633,25.1,0,2818000,58.7,1,Personal,Self-employed,North,0,38217.85,75,1,0,22.38,Low,0.0308
LN101468,2024-01-16,27,83900,6.0,944000,24,11.88,702,30.3,0,644000,146.6,0,Business,Salaried,East,0,44384.48,60,1,0,28.56,Moderate,0.0678
LN103384,2024-01-16,48,69000,6.6,423000,48,11.57,670,25.9,0,682000,62.0,0,Auto,Salaried,North,1,11050.12,0,0,0,22.58,Low,0.0197
LN103085,2024-01-16,41,72800,5.0,319000,84,8.03,697,56.2,1,434000,73.5,1,Personal,Salaried,West,1,4976.77,0,0,0,30.36,Moderate,0.0714
LN101625,2024-01-16,48,24300,16.0,525000,60,13.55,709,36.5,1,451000,116.4,3,Personal,Salaried,South,0,12093.7,120,1,1,28.4,Moderate,0.0499
LN104094,2024-01-16,49,116500,10.1,417000,60,12.33,542,40.9,1,679000,61.4,3,Auto,Salaried,West,2,9345.62,0,0,0,35.96,Moderate,0.1437
LN103616,2024-01-16,29,31700,3.5,808000,60,11.84,611,33.3,2,854000,94.6,4,Education,Self-employed,Central,0,17908.25,0,0,0,32.77,Moderate,0.1209
LN101224,2024-01-16,36,83500,15.7,451000,84,14.46,759,45.8,1,528000,85.4,2,Business,Salaried,Central,1,8566.76,30,1,0,26.18,Moderate,0.0289
LN101510,2024-01-17,28,136900,4.2,1737000,72,10.21,730,15.6,0,1335000,130.1,1,Business,Self-employed,South,1,32363.63,0,0,0,24.15,Low,0.0361
LN101892,2024-01-18,34,35800,5.2,743000,36,10.9,677,18.2,0,1076000,69.1,1,Personal,Salaried,East,0,24289.7,15,0,0,19.71,Low,0.0154
LN103222,2024-01-18,50,84400,4.0,513000,72,15.69,661,36.9,0,717000,71.5,0,Home,Government,South,2,11040.54,0,0,0,27.87,Moderate,0.0456
LN103969,2024-01-18,50,133100,5.6,772000,48,10.29,836,21.5,0,639000,120.8,1,Business,Government,West,1,19687.61,0,0,0,18.79,Low,0.0105
LN103327,2024-01-18,33,57800,10.6,304000,60,11.76,664,36.4,0,449000,67.7,1,Personal,Salaried,North,2,6725.5,0,0,0,27.23,Moderate,0.0416
LN102126,2024-01-18,27,65700,8.2,715000,36,10.05,754,9.2,1,1243000,57.5,1,Personal,Self-employed,Central,2,23087.83,20,0,0,18.01,Low,0.0089
LN102552,2024-01-18,55,31300,5.7,315000,84,10.67,648,35.7,0,357000,88.2,4,Home,Salaried,Central,3,5339.07,0,0,0,31.65,Moderate,0.076
LN101053,2024-01-18,40,98000,5.1,308000,24,16.71,646,11.7,0,342000,90.1,2,Personal,Self-employed,Central,2,15185.33,0,0,0,25.48,Moderate,0.0425
LN100109,2024-01-19,37,67600,9.5,594000,48,15.03,637,37.4,0,777000,76.4,0,Auto,Salaried,South,3,16540.5,0,0,0,31.4,Moderate,0.0692
LN103601,2024-01-19,32,45100,25.8,472000,84,12.98,731,39.5,2,346000,136.4,2,Personal,Salaried,Central,1,8581.48,0,0,0,33.51,Moderate,0.078
LN103195,2024-01-20,21,105000,4.8,1028000,60,6.66,637,28.7,0,748000,137.4,1,Personal,Government,West,1,20191.13,20,0,0,32.42,Moderate,0.1219
LN102140,2024-01-20,39,13900,5.2,969000,60,11.02,836,50.2,0,1316000,73.6,3,Personal,Salaried,South,1,21078.07,0,0,0,19.81,Low,0.0125
LN100866,2024-01-20,41,47400,6.8,973000,60,11.24,602,26.0,0,1396000,69.7,3,Home,Salaried,East,1,21272.02,0,0,0,26.97,Moderate,0.0436
LN101235,2024-01-20,53,103500,7.3,101000,48,14.06,610,35.2,0,70000,144.3,1,Auto,Salaried,Central,0,3036.0,0,0,0,34.18,Moderate,0.1558
LN104156,2024-01-21,43,75500,9.7,689000,60,11.15,729,34.8,1,1191000,57.9,4,Business,Self-employed,West,5,15032.12,0,0,0,29.49,Moderate,0.0446
LN102050,2024-01-21,45,103400,5.2,1202000,12,12.24,711,46.2,0,1521000,79.0,0,Auto,Salaried,East,3,106931.24,0,0,0,29.5,Moderate,0.0512
LN101523,2024-01-22,29,95800,4.7,526000,60,11.94,541,34.3,2,430000,122.3,2,Personal,Salaried,North,2,11684.64,240,1,1,42.78,Moderate,0.3755
LN104256,2024-01-22,30,43500,13.9,1216000,36,9.76,687,23.9,0,890000,136.6,3,Home,Government,North,2,39100.03,0,0,0,30.4,Moderate,0.061
LN104222,2024-01-22,38,102000,9.0,253000,60,14.98,681,61.2,0,407000,62.2,1,Personal,Government,North,3,6016.2,15,0,0,32.41,Moderate,0.0884
LN102949,2024-01-22,23,65300,2.4,345000,72,13.16,703,39.3,0,442000,78.1,1,Personal,Salaried,West,0,6954.73,0,0,0,23.45,Low,0.03
LN104667,2024-01-22,53,54100,31.6,336000,36,8.84,775,32.9,0,273000,123.1,3,Education,Government,North,2,10659.71,0,0,0,26.19,Moderate,0.0217
LN103153,2024-01-22,35,31300,0.6,370000,36,14.99,757,48.1,0,336000,110.1,1,Business,Salaried,Central,0,12824.36,0,0,0,25.55,Moderate,0.0421
LN101631,2024-01-23,30,81000,4.0,1779000,84,11.69,720,29.1,1,1676000,106.1,0,Personal,Salaried,South,3,31110.05,0,0,0,30.31,Moderate,0.0583
LN101581,2024-01-23,48,73100,9.1,125000,84,10.5,671,5.0,0,93000,134.4,2,Personal,Self-employed,West,1,2107.58,5,0,0,25.58,Moderate,0.0456
LN100860,2024-01-23,40,118100,10.8,391000,72,12.37,703,33.0,0,473000,82.7,3,Business,Government,Central,2,7719.57,0,0,0,25.99,Moderate,0.0323
LN103382,2024-01-24,40,68000,8.3,615000,60,8.33,631,34.8,2,677000,90.8,1,Education,Contract,Central,1,12567.34,0,0,0,33.3,Moderate,0.1232
LN103678,2024-01-24,49,79700,9.0,205000,48,13.22,667,39.4,0,279000,73.5,1,Home,Government,South,4,5522.05,0,0,0,31.58,Moderate,0.0634
LN104353,2024-01-24,23,70500,18.7,330000,60,11.04,742,34.4,0,551000,59.9,1,Personal,Salaried,North,0,7181.58,0,0,0,18.59,Low,0.0099
LN103199,2024-01-24,42,67500,20.0,93000,36,12.26,636,41.1,0,124000,75.0,1,Home,Salaried,South,4,3100.49,0,0,0,33.72,Moderate,0.0786
LN103305,2024-01-24,48,95300,15.4,452000,48,7.28,793,41.5,0,491000,92.1,2,Personal,Salaried,South,2,10882.52,0,0,0,23.86,Low,0.0202
LN100140,2024-01-25,40,49300,6.0,538000,36,11.15,666,45.8,2,684000,78.7,1,Home,Salaried,East,1,17651.67,20,0,0,32.44,Moderate,0.0787
LN101006,2024-01-25,46,55700,12.7,722000,36,13.7,672,25.8,0,983000,73.4,2,Personal,Salaried,Central,1,24571.18,0,0,0,23.59,Low,0.0242
LN103272,2024-01-25,46,50300,3.4,163000,60,16.82,777,13.5,0,245000,66.5,1,Personal,Salaried,South,0,4035.21,5,0,0,13.21,Low,0.0048
LN100548,2024-01-25,41,51300,5.4,976000,60,10.72,801,44.0,0,1741000,56.1,0,Personal,Salaried,West,2,21084.57,0,0,0,20.34,Low,0.0125
LN100969,2024-01-26,25,48900,6.8,575000,24,14.32,671,30.1,0,831000,69.2,1,Business,Salaried,South,0,27694.41,10,0,0,22.42,Low,0.0236
LN102997,2024-01-26,27,43500,1.7,358000,60,13.47,710,25.0,1,411000,87.1,2,Auto,Government,West,0,8231.99,0,0,0,23.12,Low,0.022
LN101927,2024-01-26,35,37800,9.4,664000,60,10.03,738,32.4,1,671000,99.0,4,Business,Salaried,Central,1,14117.84,0,0,0,25.98,Moderate,0.0312
LN102622,2024-01-27,39,44200,3.9,271000,48,13.41,736,33.5,0,356000,76.1,2,Business,Salaried,North,2,7325.52,0,0,0,23.68,Low,0.0235
LN104448,2024-01-27,42,54100,3.2,499000,60,9.3,713,37.2,1,552000,90.4,1,Business,Contract,South,1,10431.22,30,1,0,27.4,Moderate,0.0613
LN100089,2024-01-27,43,46100,7.5,462000,36,12.43,712,31.6,1,580000,79.7,4,Business,Self-employed,West,2,15440.07,0,0,0,26.93,Moderate,0.0422
LN102538,2024-01-27,27,45700,17.6,249000,36,11.3,832,31.4,0,165000,150.9,3,Personal,Salaried,Central,1,8187.36,0,0,0,23.9,Low,0.0223
LN100036,2024-01-27,40,185500,6.7,889000,60,11.43,602,32.5,1,597000,148.9,3,Personal,Salaried,South,1,19520.2,180,1,1,38.19,Moderate,0.2473
LN102460,2024-01-27,39,48600,6.3,258000,60,11.7,592,47.3,0,332000,77.7,1,Education,Salaried,North,0,5700.03,180,1,1,30.89,Moderate,0.0936
LN103229,2024-01-27,38,92500,9.1,1030000,24,10.02,662,40.2,1,1140000,90.4,2,Auto,Government,Central,2,47538.78,5,0,0,32.37,Moderate,0.0778
LN102074,2024-01-28,32,92400,9.8,340000,36,8.37,647,42.1,1,282000,120.6,1,Home,Salaried,Central,1,10712.49,120,1,1,34.89,Moderate,0.1298
LN102355,2024-01-28,40,98400,9.4,1023000,36,12.96,642,36.8,0,1648000,62.1,0,Home,Contract,East,0,34449.21,0,0,0,24.58,Low,0.0425
LN102086,2024-01-28,33,69500,4.9,242000,60,10.88,758,35.4,1,176000,137.5,1,Personal,Self-employed,West,3,5247.2,0,0,0,32.7,Moderate,0.1025
LN104122,2024-01-28,47,90200,1.7,168000,72,11.16,734,49.2,0,178000,94.4,0,Business,Contract,Central,0,3698.2,5,0,0,25.42,Moderate,0.0571
LN101774,2024-01-28,31,38400,2.9,1255000,60,8.12,729,60.3,1,1871000,67.1,3,Home,Salaried,North,1,25519.01,180,1,1,28.84,Moderate,0.05
LN100621,2024-01-28,42,27700,13.3,311000,48,14.44,634,9.6,0,369000,84.3,5,Home,Self-employed,South,1,8567.34,0,0,0,23.45,Low,0.0267
LN104805,2024-01-29,24,34600,6.4,781000,60,12.96,609,12.1,0,858000,91.0,1,Education,Salaried,Central,1,17754.16,0,0,0,25.95,Moderate,0.0372
LN101287,2024-01-29,43,90900,6.3,202000,48,10.66,786,44.9,0,357000,56.6,1,Business,Salaried,North,1,5187.51,10,0,0,19.69,Low,0.0122
LN104877,2024-01-30,42,33800,3.2,442000,72,8.79,724,32.8,1,345000,128.1,2,Education,Salaried,Central,0,7921.3,15,0,0,28.04,Moderate,0.05
LN101438,2024-01-31,42,82800,8.1,474000,48,13.9,703,47.4,0,835000,56.8,4,Personal,Salaried,North,1,12928.99,5,0,0,24.61,Low,0.0299
LN100994,2024-01-31,29,98400,6.0,496000,48,10.78,696,17.2,1,873000,56.8,2,Personal,Salaried,North,1,12766.45,0,0,0,20.94,Low,0.0143
LN102644,2024-01-31,28,102300,4.3,399000,12,16.6,682,64.1,0,266000,150.0,0,Home,Self-employed,South,2,36315.0,0,0,0,40.05,Moderate,0.3383
LN101086,2024-01-31,47,56000,3.4,546000,60,8.18,741,23.1,2,835000,65.4,0,Education,Government,East,2,11118.01,0,0,0,24.26,Low,0.0175
LN104357,2024-01-31,35,93100,4.9,375000,60,10.02,801,5.0,0,629000,59.6,1,Education,Contract,West,0,7971.33,5,0,0,9.55,Low,0.003
LN100962,2024-02-01,40,66100,7.5,1003000,48,15.22,802,22.7,0,882000,113.7,4,Personal,Salaried,West,3,28026.22,10,0,0,23.45,Low,0.0191
LN102721,2024-02-01,33,129600,4.8,1067000,60,12.67,666,39.0,0,896000,119.1,0,Auto,Salaried,North,2,24097.66,0,0,0,32.78,Moderate,0.1022
LN104184,2024-02-01,34,59900,8.7,1621000,60,16.58,677,31.3,1,1208000,134.2,2,Personal,Salaried,East,0,39920.86,0,0,0,30.84,Moderate,0.0848
LN101634,2024-02-02,35,45100,4.2,648000,48,15.37,605,49.1,1,821000,78.9,1,Auto,Government,South,0,18156.09,5,0,0,32.68,Moderate,0.1106
LN104919,2024-02-02,50,68000,2.8,419000,72,14.84,627,51.4,2,602000,69.6,1,Personal,Salaried,South,3,8823.39,0,0,0,38.05,Moderate,0.1809
LN103688,2024-02-02,49,172800,9.3,832000,24,13.29,720,31.8,1,1490000,55.8,2,Business,Self-employed,South,1,39668.22,5,0,0,22.49,Low,0.0212
LN100168,2024-02-02,36,45000,8.1,807000,12,13.61,711,30.0,1,621000,130.0,1,Auto,Salaried,North,0,72310.2,0,0,0,28.36,Moderate,0.0497
LN100228,2024-02-02,32,86700,9.1,417000,48,14.09,744,34.7,1,323000,129.1,1,Personal,Salaried,West,4,11413.98,0,0,0,34.13,Moderate,0.0904
LN103391,2024-02-03,31,61400,7.7,1109000,12,10.56,679,46.8,0,1580000,70.2,1,Personal,Self-employed,East,2,97787.8,0,0,0,28.77,Moderate,0.0682
LN100749,2024-02-03,25,40700,6.7,560000,72,11.32,817,41.5,0,729000,76.8,0,Home,Salaried,East,0,10751.09,30,0,0,17.73,Low,0.0086
LN102541,2024-02-03,27,63800,7.2,150000,72,10.35,737,25.4,0,207000,72.5,0,Home,Self-employed,South,1,2805.42,0,0,0,19.98,Low,0.0149
LN104502,2024-02-04,24,70700,10.6,188000,48,13.01,721,50.0,0,279000,67.4,1,Home,Government,North,1,5044.5,0,0,0,25.24,Moderate,0.0283
LN101688,2024-02-04,41,28000,10.5,86000,84,16.41,818,46.5,0,151000,57.0,1,Home,Salaried,East,0,1728.28,0,0,0,16.69,Low,0.0067
LN100106,2024-02-04,55,39600,11.1,239000,72,12.76,614,20.6,1,183000,130.6,0,Business,Self-employed,West,0,4767.49,0,0,0,31.67,Moderate,0.1166
LN100155,2024-02-04,32,64700,9.2,1097000,60,13.13,757,37.1,0,1087000,100.9,5,Personal,Government,South,2,25033.19,0,0,0,25.77,Moderate,0.0316
LN102723,2024-02-05,51,65400,5.8,349000,12,11.02,740,21.0,0,264000,132.2,2,Personal,Salaried,West,3,30848.45,0,0,0,28.24,Moderate,0.0464
LN100497,2024-02-05,36,47500,4.3,1620000,24,13.69,722,45.1,1,1250000,129.6,1,Auto,Salaried,North,1,77543.84,0,0,0,32.42,Moderate,0.0909
LN100418,2024-02-05,49,49400,7.3,304000,48,11.55,697,9.0,0,452000,67.3,1,Auto,Self-employed,West,2,7938.48,0,0,0,19.96,Low,0.0136
LN101664,2024-02-05,50,46000,5.2,471000,84,13.76,757,31.2,1,517000,91.1,3,Business,Salaried,North,1,8764.22,0,0,0,23.94,Low,0.0231
LN103843,2024-02-05,26,56600,6.4,644000,60,14.71,754,36.0,1,807000,79.8,0,Business,Salaried,South,2,15222.86,0,0,0,25.6,Moderate,0.0269
LN101176,2024-02-05,23,60300,7.6,697000,36,12.42,647,11.1,0,793000,87.9,1,Home,Self-employed,Central,2,23290.44,0,0,0,25.09,Moderate,0.0341
LN102467,2024-02-05,38,54500,8.0,274000,60,11.87,720,54.4,0,256000,107.0,2,Home,Salaried,South,3,6076.99,45,1,0,33.46,Moderate,0.0945
LN104152,2024-02-06,39,104800,10.7,340000,24,6.95,704,39.3,2,557000,61.0,1,Personal,Salaried,West,3,15214.97,0,0,0,30.69,Moderate,0.0485
LN101550,2024-02-06,37,64500,18.6,1222000,12,13.47,753,41.3,0,2141000,57.1,3,Personal,Salaried,North,0,109415.35,0,0,0,19.11,Low,0.0107
LN102634,2024-02-06,53,158100,8.9,1061000,24,12.95,715,30.8,0,1722000,61.6,2,Business,Salaried,South,1,50416.96,0,0,0,21.13,Low,0.0159
LN100761,2024-02-06,39,83300,6.9,473000,36,10.45,635,37.2,1,485000,97.5,1,Personal,Self-employed,West,1,15362.51,45,1,0,32.24,Moderate,0.1206
LN104528,2024-02-07,38,70700,3.5,286000,48,9.61,594,43.0,0,328000,87.2,3,Personal,Salaried,Central,1,7200.25,20,0,0,32.54,Moderate,0.127
LN103958,2024-02-07,48,102700,5.7,667000,36,9.64,753,28.6,0,864000,77.2,2,Personal,Salaried,West,3,21409.66,0,0,0,23.58,Low,0.0203
LN101076,2024-02-07,24,35200,22.5,316000,72,11.73,706,20.5,1,474000,66.7,0,Home,Salaried,East,1,6133.58,0,0,0,22.06,Low,0.012
LN101669,2024-02-08,43,91100,25.9,1025000,48,11.32,769,49.9,0,919000,111.5,1,Personal,Self-employed,East,0,26651.23,0,0,0,25.42,Moderate,0.0357
LN100351,2024-02-08,51,77800,3.7,2747000,12,13.23,585,42.5,1,4288000,64.1,2,Personal,Salaried,East,1,245651.08,20,0,0,32.61,Moderate,0.1116
LN102619,2024-02-08,51,78500,13.1,669000,48,9.9,638,35.9,0,670000,99.9,1,Home,Salaried,South,2,16935.46,0,0,0,31.73,Moderate,0.0779
LN103115,2024-02-08,40,60200,12.2,936000,60,10.3,772,14.5,0,1433000,65.3,0,Business,Salaried,South,1,20025.68,0,0,0,15.23,Low,0.0052
LN102525,2024-02-08,42,44500,3.1,287000,60,11.24,731,41.9,0,201000,142.8,1,Auto,Government,North,0,6274.48,0,0,0,28.96,Moderate,0.0673
LN100479,2024-02-09,48,110200,5.0,879000,72,12.07,816,53.6,0,776000,113.3,1,Home,Salaried,South,1,17216.63,15,0,0,25.52,Moderate,0.0308
LN103512,2024-02-09,53,72900,15.0,844000,72,15.27,580,57.9,1,954000,88.5,1,Personal,Salaried,Central,1,17970.38,0,0,0,38.39,Moderate,0.2287
LN104000,2024-02-09,30,93900,9.4,219000,72,9.94,703,30.5,0,390000,56.2,4,Personal,Salaried,West,0,4050.54,0,0,0,19.5,Low,0.0136
LN102221,2024-02-09,32,21800,15.6,548000,60,8.54,658,42.1,1,562000,97.5,1,Personal,Salaried,North,1,11253.63,5,0,0,32.0,Moderate,0.0835
LN102715,2024-02-09,21,89600,8.6,368000,36,7.8,728,46.0,1,279000,131.9,2,Auto,Salaried,Central,1,11497.86,10,0,0,32.52,Moderate,0.0867
LN100663,2024-02-10,33,32000,7.8,493000,72,12.14,575,10.6,0,861000,57.3,3,Personal,Self-employed,North,3,9674.17,5,0,0,27.41,Moderate,0.0524
LN102004,2024-02-10,21,91300,2.7,817000,36,8.79,718,8.6,0,1407000,58.1,2,Business,Salaried,South,1,25900.6,0,0,0,16.18,Low,0.0074
LN102688,2024-02-10,45,58100,11.2,379000,72,14.86,704,14.7,0,307000,123.5,1,Personal,Self-employed,West,1,7985.17,0,0,0,24.69,Low,0.037
LN102607,2024-02-10,21,47900,1.0,185000,36,7.31,655,37.6,0,158000,117.1,0,Personal,Contract,Central,3,5738.52,0,0,0,34.55,Moderate,0.1914
LN102777,2024-02-11,36,39900,10.1,214000,72,9.2,657,44.2,1,227000,94.3,1,Business,Self-employed,North,2,3878.74,180,1,1,33.82,Moderate,0.1293
LN100674,2024-02-11,25,34500,0.7,325000,60,12.73,683,32.5,0,542000,60.0,2,Home,Contract,North,2,7349.91,0,0,0,24.67,Low,0.0383
LN104477,2024-02-12,45,139500,15.5,576000,60,10.16,752,34.8,2,915000,63.0,2,Home,Self-employed,East,2,12283.69,0,0,0,25.78,Moderate,0.0234
LN103185,2024-02-12,50,34400,11.0,191000,60,10.78,774,55.1,0,193000,99.0,2,Home,Salaried,North,1,4131.88,0,0,0,26.61,Moderate,0.0347
LN102022,2024-02-12,50,49800,8.4,1584000,72,14.02,691,20.9,0,1501000,105.5,3,Auto,Salaried,Central,0,32656.46,5,0,0,23.15,Low,0.0238
LN102515,2024-02-12,41,81400,7.0,361000,72,15.54,663,49.5,0,369000,97.8,1,Home,Salaried,North,0,7739.61,10,0,0,29.58,Moderate,0.0723
LN101145,2024-02-13,38,58500,9.8,865000,72,12.63,648,27.9,0,840000,103.0,2,Personal,Self-employed,Central,0,17195.64,0,0,0,26.57,Moderate,0.0592
LN100603,2024-02-13,50,103600,18.7,1595000,36,11.73,720,41.1,1,2226000,71.7,2,Business,Self-employed,South,0,52771.37,0,0,0,24.27,Low,0.0282
LN102678,2024-02-13,39,46400,8.5,895000,72,9.18,695,25.6,0,722000,124.0,0,Auto,Government,East,0,16212.93,0,0,0,25.73,Moderate,0.037
LN102331,2024-02-13,37,92000,8.3,228000,60,15.77,707,52.4,0,400000,57.0,1,Auto,Self-employed,North,3,5516.69,0,0,0,28.75,Moderate,0.0529
LN104876,2024-02-14,26,161500,5.8,1047000,36,9.45,681,17.4,0,839000,124.8,1,Home,Salaried,North,0,33514.03,60,1,0,24.91,Low,0.0338
LN103066,2024-02-14,54,113700,11.7,1046000,72,6.5,698,23.3,0,880000,118.9,0,Personal,Self-employed,West,3,17583.19,0,0,0,29.6,Moderate,0.0672
LN101249,2024-02-14,24,105400,1.7,291000,72,14.25,622,33.5,0,226000,128.8,3,Auto,Salaried,West,1,6035.29,0,0,0,33.32,Moderate,0.1319
LN102453,2024-02-14,32,106100,10.4,337000,36,9.02,677,38.3,1,462000,72.9,1,Personal,Self-employed,West,1,10719.65,0,0,0,27.78,Moderate,0.054
LN102523,2024-02-14,35,80700,15.2,225000,36,6.64,667,41.0,2,292000,77.1,0,Auto,Government,Central,1,6910.37,30,0,0,31.26,Moderate,0.057
LN101437,2024-02-14,52,56800,4.7,238000,48,13.2,710,47.7,0,299000,79.6,2,Home,Government,East,1,6408.59,0,0,0,26.58,Moderate,0.0392
LN103564,2024-02-14,47,21000,6.9,998000,72,9.48,622,48.7,0,1191000,83.8,3,Home,Salaried,North,1,18228.16,0,0,0,31.86,Moderate,0.0962
LN103661,2024-02-15,31,33200,6.5,649000,72,13.71,753,27.0,0,670000,96.9,1,Home,Salaried,Central,1,13272.55,20,0,0,21.89,Low,0.0168
LN102171,2024-02-15,37,57700,4.5,427000,72,12.6,643,48.3,0,554000,77.1,0,Business,Government,West,1,8481.76,30,1,0,30.0,Moderate,0.0795
LN100030,2024-02-15,33,35900,3.7,2079000,72,12.98,696,35.0,0,2248000,92.5,1,Home,Salaried,South,1,41712.12,0,0,0,26.07,Moderate,0.0371
LN104120,2024-02-16,33,22700,2.9,204000,84,11.65,758,10.7,1,269000,75.8,3,Business,Salaried,East,2,3563.09,5,0,0,19.92,Low,0.0106
LN103970,2024-02-16,34,53900,7.1,423000,36,7.9,698,41.7,1,540000,78.3,0,Personal,Salaried,East,0,13235.78,0,0,0,26.22,Moderate,0.0389
LN103602,2024-02-16,56,224900,9.9,518000,60,9.91,668,24.4,0,788000,65.7,0,Business,Salaried,West,4,10983.04,0,0,0,27.75,Moderate,0.0362
LN103210,2024-02-16,49,87700,6.6,392000,48,12.4,753,18.9,0,553000,70.9,1,Personal,Government,East,0,10400.02,0,0,0,16.01,Low,0.0075
LN102883,2024-02-16,42,63200,24.9,402000,12,13.74,744,29.0,1,455000,88.4,0,Business,Contract,East,2,36045.26,0,0,0,25.59,Moderate,0.0291
LN101840,2024-02-16,37,47900,7.2,755000,72,6.5,692,35.2,0,948000,79.6,0,Business,Government,East,2,12691.5,15,0,0,26.7,Moderate,0.0387
LN104219,2024-02-16,22,53300,9.2,367000,84,10.46,711,71.8,0,377000,97.3,2,Home,Self-employed,South,1,6180.22,0,0,0,33.12,Moderate,0.1308
LN102948,2024-02-16,36,103800,4.2,356000,12,9.4,652,26.2,0,567000,62.8,1,Business,Salaried,South,0,31198.8,0,0,0,22.0,Low,0.0231
LN101301,2024-02-17,47,32500,13.4,209000,48,12.46,787,12.5,2,222000,94.1,2,Home,Salaried,South,0,5551.09,0,0,0,19.25,Low,0.0078
LN100689,2024-02-17,42,60000,15.7,316000,60,12.05,735,62.4,1,466000,67.8,1,Home,Government,North,1,7037.23,0,0,0,29.01,Moderate,0.0427
LN101205,2024-02-17,38,138900,8.0,56000,48,9.5,699,38.2,0,74000,75.7,0,Home,Salaried,West,1,4421.65,0,0,0,24.87,Low,0.0282
LN101701,2024-02-17,42,60600,7.4,1025000,60,10.92,636,26.1,0,863000,118.8,1,Business,Salaried,North,0,22245.11,75,1,0,28.43,Moderate,0.0673
LN104195,2024-02-17,34,31200,3.0,305000,36,14.34,651,22.8,1,220000,138.6,2,Home,Salaried,West,1,10474.61,0,0,0,32.62,Moderate,0.1005
LN104489,2024-02-17,38,74000,5.8,780000,60,8.12,599,9.6,1,764000,102.1,2,Home,Salaried,West,1,15860.42,0,0,0,29.08,Moderate,0.0556
LN101902,2024-02-17,49,79600,12.7,393000,72,7.78,682,34.7,0,352000,111.6,2,Education,Government,South,1,6848.42,0,0,0,28.66,Moderate,0.0513
LN100813,2024-02-18,40,43400,16.1,814000,60,11.34,709,45.7,2,1376000,59.2,1,Home,Self-employed,East,0,17836.67,0,0,0,26.52,Moderate,0.0337
LN100898,2024-02-18,49,66200,24.1,292000,36,11.89,645,38.5,1,340000,85.9,0,Home,Salaried,South,2,9683.24,0,0,0,32.48,Moderate,0.0649
LN103144,2024-02-18,42,109400,5.2,493000,12,12.34,748,23.8,1,336000,146.7,1,Personal,Self-employed,East,2,43880.91,0,0,0,30.16,Moderate,0.0763
LN102256,2024-02-18,46,62500,6.1,924000,84,6.5,713,14.1,0,1497000,61.7,1,Business,Salaried,North,3,13720.88,0,0,0,21.24,Low,0.0136
LN103935,2024-02-18,41,63500,14.5,378000,36,6.58,714,26.6,1,400000,94.5,1,Education,Salaried,North,1,11599.09,0,0,0,25.64,Moderate,0.0252
LN102296,2024-02-18,42,43800,2.5,284000,36,13.35,675,47.8,0,421000,67.5,2,Home,Government,North,1,9617.03,75,1,0,27.24,Moderate,0.0461
LN100162,2024-02-19,48,62200,1.1,750000,36,11.11,704,37.4,1,1192000,62.9,2,Auto,Salaried,South,1,24593.13,5,0,0,25.17,Moderate,0.0281
LN101605,2024-02-19,29,28700,12.5,669000,36,10.08,720,52.6,0,964000,69.4,1,Home,Salaried,North,0,21611.88,0,0,0,24.34,Low,0.0264
LN104456,2024-02-19,28,94600,2.9,569000,72,10.21,778,46.7,0,819000,69.5,0,Personal,Salaried,North,1,10601.56,0,0,0,21.77,Low,0.0189
LN100782,2024-02-19,41,81000,4.8,1633000,36,12.03,604,40.6,0,1162000,140.5,2,Auto,Salaried,South,0,54262.37,0,0,0,35.19,Moderate,0.1866
LN101430,2024-02-19,41,48100,7.5,215000,12,8.87,575,30.8,0,386000,55.7,0,Auto,Self-employed,North,2,18789.11,0,0,0,29.62,Moderate,0.075
LN104284,2024-02-19,31,71500,11.2,246000,60,8.32,674,32.2,1,187000,131.6,1,Education,Salaried,South,3,5025.75,0,0,0,35.92,Moderate,0.1211
LN104090,2024-02-20,28,90800,9.4,246000,60,6.5,662,30.5,0,328000,75.0,3,Auto,Salaried,West,1,4813.27,0,0,0,25.22,Moderate,0.0301
LN102771,2024-02-20,31,58900,8.1,455000,72,10.35,715,17.5,0,400000,113.8,5,Home,Government,East,0,8509.78,15,0,0,22.03,Low,0.0194
LN104655,2024-02-20,57,121600,7.6,303000,48,9.84,741,38.4,1,231000,131.2,3,Personal,Government,South,0,7661.6,0,0,0,28.57,Moderate,0.0569
LN100325,2024-02-20,27,64700,6.7,116000,60,8.84,703,44.6,0,87000,133.3,0,Home,Government,South,1,2404.68,180,1,1,31.7,Moderate,0.0911
LN103487,2024-02-21,44,40500,12.8,220000,84,13.29,633,35.0,0,309000,71.2,2,Personal,Salaried,South,1,4037.0,0,0,0,27.27,Moderate,0.0463
LN104841,2024-02-21,39,123300,4.0,442000,72,9.9,758,47.2,1,621000,71.2,4,Business,Self-employed,West,3,8166.15,0,0,0,28.43,Moderate,0.0494
LN100543,2024-02-21,51,59100,10.9,341000,72,10.78,772,31.1,1,516000,66.1,1,Home,Self-employed,West,1,6452.26,5,0,0,20.63,Low,0.0132
LN100795,2024-02-21,47,61800,2.3,645000,60,9.95,589,38.5,1,1058000,61.0,1,Personal,Salaried,North,0,13688.48,75,1,0,29.62,Moderate,0.0781
LN101344,2024-02-21,47,66000,2.4,1259000,36,13.13,830,55.7,1,1508000,83.5,3,Auto,Salaried,East,2,42499.56,0,0,0,25.88,Moderate,0.0257
LN100428,2024-02-21,48,44900,2.5,262000,84,6.85,602,18.7,0,181000,144.8,2,Personal,Salaried,North,2,3935.1,0,0,0,34.68,Moderate,0.1643
LN100706,2024-02-21,26,103700,12.4,975000,24,11.21,738,23.4,1,1011000,96.4,0,Business,Salaried,Central,1,45537.76,5,0,0,23.92,Low,0.021
LN104426,2024-02-22,41,40600,5.5,304000,24,10.48,686,41.5,0,467000,65.1,1,Personal,Self-employed,South,0,14095.5,0,0,0,23.49,Low,0.036
LN100408,2024-02-22,39,58900,17.9,2235000,60,16.26,805,32.3,1,2931000,76.3,0,Auto,Self-employed,North,1,54660.1,5,0,0,20.14,Low,0.0107
LN101897,2024-02-22,52,37900,6.1,402000,36,10.98,782,38.7,1,311000,129.3,0,Personal,Salaried,East,3,13157.16,30,0,0,31.27,Moderate,0.0642
LN103839,2024-02-22,35,86400,7.3,515000,60,9.84,787,30.1,0,820000,62.8,3,Home,Salaried,North,0,10901.73,0,0,0,15.64,Low,0.006
LN104527,2024-02-23,45,80400,5.5,315000,48,12.27,674,25.5,0,458000,68.8,3,Personal,Salaried,North,2,8336.98,5,0,0,24.63,Low,0.0287
LN103739,2024-02-23,26,31900,6.2,385000,60,9.32,702,16.9,0,505000,76.2,1,Auto,Salaried,West,3,8051.89,0,0,0,23.84,Low,0.0195
LN102181,2024-02-23,35,54700,10.2,143000,48,13.15,738,27.8,1,249000,57.4,3,Personal,Salaried,South,2,3846.99,0,0,0,22.56,Low,0.0154
LN100409,2024-02-23,43,111200,4.0,531000,60,17.08,691,38.7,1,700000,75.9,2,Personal,Government,Central,0,13219.57,0,0,0,25.75,Moderate,0.0377
LN103459,2024-02-23,27,139400,10.4,553000,60,12.61,661,31.4,0,853000,64.8,0,Auto,Salaried,North,1,12472.32,0,0,0,24.43,Low,0.0258
LN102999,2024-02-24,37,176200,14.7,1550000,84,13.61,695,37.8,0,1874000,82.7,2,Education,Salaried,West,2,28714.11,0,0,0,27.37,Moderate,0.0353
LN102520,2024-02-24,40,104300,3.6,690000,60,10.07,749,19.5,1,1191000,57.9,0,Home,Self-employed,East,2,14684.24,0,0,0,20.37,Low,0.0128
LN104053,2024-02-24,40,55300,16.9,1195000,60,11.03,762,34.8,0,1139000,104.9,0,Home,Salaried,Central,2,26000.08,0,0,0,25.44,Moderate,0.0237
LN100025,2024-02-24,39,35900,8.6,629000,72,12.24,816,53.6,2,429000,146.6,3,Personal,Salaried,West,0,12375.72,0,0,0,31.18,Moderate,0.0715
LN104639,2024-02-25,21,57900,10.4,274000,60,11.14,655,44.0,0,412000,66.5,0,Home,Salaried,North,1,5976.57,0,0,0,27.44,Moderate,0.0431
LN101969,2024-02-25,48,96600,7.3,958000,48,12.48,765,57.3,1,1335000,71.8,0,Personal,Government,South,0,25454.18,0,0,0,25.14,Moderate,0.0307
LN101546,2024-02-25,29,30500,19.4,221000,72,10.09,705,37.8,2,154000,143.5,1,Personal,Salaried,South,1,4104.25,0,0,0,35.25,Moderate,0.1146
LN104611,2024-02-25,21,88200,3.5,202000,72,14.52,706,57.0,0,249000,81.1,0,Auto,Salaried,Central,1,4218.81,0,0,0,28.8,Moderate,0.058
LN101381,2024-02-25,34,32600,5.6,518000,36,14.32,704,35.2,1,769000,67.4,1,Home,Salaried,West,0,17784.63,5,0,0,23.51,Low,0.0221
LN100841,2024-02-25,44,36600,16.3,306000,72,12.6,712,50.3,0,392000,78.1,0,Auto,Contract,South,2,6078.26,180,1,1,28.51,Moderate,0.0574
LN101526,2024-02-26,55,55200,2.1,387000,48,12.65,679,24.8,0,300000,129.0,0,Home,Self-employed,North,2,10315.14,0,0,0,30.25,Moderate,0.0862
LN103022,2024-02-26,34,27200,9.3,1016000,84,11.42,717,12.0,0,1309000,77.6,1,Auto,Salaried,East,1,17621.57,0,0,0,18.87,Low,0.0097
LN101130,2024-02-26,41,75100,19.9,397000,72,13.25,526,36.4,1,640000,62.0,4,Personal,Salaried,Central,2,8021.9,0,0,0,35.97,Moderate,0.142
LN103936,2024-02-26,49,40400,5.8,454000,36,10.96,685,41.5,1,339000,133.9,0,Education,Salaried,North,1,14854.78,5,0,0,34.09,Moderate,0.1188
LN101427,2024-02-26,28,133600,3.7,1216000,24,14.16,765,32.9,0,1628000,74.7,2,Business,Salaried,South,1,58475.62,20,0,0,20.22,Low,0.0142
LN100360,2024-02-27,43,63600,7.0,192000,60,11.31,656,40.5,0,339000,56.6,4,Home,Contract,South,0,4204.29,0,0,0,24.03,Low,0.0396
LN101204,2024-02-27,38,37200,4.4,281000,60,9.91,626,66.7,0,276000,101.8,2,Auto,Salaried,West,0,5957.98,60,1,0,35.38,Moderate,0.1871
LN104393,2024-02-27,33,64000,3.4,1201000,36,12.15,645,30.3,1,1188000,101.1,2,Education,Salaried,West,0,39976.48,0,0,0,29.02,Moderate,0.0612
LN100891,2024-02-28,43,91600,11.7,149000,24,12.96,643,30.9,0,143000,104.2,1,Business,Self-employed,Central,2,7080.93,0,0,0,30.89,Moderate,0.0929
LN102059,2024-02-28,40,90400,11.9,378000,48,13.58,746,37.9,0,596000,63.4,1,Education,Salaried,South,3,10249.95,5,0,0,24.43,Low,0.0191
LN104640,2024-02-28,45,28700,12.3,695000,60,15.26,751,54.4,0,1087000,63.9,2,Home,Salaried,Central,5,16629.0,0,0,0,30.84,Moderate,0.0452
LN101082,2024-02-28,35,116800,16.9,158000,36,11.54,665,56.0,1,198000,79.8,2,Auto,Contract,West,1,5450.67,0,0,0,32.64,Moderate,0.1104
LN104963,2024-02-29,41,58100,6.1,633000,60,14.06,665,33.2,0,433000,146.2,1,Personal,Self-employed,East,1,14748.5,0,0,0,32.72,Moderate,0.1496
LN102476,2024-02-29,36,22100,12.1,437000,72,14.53,601,40.7,1,608000,71.9,4,Personal,Salaried,South,4,9129.2,0,0,0,37.18,Moderate,0.149
LN103390,2024-02-29,24,78600,3.7,953000,36,8.51,730,36.8,0,1271000,75.0,2,Personal,Salaried,West,2,30088.28,0,0,0,24.55,Low,0.028
LN100809,2024-02-29,30,58200,5.5,1188000,24,16.31,835,22.1,0,946000,125.6,3,Auto,Salaried,Central,0,58344.3,10,0,0,17.77,Low,0.0089
LN104650,2024-03-01,36,111500,8.4,150000,72,10.96,761,28.3,0,216000,69.4,0,Home,Salaried,North,3,2852.04,0,0,0,22.31,Low,0.0138
LN103363,2024-03-01,26,52700,14.8,147000,72,13.44,686,52.8,0,136000,108.1,1,Auto,Salaried,North,0,2985.14,0,0,0,30.05,Moderate,0.0693
LN102746,2024-03-01,40,128400,4.4,1408000,36,9.62,690,28.7,0,1936000,72.7,0,Auto,Salaried,North,2,45181.42,0,0,0,24.81,Low,0.0265
LN100840,2024-03-01,38,77200,12.5,836000,60,11.31,724,15.3,0,1084000,77.1,2,Personal,Salaried,South,3,18306.18,0,0,0,22.44,Low,0.0155
LN103885,2024-03-02,43,79900,8.8,93000,60,10.1,669,29.8,0,94000,98.9,3,Business,Salaried,West,2,1984.18,0,0,0,28.77,Moderate,0.0547
LN103562,2024-03-02,21,101500,14.1,418000,84,11.62,766,27.6,0,715000,58.5,1,Personal,Contract,East,1,7294.17,0,0,0,17.48,Low,0.0109
LN101540,2024-03-02,38,74400,10.1,183000,60,10.85,649,23.6,0,276000,66.3,0,Business,Contract,South,1,3965.19,0,0,0,23.66,Low,0.0355
LN102152,2024-03-03,38,42700,17.1,988000,36,11.96,639,5.0,1,1607000,61.5,1,Auto,Salaried,West,1,32796.87,0,0,0,21.99,Low,0.0135
LN102554,2024-03-03,30,98000,4.3,627000,48,12.82,672,31.0,0,520000,120.6,0,Auto,Self-employed,Central,1,16764.88,10,0,0,29.35,Moderate,0.0803
LN101606,2024-03-03,39,44100,17.7,1279000,12,12.24,638,55.7,0,1739000,73.5,1,Home,Self-employed,West,1,113781.25,15,0,0,31.38,Moderate,0.0925
LN102844,2024-03-03,40,139600,12.1,259000,84,9.89,553,56.8,0,317000,81.7,1,Home,Contract,East,1,6607.73,30,1,0,36.92,Moderate,0.2625
LN102371,2024-03-03,33,66800,6.7,672000,36,9.72,643,24.4,1,693000,97.0,1,Education,Salaried,East,1,21595.32,0,0,0,29.21,Moderate,0.0541
LN102575,2024-03-04,28,33200,15.5,334000,60,15.2,717,52.6,0,577000,57.9,2,Home,Salaried,North,0,7980.94,0,0,0,23.35,Low,0.0213
LN104142,2024-03-04,41,73200,5.3,1023000,60,11.6,679,49.0,1,886000,115.5,2,Business,Self-employed,North,2,22549.83,45,1,0,35.74,Moderate,0.1816
LN104801,2024-03-04,37,82800,2.1,505000,12,8.67,588,24.0,0,524000,96.4,1,Auto,Self-employed,Central,1,44085.75,45,1,0,29.98,Moderate,0.0957
LN102431,2024-03-04,29,32800,6.8,391000,24,11.14,720,38.4,1,298000,131.2,3,Personal,Contract,West,2,18249.09,5,0,0,33.02,Moderate,0.1328
LN101555,2024-03-04,41,33100,9.1,246000,48,12.57,826,19.1,0,358000,68.7,1,Personal,Self-employed,East,2,6547.18,0,0,0,15.29,Low,0.0061
LN103630,2024-03-05,43,34400,9.9,537000,84,9.61,695,34.7,0,660000,81.4,1,Home,Government,North,1,8807.0,0,0,0,24.95,Low,0.028
LN100129,2024-03-05,33,68100,5.2,320000,60,9.76,744,29.9,1,351000,91.2,4,Business,Salaried,East,0,6761.33,0,0,0,22.71,Low,0.021
LN104688,2024-03-06,25,64400,17.4,966000,12,11.9,697,45.7,0,879000,109.9,3,Education,Salaried,North,0,85782.75,0,0,0,28.23,Moderate,0.0491
LN104920,2024-03-06,53,39700,6.1,750000,60,9.42,697,26.8,0,842000,89.1,3,Home,Self-employed,South,1,15722.09,10,0,0,24.04,Low,0.0314
LN100550,2024-03-06,39,40800,9.7,825000,48,19.99,713,61.1,1,1229000,67.1,0,Auto,Contract,North,1,25100.65,5,0,0,29.85,Moderate,0.0752
LN102151,2024-03-06,53,92800,4.5,335000,60,14.54,824,41.8,0,240000,139.6,1,Auto,Government,West,1,7888.97,0,0,0,25.36,Moderate,0.0304
LN100999,2024-03-06,43,37100,6.7,252000,36,12.77,694,36.3,0,256000,98.4,2,Home,Self-employed,South,2,8462.99,90,1,1,28.69,Moderate,0.0613
LN101416,2024-03-06,39,35100,8.0,196000,60,12.23,684,32.3,1,131000,149.6,2,Education,Salaried,South,0,4382.73,75,1,0,32.21,Moderate,0.0956
LN103857,2024-03-06,43,69300,7.1,429000,60,8.64,680,30.7,1,723000,59.3,2,Personal,Salaried,Central,1,8830.57,5,0,0,24.74,Low,0.0273
LN103260,2024-03-07,36,50700,7.9,534000,72,11.41,800,6.3,0,424000,125.9,0,Education,Salaried,North,0,10276.69,0,0,0,16.5,Low,0.0071
LN104965,2024-03-07,36,82700,2.9,584000,72,8.09,744,40.1,0,969000,60.3,2,Personal,Self-employed,South,0,10265.1,0,0,0,19.66,Low,0.0186
LN102429,2024-03-07,35,30800,13.8,560000,48,10.03,731,19.7,0,980000,57.1,1,Home,Salaried,Central,1,14211.12,0,0,0,17.62,Low,0.0072
LN104795,2024-03-07,27,118200,11.9,323000,48,12.48,544,27.8,2,450000,71.8,2,Auto,Salaried,Central,0,8582.15,0,0,0,32.94,Moderate,0.0942
LN102098,2024-03-07,24,42700,7.8,499000,12,12.68,707,36.6,2,598000,83.4,1,Home,Salaried,West,1,44494.44,0,0,0,28.9,Moderate,0.0417
LN101038,2024-03-07,40,96400,6.5,679000,84,13.68,762,39.2,2,923000,73.6,0,Business,Self-employed,North,1,12604.74,0,0,0,25.53,Moderate,0.0313
LN102508,2024-03-08,26,44300,6.5,875000,12,12.8,765,15.3,0,1387000,63.1,3,Auto,Salaried,North,2,78070.54,0,0,0,17.2,Low,0.0065
LN100320,2024-03-08,39,72400,31.1,364000,36,10.72,712,28.8,2,273000,133.3,0,Auto,Salaried,South,5,11868.69,15,0,0,38.73,Moderate,0.1007
LN100996,2024-03-08,54,113000,9.1,245000,60,15.77,728,35.1,0,177000,138.4,1,Personal,Salaried,West,1,5928.02,0,0,0,28.99,Moderate,0.0626
LN100461,2024-03-08,38,89200,5.6,449000,60,8.69,709,21.1,2,426000,105.4,4,Business,Salaried,South,1,9253.09,20,0,0,27.89,Moderate,0.0404
LN102235,2024-03-09,45,120500,4.4,215000,72,10.29,715,44.2,0,344000,62.5,1,Personal,Salaried,North,2,4438.42,0,0,0,25.57,Moderate,0.0331
LN102730,2024-03-09,49,136300,16.2,1380000,36,11.85,701,45.1,0,1570000,87.9,3,Education,Salaried,East,1,45736.94,5,0,0,27.36,Moderate,0.0383
LN100078,2024-03-09,39,76300,9.2,132000,60,11.03,733,15.1,0,186000,71.0,3,Personal,Government,East,1,2871.98,0,0,0,17.98,Low,0.0093
LN100933,2024-03-09,21,21400,0.6,292000,36,12.61,743,24.2,0,437000,66.8,0,Personal,Salaried,North,1,9783.87,0,0,0,18.85,Low,0.0121
LN100205,2024-03-09,30,96700,7.0,878000,36,11.39,687,39.4,1,1123000,78.2,0,Auto,Salaried,East,3,28907.02,0,0,0,31.33,Moderate,0.0596
LN104159,2024-03-09,39,115100,5.7,848000,60,11.51,764,52.5,0,886000,95.7,2,Home,Self-employed,South,0,18653.99,0,0,0,24.62,Low,0.0371
LN103259,2024-03-09,51,74000,2.5,531000,84,8.32,769,42.3,1,593000,89.5,1,Auto,Salaried,Central,1,8361.19,0,0,0,25.36,Moderate,0.0275
LN101977,2024-03-10,47,105200,2.5,579000,60,10.84,736,24.0,1,1017000,56.9,1,Auto,Salaried,North,0,12542.71,0,0,0,18.53,Low,0.0095
LN100549,2024-03-10,33,123000,6.1,712000,84,6.5,748,20.5,0,765000,93.1,0,Auto,Salaried,Central,1,10572.8,0,0,0,20.48,Low,0.0133
LN103506,2024-03-10,41,107500,5.5,327000,36,9.93,729,44.1,0,395000,82.8,3,Home,Salaried,West,1,10540.63,15,0,0,25.17,Moderate,0.0302
LN102560,2024-03-10,29,31100,4.3,496000,60,11.65,683,31.5,1,654000,75.8,2,Personal,Contract,North,1,10945.72,0,0,0,26.39,Moderate,0.0528
LN103429,2024-03-10,48,50300,4.7,597000,60,13.13,850,30.5,0,934000,63.9,1,Personal,Salaried,Central,0,13623.35,10,0,0,12.49,Low,0.0039
LN101332,2024-03-10,36,52500,9.2,223000,60,10.58,782,35.1,2,380000,58.7,3,Education,Contract,North,3,4801.98,0,0,0,25.49,Moderate,0.0243
LN101668,2024-03-10,46,78200,7.2,119000,48,15.15,786,20.7,0,89000,133.7,3,Home,Self-employed,East,2,3320.91,20,0,0,24.23,Low,0.0275
LN101087,2024-03-11,40,30900,4.1,392000,72,10.04,744,13.8,0,441000,88.9,1,Home,Salaried,East,0,7270.04,0,0,0,17.26,Low,0.0088
LN100696,2024-03-11,41,53600,3.8,382000,84,10.86,646,42.1,0,337000,113.4,0,Education,Salaried,Central,1,6512.69,10,0,0,32.23,Moderate,0.106
LN101853,2024-03-11,46,28400,8.2,627000,60,13.03,715,22.6,1,765000,82.0,0,Education,Contract,West,1,14275.81,0,0,0,23.53,Low,0.027
LN101947,2024-03-11,38,100000,4.4,718000,36,7.48,800,52.4,0,1077000,66.7,1,Auto,Salaried,Central,2,22327.67,0,0,0,23.13,Low,0.0183
LN104285,2024-03-11,40,19400,12.3,190000,48,11.19,689,27.6,1,141000,134.8,1,Personal,Contract,South,2,4928.2,90,1,1,32.86,Moderate,0.1232
LN100475,2024-03-11,36,142600,7.9,732000,60,11.69,760,40.2,2,1014000,72.2,2,Home,Government,West,0,16168.5,0,0,0,24.02,Low,0.0194
LN104661,2024-03-12,35,74400,2.5,982000,36,8.7,655,7.0,0,1006000,97.6,2,Business,Self-employed,South,0,31090.41,0,0,0,21.48,Low,0.0272
LN101983,2024-03-12,46,47100,20.6,402000,36,10.71,649,11.5,1,685000,58.7,1,Auto,Salaried,Central,1,13105.82,30,1,0,22.48,Low,0.0138
LN103109,2024-03-12,21,79300,2.9,812000,48,13.08,801,56.9,1,574000,141.5,2,Personal,Salaried,Central,0,21816.18,5,0,0,30.12,Moderate,0.0755
LN100017,2024-03-12,41,173200,7.6,389000,24,15.27,820,37.3,0,388000,100.3,1,Auto,Salaried,South,1,18911.25,0,0,0,20.74,Low,0.013
LN101697,2024-03-12,32,111700,10.1,857000,12,10.31,752,38.5,0,912000,94.0,1,Auto,Self-employed,South,0,75467.53,0,0,0,22.29,Low,0.0236
LN104026,2024-03-13,31,52700,9.0,313000,60,10.75,681,32.6,0,388000,80.7,0,Auto,Salaried,North,0,6766.42,75,1,0,23.54,Low,0.0251
LN100757,2024-03-13,40,55400,16.4,1953000,48,7.82,678,45.5,0,2767000,70.6,1,Auto,Salaried,West,2,47513.6,0,0,0,28.6,Moderate,0.0426
LN101604,2024-03-13,34,63200,3.3,251000,48,7.5,690,46.1,0,428000,58.6,3,Auto,Salaried,South,2,6068.9,0,0,0,26.88,Moderate,0.038
LN104918,2024-03-14,50,59400,11.9,848000,36,11.21,725,38.7,1,1085000,78.2,1,Business,Self-employed,South,1,27846.84,0,0,0,25.84,Moderate,0.0364
LN104014,2024-03-14,37,58700,7.6,884000,72,7.38,715,18.2,0,594000,148.8,2,Home,Contract,Central,1,15233.14,5,0,0,27.33,Moderate,0.0613
LN102757,2024-03-14,31,197700,13.6,198000,72,10.15,672,39.8,1,282000,70.2,0,Personal,Salaried,East,1,6557.05,0,0,0,28.07,Moderate,0.044
LN103848,2024-03-14,37,51100,13.1,727000,60,8.13,745,56.7,0,948000,76.7,2,Business,Self-employed,North,2,14786.21,0,0,0,27.9,Moderate,0.0516
LN104826,2024-03-14,39,28900,5.5,554000,60,12.13,680,33.3,0,670000,82.7,2,Personal,Salaried,East,0,12359.85,0,0,0,23.93,Low,0.0317
LN104519,2024-03-15,30,53500,17.0,235000,72,6.96,795,38.4,0,192000,122.4,2,Education,Salaried,North,1,4002.0,0,0,0,24.5,Low,0.0221
LN103817,2024-03-15,37,67600,8.5,389000,36,11.45,743,23.0,0,434000,89.6,2,Auto,Self-employed,East,1,12818.42,0,0,0,20.89,Low,0.0171
LN101421,2024-03-15,48,43800,7.6,554000,72,13.46,603,43.9,0,721000,76.8,1,Education,Government,East,0,11256.01,0,0,0,29.54,Moderate,0.0734
LN102439,2024-03-16,24,88000,17.4,443000,48,6.5,710,37.5,1,296000,149.7,5,Home,Salaried,North,0,10505.72,15,0,0,31.88,Moderate,0.0784
LN104835,2024-03-16,39,107800,2.3,568000,60,9.09,792,45.8,0,791000,71.8,1,Home,Salaried,Central,0,11815.57,0,0,0,19.41,Low,0.0125
LN100361,2024-03-16,52,68700,9.2,797000,84,11.5,672,55.0,1,1138000,70.0,4,Business,Contract,South,3,13857.01,10,0,0,34.42,Moderate,0.1427
LN100157,2024-03-16,42,263800,8.0,819000,60,14.92,684,39.5,0,777000,105.4,1,Auto,Self-employed,North,2,19449.58,30,0,0,30.56,Moderate,0.0824
LN102831,2024-03-16,30,92900,4.1,294000,84,10.62,617,54.1,1,280000,105.0,4,Auto,Contract,East,0,4975.45,0,0,0,35.66,Moderate,0.2301
LN101099,2024-03-17,41,46000,12.1,462000,36,13.93,781,63.6,0,384000,120.3,0,Personal,Salaried,North,1,15774.36,5,0,0,30.07,Moderate,0.0685
LN100123,2024-03-18,25,62900,4.6,250000,24,10.14,766,43.1,0,372000,67.2,0,Personal,Salaried,Central,1,11552.39,0,0,0,21.45,Low,0.0176
LN103368,2024-03-18,42,141900,12.6,335000,48,12.47,793,30.7,0,311000,107.7,2,Personal,Salaried,North,0,8899.34,0,0,0,19.93,Low,0.0134
LN102155,2024-03-18,32,24000,2.8,314000,60,14.57,668,63.4,0,224000,140.2,0,Personal,Salaried,South,0,7399.35,0,0,0,36.34,Moderate,0.237
LN101641,2024-03-18,51,154000,9.2,207000,84,11.06,756,12.0,0,208000,99.5,0,Auto,Salaried,West,2,3550.88,0,0,0,20.66,Low,0.0117
LN102154,2024-03-19,27,54000,6.2,486000,72,14.31,738,28.3,1,380000,127.9,2,Education,Self-employed,Central,2,10095.24,0,0,0,29.71,Moderate,0.0624
LN103420,2024-03-19,33,74600,10.4,332000,36,10.17,724,34.2,1,583000,56.9,0,Personal,Salaried,East,0,10739.22,0,0,0,21.2,Low,0.0153
LN104043,2024-03-19,41,27100,4.0,480000,24,11.55,736,50.5,1,622000,77.2,1,Home,Salaried,East,1,22494.53,0,0,0,27.52,Moderate,0.0394
LN100156,2024-03-19,55,69400,7.6,291000,72,14.15,664,27.6,0,226000,128.8,0,Home,Salaried,East,0,6019.67,0,0,0,28.25,Moderate,0.0584
LN103812,2024-03-19,30,67700,10.0,138000,60,11.9,645,45.3,0,228000,60.5,1,Business,Salaried,West,4,3062.76,0,0,0,32.63,Moderate,0.082
LN100442,2024-03-20,21,43200,9.5,231000,48,10.97,658,28.1,1,169000,136.7,1,Personal,Salaried,Central,0,5966.95,10,0,0,31.45,Moderate,0.0938
LN100144,2024-03-20,40,100500,6.1,212000,72,12.69,664,36.9,2,160000,132.5,1,Personal,Government,South,4,4221.1,240,1,1,41.14,Moderate,0.2451
LN101213,2024-03-20,46,34800,5.2,355000,72,14.07,662,51.4,0,365000,97.3,1,Home,Government,West,2,7328.35,0,0,0,33.3,Moderate,0.1093
LN101964,2024-03-20,43,71400,11.3,575000,84,10.18,630,60.4,1,385000,149.4,1,Auto,Salaried,Central,3,9599.24,0,0,0,45.67,Moderate,0.4412
LN100047,2024-03-21,48,64300,8.9,438000,48,10.63,675,32.3,0,667000,65.7,4,Auto,Self-employed,North,2,11241.8,0,0,0,25.63,Moderate,0.0356
LN100960,2024-03-21,44,44000,3.4,1691000,72,10.28,799,26.8,1,1292000,130.9,1,Home,Self-employed,West,0,31566.49,0,0,0,23.15,Low,0.0257
LN104047,2024-03-21,63,63100,7.5,589000,72,15.65,807,45.3,0,953000,61.8,3,Auto,Self-employed,North,0,12663.26,0,0,0,17.52,Low,0.0102
LN101844,2024-03-22,39,209800,5.5,682000,36,11.45,717,36.1,0,964000,70.7,2,Education,Salaried,South,2,22473.42,10,0,0,24.66,Low,0.0249
LN104099,2024-03-22,39,51100,7.1,194000,12,17.32,694,42.9,0,164000,118.3,1,Personal,Self-employed,East,2,17723.2,0,0,0,32.0,Moderate,0.1165
LN103641,2024-03-22,36,44900,16.1,201000,36,9.02,756,9.8,0,249000,80.7,2,Personal,Self-employed,West,2,6393.62,0,0,0,18.34,Low,0.0098
LN101539,2024-03-22,21,39800,7.6,455000,48,17.22,850,29.8,0,464000,98.1,1,Home,Salaried,West,0,13180.89,30,0,0,15.77,Low,0.006
LN100013,2024-03-22,21,58000,8.3,183000,60,14.23,694,30.0,0,236000,77.5,1,Auto,Salaried,North,0,4279.94,0,0,0,22.01,Low,0.0193
LN104405,2024-03-23,46,154600,9.3,163000,48,11.53,666,15.1,0,208000,78.4,0,Auto,Salaried,North,1,4254.9,0,0,0,22.27,Low,0.0182
LN102684,2024-03-23,41,104800,3.7,862000,36,11.57,723,60.1,1,603000,143.0,1,Home,Salaried,North,5,28454.02,5,0,0,43.38,Moderate,0.3062
LN103669,2024-03-23,41,95400,4.7,307000,72,13.23,687,75.0,0,283000,108.5,1,Auto,Government,North,0,6200.08,0,0,0,34.48,Moderate,0.1581
LN101403,2024-03-23,44,82800,9.7,530000,72,9.73,642,57.0,1,807000,65.7,0,Personal,Self-employed,Central,2,9746.68,0,0,0,34.32,Moderate,0.1421
LN103781,2024-03-23,35,102800,8.5,424000,60,10.61,680,28.0,1,351000,120.8,2,Business,Contract,Central,0,9136.54,0,0,0,28.68,Moderate,0.0807
LN103597,2024-03-23,47,107500,8.4,291000,48,11.34,636,10.6,0,388000,75.0,0,Auto,Salaried,Central,1,7569.19,0,0,0,22.62,Low,0.0199
LN104057,2024-03-23,42,61500,6.7,336000,72,9.84,757,52.9,0,238000,141.2,2,Home,Self-employed,Central,1,6197.61,90,1,1,31.29,Moderate,0.1009
LN100563,2024-03-23,35,93000,2.4,241000,36,8.6,633,41.2,0,410000,58.8,1,Personal,Government,East,2,7618.95,0,0,0,28.94,Moderate,0.0632
LN103772,2024-03-24,31,44500,3.4,452000,48,12.9,662,33.2,1,716000,63.1,1,Personal,Self-employed,North,1,12103.61,5,0,0,26.57,Moderate,0.0491
LN102026,2024-03-24,54,75400,8.4,74000,48,11.73,782,49.0,0,108000,68.5,1,Home,Contract,South,0,3078.83,5,0,0,20.25,Low,0.0187
LN100777,2024-03-24,36,54800,5.1,365000,48,17.79,553,34.9,0,636000,57.4,4,Auto,Salaried,East,0,10681.86,0,0,0,28.44,Moderate,0.0653
LN100731,2024-03-24,29,66400,13.3,182000,60,11.85,716,33.1,1,172000,105.8,0,Personal,Salaried,North,2,4034.71,5,0,0,29.63,Moderate,0.0509
LN104113,2024-03-24,24,55700,6.9,722000,72,9.32,640,28.1,0,683000,105.7,0,Business,Salaried,South,1,13129.4,90,1,1,28.97,Moderate,0.0661
LN102360,2024-03-25,29,45100,7.1,321000,24,13.34,637,29.6,0,422000,76.1,2,Home,Salaried,North,2,15312.24,0,0,0,28.14,Moderate,0.0465
LN102597,2024-03-25,40,39200,6.9,375000,48,9.62,747,32.5,0,501000,74.9,2,Education,Salaried,West,0,9442.68,0,0,0,19.44,Low,0.0122
LN101681,2024-03-25,38,73900,10.3,362000,48,11.55,654,60.6,0,604000,59.9,1,Home,Government,North,1,9453.06,0,0,0,30.15,Moderate,0.0675
LN103979,2024-03-25,29,58400,10.1,348000,12,8.75,698,5.0,0,426000,81.7,3,Home,Salaried,East,1,30392.78,10,0,0,18.88,Low,0.0098
LN100946,2024-03-26,24,48700,11.2,225000,48,12.36,631,39.4,1,184000,122.3,3,Personal,Salaried,South,2,5964.96,0,0,0,37.04,Moderate,0.1783
LN101670,2024-03-26,36,73000,12.6,621000,72,10.79,645,27.7,0,693000,89.6,0,Auto,Salaried,Central,0,11753.48,30,1,0,25.35,Moderate,0.0334
LN101590,2024-03-26,28,58600,9.0,115000,24,14.99,725,31.9,0,79000,145.6,4,Home,Salaried,North,0,5575.42,10,0,0,27.56,Moderate,0.0494
LN101297,2024-03-26,35,37700,9.1,641000,36,13.19,699,50.9,0,505000,126.9,2,Auto,Contract,Central,1,21656.53,0,0,0,32.53,Moderate,0.137
LN100332,2024-03-27,39,73500,13.2,784000,36,10.05,628,5.0,0,570000,137.5,2,Personal,Government,East,0,25315.88,0,0,0,26.5,Moderate,0.0466
LN103104,2024-03-27,31,37300,5.9,821000,60,10.69,691,30.8,0,1241000,66.2,0,Education,Salaried,Central,2,17723.87,10,0,0,24.53,Low,0.0246
LN103490,2024-03-27,35,119400,17.8,369000,48,11.39,777,24.9,1,653000,56.5,1,Personal,Contract,South,2,9607.04,0,0,0,19.83,Low,0.0118
LN104458,2024-03-27,24,107400,11.2,1396000,48,10.84,685,26.3,0,1764000,79.1,0,Home,Salaried,South,0,35971.98,0,0,0,21.91,Low,0.0183
LN103567,2024-03-27,48,83700,4.7,796000,72,14.08,720,22.1,0,1029000,77.4,2,Education,Salaried,East,1,16436.29,10,0,0,20.71,Low,0.0143
LN104032,2024-03-28,28,82200,6.9,439000,72,10.9,640,44.0,0,637000,68.9,2,Education,Self-employed,West,1,8333.49,0,0,0,28.47,Moderate,0.067
LN104224,2024-03-28,26,31700,11.4,1077000,72,9.74,702,61.1,0,1402000,76.8,0,Auto,Salaried,South,0,19811.41,0,0,0,27.74,Moderate,0.0483
LN102679,2024-03-28,36,42700,8.8,567000,72,11.69,761,57.2,0,395000,143.5,1,Auto,Salaried,East,0,10993.77,0,0,0,30.5,Moderate,0.0782
LN104096,2024-03-28,43,35500,8.2,742000,60,11.55,675,9.1,1,671000,110.6,1,Education,Salaried,Central,1,16337.15,0,0,0,25.81,Moderate,0.0295
LN104522,2024-03-28,42,102700,3.7,334000,48,10.49,674,47.9,1,312000,107.1,2,Home,Salaried,West,0,8549.92,0,0,0,31.61,Moderate,0.091
LN103318,2024-03-29,48,43700,13.9,597000,60,11.41,714,23.0,1,447000,133.6,2,Business,Salaried,South,0,13102.63,30,0,0,27.16,Moderate,0.0411
LN100810,2024-03-30,36,110400,2.6,640000,36,14.55,683,33.3,2,482000,132.8,1,Home,Salaried,South,1,22045.04,0,0,0,34.45,Moderate,0.1148
LN100941,2024-03-30,46,94100,18.2,363000,36,6.87,598,28.8,1,328000,110.7,0,Home,Salaried,South,1,11186.82,0,0,0,33.84,Moderate,0.1013
LN102893,2024-03-30,40,40000,13.4,692000,48,10.56,725,18.5,0,1111000,62.3,2,Auto,Salaried,West,0,17737.6,0,0,0,16.55,Low,0.0067
LN101720,2024-03-30,43,85400,4.3,387000,24,8.51,755,24.6,0,641000,60.4,1,Personal,Self-employed,West,1,17593.12,0,0,0,17.66,Low,0.0115
LN103067,2024-03-30,38,101400,8.4,1288000,48,9.64,761,41.8,0,1167000,110.4,1,Business,Self-employed,North,1,32444.78,0,0,0,25.78,Moderate,0.0433
LN103098,2024-03-30,37,80100,12.1,497000,36,9.49,658,43.3,0,457000,108.8,2,Personal,Salaried,South,2,15918.05,0,0,0,33.04,Moderate,0.1074
LN100334,2024-03-31,47,44900,5.2,758000,60,12.65,764,36.5,1,1246000,60.8,0,Education,Contract,Central,2,17111.32,5,0,0,23.27,Low,0.0231
LN104074,2024-03-31,34,174300,12.0,1005000,72,10.57,746,41.0,0,1227000,81.9,2,Personal,Salaried,South,1,18908.64,20,0,0,23.56,Low,0.0232
LN102916,2024-03-31,36,57000,8.9,264000,24,12.27,635,34.8,0,424000,62.3,2,Education,Contract,Central,0,12460.71,0,0,0,24.57,Low,0.0429
LN100524,2024-04-01,31,43100,12.5,488000,60,13.92,712,19.5,0,588000,83.0,0,Home,Salaried,West,2,11334.68,0,0,0,22.84,Low,0.0166
LN102796,2024-04-01,43,34200,1.0,1047000,84,9.89,594,66.1,0,1684000,62.2,2,Home,Self-employed,Central,1,17321.99,0,0,0,34.66,Moderate,0.1928
LN102482,2024-04-01,56,49700,6.7,212000,60,14.1,611,32.1,0,237000,89.5,1,Personal,Salaried,South,2,4943.87,0,0,0,31.36,Moderate,0.0906
LN100311,2024-04-01,48,117500,16.1,448000,12,8.67,740,29.4,0,603000,74.3,2,Personal,Self-employed,Central,2,39109.74,5,0,0,22.47,Low,0.0201
LN101109,2024-04-02,55,45900,3.5,1243000,48,13.23,676,23.0,0,1963000,63.3,3,Personal,Government,Central,0,33488.65,5,0,0,20.14,Low,0.017
LN101179,2024-04-02,28,99000,15.2,181000,60,15.16,664,29.5,2,220000,82.3,1,Auto,Salaried,North,1,4321.19,5,0,0,29.64,Moderate,0.0438
LN100481,2024-04-02,29,80700,11.9,345000,48,11.57,662,39.0,1,314000,109.9,3,Personal,Salaried,North,1,9012.51,0,0,0,32.41,Moderate,0.094
LN103352,2024-04-02,42,79900,4.1,505000,36,13.52,705,9.2,0,695000,72.7,3,Personal,Government,East,0,17142.21,15,0,0,16.79,Low,0.0093
LN104951,2024-04-02,49,72500,12.9,385000,72,11.31,779,38.1,1,662000,58.2,1,Home,Self-employed,Central,2,7389.4,0,0,0,22.53,Low,0.0158
LN103850,2024-04-02,33,159400,1.7,226000,72,8.04,601,30.4,0,249000,90.8,2,Home,Salaried,North,1,4038.13,0,0,0,30.01,Moderate,0.0782
LN103539,2024-04-02,37,88600,14.8,2676000,72,11.9,592,26.4,1,2181000,122.7,1,Personal,Self-employed,West,1,52177.26,0,0,0,34.88,Moderate,0.1681
LN104558,2024-04-02,33,49300,12.7,514000,48,12.58,811,50.0,1,705000,72.9,0,Personal,Salaried,South,0,13682.43,0,0,0,21.35,Low,0.0144
LN101809,2024-04-02,46,34700,5.2,230000,60,6.5,684,41.7,2,192000,119.8,1,Home,Salaried,South,1,4500.21,0,0,0,34.77,Moderate,0.1159
LN103741,2024-04-02,43,134800,5.5,212000,72,11.93,631,37.0,0,294000,72.1,1,Home,Contract,East,1,4156.33,0,0,0,27.87,Moderate,0.0705
LN100578,2024-04-03,25,34000,17.5,251000,72,10.29,668,39.5,0,390000,64.4,2,Home,Salaried,West,1,4686.78,0,0,0,25.64,Moderate,0.0284
LN104006,2024-04-03,21,59000,16.4,203000,60,6.5,684,24.3,0,212000,95.8,2,Education,Salaried,South,0,3971.93,15,0,0,23.23,Low,0.0214
LN103751,2024-04-03,41,84300,11.4,1228000,60,11.76,662,24.2,0,1851000,66.3,2,Auto,Self-employed,Central,1,27167.48,0,0,0,23.09,Low,0.0251
LN102774,2024-04-03,34,96200,9.0,229000,60,14.35,663,5.0,0,255000,89.8,2,Auto,Contract,South,1,5370.07,90,1,1,21.55,Low,0.0229
LN104116,2024-04-03,36,141000,19.2,603000,36,11.72,702,46.1,0,958000,62.9,0,Auto,Contract,West,3,19947.68,0,0,0,28.35,Moderate,0.0482
LN101763,2024-04-04,24,144700,17.5,198000,48,15.45,636,49.5,1,200000,99.0,1,Education,Salaried,South,1,5968.88,5,0,0,34.8,Moderate,0.1153
LN101405,2024-04-04,31,123500,4.9,132000,24,12.27,689,27.5,0,129000,102.3,2,Education,Salaried,Central,3,6230.36,0,0,0,29.25,Moderate,0.0507
LN103702,2024-04-05,30,32500,18.5,1119000,72,11.45,684,26.2,0,1015000,110.2,3,Business,Salaried,South,0,21557.94,5,0,0,25.05,Moderate,0.0315
LN101487,2024-04-05,22,33100,10.6,467000,72,13.64,733,51.2,2,827000,56.5,0,Personal,Salaried,West,1,9533.09,0,0,0,27.75,Moderate,0.0359
LN101813,2024-04-05,46,23600,11.1,833000,72,12.08,688,35.6,0,1029000,81.0,0,Auto,Government,Central,3,16319.99,0,0,0,28.8,Moderate,0.0426
LN100544,2024-04-07,21,54500,13.6,562000,84,8.63,749,29.9,0,542000,103.7,2,Personal,Salaried,North,2,8936.89,5,0,0,25.03,Moderate,0.0263
LN101199,2024-04-07,50,54700,7.6,369000,60,13.93,726,17.6,0,383000,96.3,1,Personal,Self-employed,East,0,8572.6,5,0,0,19.71,Low,0.0181
LN100031,2024-04-07,55,118700,10.3,308000,24,10.6,631,33.0,0,365000,84.4,2,Auto,Contract,South,1,14298.08,0,0,0,28.3,Moderate,0.0711
LN103107,2024-04-07,43,96300,7.5,295000,48,11.03,695,38.4,0,397000,74.3,1,Auto,Government,West,1,7628.73,90,1,1,24.98,Low,0.029
LN103000,2024-04-07,21,64000,10.3,188000,72,9.06,730,29.3,1,158000,119.0,0,Personal,Salaried,North,0,3394.4,0,0,0,26.11,Moderate,0.0364
LN102996,2024-04-07,40,76000,6.7,184000,36,8.07,759,51.7,0,238000,77.3,1,Personal,Salaried,Central,1,5771.83,0,0,0,24.55,Low,0.0293
LN100087,2024-04-07,41,82800,15.5,341000,48,11.5,677,45.6,2,480000,71.0,1,Personal,Self-employed,Central,2,8896.35,0,0,0,32.71,Moderate,0.088
LN100431,2024-04-08,21,48300,8.4,1079000,84,10.12,808,30.9,0,1276000,84.6,2,Personal,Government,East,0,17979.65,0,0,0,16.86,Low,0.0082
LN100677,2024-04-08,54,124000,9.6,303000,12,9.54,587,11.8,1,218000,139.0,1,Auto,Contract,North,0,26573.73,0,0,0,32.18,Moderate,0.1348
LN101336,2024-04-08,32,90600,16.1,293000,60,11.02,703,50.3,0,342000,85.7,2,Auto,Salaried,West,1,6373.45,0,0,0,28.08,Moderate,0.0432
LN103762,2024-04-08,31,36800,24.0,1263000,84,10.82,704,35.5,0,1708000,73.9,0,Auto,Salaried,East,2,21506.29,10,0,0,25.55,Moderate,0.0224
LN104038,2024-04-08,38,94200,10.4,517000,36,14.22,667,36.8,0,420000,123.1,2,Business,Salaried,North,1,17725.13,15,0,0,31.02,Moderate,0.0869
LN104439,2024-04-09,43,61800,2.2,1753000,36,10.12,757,5.0,1,2219000,79.0,3,Business,Government,West,2,56663.19,0,0,0,19.16,Low,0.0094
LN100216,2024-04-09,31,74700,14.6,549000,36,12.92,744,43.6,0,578000,95.0,0,Business,Contract,South,3,18476.83,0,0,0,28.83,Moderate,0.0605
LN102852,2024-04-09,28,77300,1.7,444000,36,8.59,736,27.1,0,653000,68.0,0,Auto,Salaried,East,1,14034.51,0,0,0,19.92,Low,0.0128
LN100148,2024-04-09,43,93000,6.3,686000,48,8.04,656,56.3,0,1050000,65.3,2,Home,Self-employed,East,1,16760.15,0,0,0,29.73,Moderate,0.0818
LN101504,2024-04-09,36,108400,7.4,197000,48,11.57,702,11.7,0,327000,60.2,0,Business,Government,West,0,5146.27,0,0,0,16.2,Low,0.0078
LN102409,2024-04-09,28,114500,7.5,561000,60,13.73,668,38.3,0,684000,82.0,2,Auto,Self-employed,Central,0,12975.09,0,0,0,25.5,Moderate,0.0445
LN102953,2024-04-09,52,33400,20.6,459000,48,9.56,738,42.8,2,379000,121.1,1,Education,Salaried,Central,1,11544.68,15,0,0,32.27,Moderate,0.0606
LN104854,2024-04-09,49,49500,13.6,237000,36,12.61,638,55.3,0,250000,94.8,1,Auto,Self-employed,South,4,7941.02,0,0,0,38.43,Moderate,0.2121
LN100262,2024-04-10,21,74100,15.1,87000,60,9.85,652,43.5,0,66000,131.8,1,Auto,Government,Central,3,2686.12,0,0,0,37.36,Moderate,0.165
LN100293,2024-04-10,46,41800,2.4,415000,36,9.35,704,22.0,1,306000,135.6,2,Auto,Government,South,2,13264.59,0,0,0,31.02,Moderate,0.0682
LN100153,2024-04-10,40,50400,15.4,165000,48,6.64,672,48.4,1,261000,63.2,0,Home,Self-employed,Central,1,3923.63,10,0,0,29.09,Moderate,0.0558
LN101570,2024-04-10,45,61000,4.0,388000,24,11.44,763,39.4,0,698000,55.6,4,Auto,Salaried,West,1,18163.2,0,0,0,19.71,Low,0.0117
LN103122,2024-04-10,42,79500,4.2,121000,72,10.8,627,36.5,0,87000,139.1,0,Personal,Salaried,South,0,2418.12,0,0,0,33.02,Moderate,0.1491
LN103746,2024-04-10,21,62000,8.3,543000,48,14.54,676,45.8,0,632000,85.9,2,Personal,Salaried,Central,0,14985.78,15,0,0,26.96,Moderate,0.0509
LN104429,2024-04-11,34,172000,5.0,540000,36,11.24,729,34.4,0,798000,67.7,2,Home,Government,North,1,17740.34,0,0,0,21.72,Low,0.0168
LN100066,2024-04-11,37,66000,11.9,1267000,60,9.91,696,53.6,0,1830000,69.2,2,Business,Salaried,West,3,26863.93,0,0,0,30.79,Moderate,0.0638
LN101516,2024-04-11,52,146500,6.2,798000,72,9.43,640,19.9,0,1190000,67.1,2,Personal,Self-employed,Central,0,14555.27,0,0,0,21.81,Low,0.0277
LN100189,2024-04-11,24,149200,1.7,102000,36,10.29,737,30.9,1,99000,103.0,0,Personal,Salaried,Central,1,3841.9,0,0,0,26.13,Moderate,0.0366
LN100628,2024-04-12,39,44000,3.5,298000,60,13.17,708,27.7,0,298000,100.0,2,Personal,Government,East,3,6806.38,90,1,1,28.06,Moderate,0.0468
LN104727,2024-04-12,34,33600,2.5,309000,60,13.67,672,53.9,1,239000,129.3,0,Personal,Government,West,1,7137.13,0,0,0,36.8,Moderate,0.2053
LN102517,2024-04-12,21,57700,5.8,463000,84,11.22,792,42.7,0,786000,58.9,1,Home,Salaried,Central,0,7981.35,5,0,0,17.5,Low,0.0085
LN100535,2024-04-14,38,215900,10.0,585000,36,10.17,693,25.5,0,1043000,56.1,0,Education,Salaried,North,1,18923.03,0,0,0,20.69,Low,0.0133
LN104069,2024-04-14,47,92000,11.9,387000,12,9.27,582,45.7,0,402000,96.3,2,Home,Salaried,East,3,33892.2,0,0,0,37.96,Moderate,0.1922
LN104067,2024-04-14,41,85600,6.6,395000,48,10.35,712,15.6,1,339000,116.5,1,Auto,Salaried,West,1,10084.74,30,0,0,25.74,Moderate,0.0291
LN100403,2024-04-14,38,67900,2.7,450000,12,9.19,693,41.1,0,470000,95.7,1,Auto,Salaried,West,2,39392.82,10,0,0,29.44,Moderate,0.0596
LN102640,2024-04-15,54,24100,5.2,429000,84,9.64,755,28.4,1,739000,58.1,0,Education,Salaried,East,1,7042.36,0,0,0,20.19,Low,0.0108
LN103411,2024-04-15,34,105400,8.0,469000,60,13.9,665,45.5,0,529000,88.7,4,Home,Salaried,West,3,10888.51,0,0,0,32.76,Moderate,0.087
LN103574,2024-04-15,27,60600,26.7,126000,72,6.5,651,42.6,0,111000,113.5,3,Auto,Salaried,South,1,2151.3,0,0,0,32.07,Moderate,0.0754
LN102142,2024-04-15,40,66100,13.7,623000,84,8.99,673,17.2,0,1071000,58.2,2,Personal,Contract,West,3,10020.33,0,0,0,23.63,Low,0.027
LN103297,2024-04-15,29,77900,15.5,1679000,48,11.4,743,24.5,1,2762000,60.8,4,Auto,Salaried,Central,1,43721.5,5,0,0,20.31,Low,0.0096
LN103695,2024-04-15,35,100400,3.6,186000,12,14.89,776,32.6,0,148000,125.7,3,Personal,Self-employed,East,2,16778.39,0,0,0,26.34,Moderate,0.0465
LN103543,2024-04-15,28,64700,3.1,832000,84,6.5,748,28.8,2,690000,120.6,3,Home,Salaried,South,2,12354.73,0,0,0,30.55,Moderate,0.0523
LN104423,2024-04-15,47,68700,15.4,2249000,72,13.31,668,10.5,1,2733000,82.3,2,Auto,Government,East,2,45515.46,0,0,0,25.3,Moderate,0.0216
LN102198,2024-04-16,32,152400,2.9,218000,60,6.5,617,37.5,1,377000,57.8,5,Business,Salaried,East,0,4762.5,0,0,0,27.62,Moderate,0.0536
LN101206,2024-04-16,32,53700,9.6,326000,12,14.72,693,35.0,0,258000,126.4,1,Business,Salaried,Central,1,29381.15,0,0,0,29.62,Moderate,0.0689
LN103986,2024-04-16,43,46900,15.1,259000,36,12.53,702,32.7,1,257000,100.8,3,Personal,Salaried,East,0,8668.22,0,0,0,26.46,Moderate,0.0363
LN104041,2024-04-16,45,74900,5.5,340000,48,12.92,664,22.0,0,562000,60.5,1,Auto,Salaried,West,1,9107.85,120,1,1,21.96,Low,0.0181
LN101298,2024-04-16,40,55000,7.8,448000,72,12.14,707,42.8,0,765000,58.6,4,Education,Contract,South,2,8791.14,0,0,0,25.32,Moderate,0.0379
LN103705,2024-04-17,41,89400,9.3,486000,60,14.19,652,22.6,1,385000,126.2,0,Home,Salaried,West,2,11356.3,0,0,0,32.96,Moderate,0.0873
LN104959,2024-04-17,43,79700,4.9,322000,36,12.0,696,46.2,0,281000,114.6,0,Personal,Salaried,West,0,10695.01,0,0,0,28.85,Moderate,0.0729
LN102901,2024-04-17,34,37900,7.1,869000,60,13.09,695,42.6,0,1435000,60.6,1,Auto,Contract,East,0,19812.48,20,0,0,22.79,Low,0.0312
LN104295,2024-04-18,24,40300,3.9,840000,60,6.5,762,23.8,0,1120000,75.0,1,Personal,Government,North,3,16435.56,10,0,0,21.92,Low,0.0156
LN103524,2024-04-18,33,28100,2.6,751000,72,14.19,756,5.0,1,606000,123.9,0,Business,Salaried,Central,2,15551.42,180,1,1,23.7,Low,0.021
LN101195,2024-04-18,42,60500,6.1,570000,36,12.71,730,39.7,1,796000,71.6,0,Education,Self-employed,North,2,19126.03,0,0,0,26.79,Moderate,0.0376
LN100581,2024-04-18,34,106200,24.0,260000,84,16.98,642,13.1,0,282000,92.2,1,Home,Salaried,Central,1,5310.3,0,0,0,24.52,Low,0.0221
LN103897,2024-04-18,44,75200,6.7,256000,60,15.06,583,48.4,1,380000,67.4,2,Home,Government,South,2,6098.29,15,0,0,35.89,Moderate,0.1451
LN104249,2024-04-18,37,29100,6.3,559000,84,9.3,619,21.5,0,861000,64.9,3,Business,Salaried,West,1,9079.13,0,0,0,24.69,Low,0.0325
LN101393,2024-04-18,39,47200,23.4,584000,36,12.17,707,49.7,0,942000,62.0,2,Education,Contract,Central,1,19444.61,0,0,0,25.38,Moderate,0.034
LN103246,2024-04-18,42,65600,3.2,408000,60,13.46,779,67.3,0,354000,115.3,2,Business,Salaried,East,0,9379.61,0,0,0,28.75,Moderate,0.068
LN103941,2024-04-19,49,157300,11.0,622000,72,10.41,618,14.2,1,719000,86.5,0,Auto,Salaried,Central,2,11652.09,5,0,0,29.11,Moderate,0.0456
LN104772,2024-04-19,44,32800,6.2,396000,84,9.0,697,62.0,2,386000,102.6,0,Business,Salaried,West,1,6371.27,0,0,0,36.43,Moderate,0.1576
LN100786,2024-04-19,46,61700,8.2,243000,48,11.96,746,45.9,0,355000,68.5,1,Auto,Salaried,South,0,6394.35,0,0,0,21.54,Low,0.0171
LN100033,2024-04-19,28,84200,2.8,243000,72,10.93,657,27.5,1,241000,100.8,3,Auto,Government,West,0,4616.57,0,0,0,27.8,Moderate,0.05
LN100347,2024-04-19,25,22600,5.0,454000,72,11.18,641,32.5,2,805000,56.4,2,Home,Salaried,West,2,8683.39,0,0,0,30.54,Moderate,0.053
LN101148,2024-04-19,52,32000,17.7,416000,60,12.02,759,35.7,1,687000,60.6,1,Home,Government,North,5,9257.9,0,0,0,28.35,Moderate,0.0235
LN103169,2024-04-19,34,61600,13.2,449000,36,11.3,717,36.3,0,517000,86.8,1,Education,Salaried,East,1,14763.56,0,0,0,24.65,Low,0.025
LN101747,2024-04-19,43,83400,10.8,208000,12,12.02,720,38.2,0,259000,80.3,3,Home,Self-employed,North,1,18482.49,0,0,0,24.22,Low,0.0296
LN100657,2024-04-19,38,63600,5.3,509000,48,10.3,672,46.3,0,596000,85.4,2,Education,Salaried,East,1,12983.01,0,0,0,28.89,Moderate,0.0589
LN103355,2024-04-20,37,102800,2.2,136000,60,10.03,768,52.8,1,208000,65.4,1,Home,Salaried,East,3,4523.2,5,0,0,28.44,Moderate,0.037
LN101750,2024-04-20,21,99800,9.3,307000,84,9.27,752,17.5,1,301000,102.0,1,Home,Salaried,South,2,4981.52,10,0,0,24.22,Low,0.0187
LN104932,2024-04-20,52,89100,11.0,531000,36,7.26,712,29.1,0,759000,70.0,2,Auto,Salaried,North,3,16458.94,0,0,0,25.13,Moderate,0.0224
LN100446,2024-04-21,41,34000,5.0,403000,72,11.83,647,26.2,0,450000,89.6,2,Auto,Salaried,West,1,7843.15,0,0,0,26.61,Moderate,0.0413
LN104403,2024-04-21,41,58800,5.8,827000,60,9.44,733,40.6,0,1206000,68.6,4,Personal,Salaried,North,2,17344.3,0,0,0,24.51,Low,0.0268
LN101914,2024-04-21,22,108600,2.5,363000,36,11.78,730,24.3,0,471000,77.1,0,Education,Self-employed,Central,0,12018.69,0,0,0,18.92,Low,0.0149
LN100358,2024-04-21,41,27300,22.0,683000,60,8.02,713,36.3,0,618000,110.5,1,Personal,Self-employed,South,1,13855.32,10,0,0,27.23,Moderate,0.0479
LN101021,2024-04-21,33,78700,15.7,157000,60,8.73,553,36.1,0,113000,138.9,5,Business,Self-employed,South,5,3238.53,90,1,1,45.17,Moderate,0.4771
LN104971,2024-04-21,37,91000,5.7,638000,60,14.21,723,33.3,2,493000,129.4,2,Business,Salaried,Central,1,14914.7,0,0,0,31.99,Moderate,0.0794
LN101832,2024-04-22,47,37400,10.3,442000,84,14.4,702,48.0,1,576000,76.7,2,Business,Government,North,0,8381.06,0,0,0,27.11,Moderate,0.0421
LN104765,2024-04-22,40,56200,3.6,255000,84,11.77,748,53.9,1,200000,127.5,3,Education,Salaried,Central,2,4470.14,0,0,0,34.26,Moderate,0.1089
LN102156,2024-04-22,35,113900,13.3,974000,60,10.01,748,7.5,1,1170000,83.2,0,Personal,Salaried,Central,3,20699.41,0,0,0,22.22,Low,0.0125
LN100545,2024-04-22,31,29100,9.0,609000,72,11.02,711,50.7,0,887000,68.7,2,Personal,Salaried,West,0,11597.99,0,0,0,24.37,Low,0.0316
LN103427,2024-04-22,50,42100,3.6,1889000,24,15.41,724,36.2,1,1442000,131.0,1,Education,Salaried,South,1,91959.68,0,0,0,30.68,Moderate,0.0692
LN102705,2024-04-22,47,56300,7.8,616000,48,9.21,661,27.9,0,905000,68.1,1,Business,Salaried,Central,0,15390.68,15,0,0,22.4,Low,0.0233
LN104701,2024-04-23,25,80500,9.5,500000,72,6.84,643,43.9,0,591000,84.6,1,Personal,Salaried,West,3,8486.14,0,0,0,33.2,Moderate,0.1031
LN103100,2024-04-23,32,20600,3.5,394000,24,14.43,661,25.4,1,671000,58.7,4,Home,Salaried,West,1,18997.21,0,0,0,24.62,Low,0.0254
LN100131,2024-04-23,39,97500,10.8,205000,84,11.52,745,18.8,0,205000,100.0,2,Education,Salaried,Central,0,3566.4,0,0,0,19.32,Low,0.0114
LN102110,2024-04-24,33,40600,3.1,499000,36,10.65,751,51.6,0,529000,94.3,1,Home,Self-employed,East,4,16254.04,0,0,0,31.66,Moderate,0.0814
LN100006,2024-04-24,52,107500,13.4,663000,48,14.39,719,21.5,1,606000,109.4,1,Auto,Salaried,North,1,18247.43,0,0,0,25.84,Moderate,0.0266
LN100057,2024-04-24,35,65600,5.1,922000,48,6.9,682,21.1,0,701000,131.5,1,Personal,Salaried,South,0,22035.69,0,0,0,26.26,Moderate,0.0483
LN100454,2024-04-24,33,103800,6.7,89000,84,12.31,667,22.4,0,64000,139.1,0,Personal,Salaried,West,0,1937.6,0,0,0,28.08,Moderate,0.0646
LN104681,2024-04-24,33,33400,6.0,525000,72,15.02,758,35.2,1,730000,71.9,3,Home,Self-employed,South,1,11106.83,0,0,0,22.77,Low,0.0208
LN100853,2024-04-25,49,40600,8.9,705000,72,11.51,692,50.0,0,1099000,64.1,2,Auto,Salaried,West,2,13603.9,0,0,0,28.11,Moderate,0.0431
LN104948,2024-04-25,35,59100,5.0,473000,48,14.81,659,43.4,0,330000,143.3,2,Home,Salaried,North,0,13118.43,10,0,0,33.12,Moderate,0.1328
LN103875,2024-04-25,49,55400,7.8,133000,48,15.17,827,40.1,1,187000,71.1,2,Personal,Self-employed,South,3,3712.96,0,0,0,23.35,Low,0.0192
LN101544,2024-04-25,33,67600,4.1,106000,48,6.5,685,31.9,0,172000,61.6,2,Auto,Salaried,South,2,2513.79,0,0,0,24.61,Low,0.0257
LN102750,2024-04-26,54,65700,4.9,489000,60,9.03,714,5.0,0,825000,59.3,2,Personal,Salaried,West,2,10157.96,20,0,0,17.46,Low,0.0082
LN103838,2024-04-26,29,128500,7.1,764000,36,12.54,612,44.2,0,593000,128.8,1,Business,Salaried,West,2,25573.23,0,0,0,37.65,Moderate,0.2295
LN104659,2024-04-26,31,69400,2.2,724000,24,9.9,631,25.2,0,1274000,56.8,2,Education,Government,Central,1,33375.52,0,0,0,23.98,Low,0.0274
LN101440,2024-04-26,44,26100,15.8,631000,36,8.28,604,36.5,0,824000,76.6,0,Education,Salaried,Central,2,19854.85,0,0,0,31.32,Moderate,0.071
LN103638,2024-04-26,37,83000,4.7,140000,36,15.37,662,32.5,1,217000,64.5,0,Personal,Government,West,0,4878.55,15,0,0,24.9,Low,0.0329
LN103600,2024-04-26,31,54100,8.4,271000,60,12.18,685,29.4,0,261000,103.8,3,Home,Salaried,North,0,6052.92,0,0,0,25.0,Low,0.0327
LN104525,2024-04-27,48,43900,7.6,467000,72,17.01,687,43.7,1,626000,74.6,2,Personal,Salaried,East,2,10391.55,0,0,0,30.16,Moderate,0.0606
LN100708,2024-04-27,21,44800,8.1,2088000,60,14.84,717,60.4,1,2882000,72.4,2,Personal,Salaried,South,1,49498.18,0,0,0,30.03,Moderate,0.0639
LN100504,2024-04-27,32,51500,11.0,1190000,60,10.63,730,44.2,0,2012000,59.1,1,Home,Government,South,0,25654.44,30,0,0,21.1,Low,0.0153
LN104839,2024-04-28,32,36100,1.0,236000,60,9.76,792,23.4,0,424000,55.7,0,Personal,Salaried,North,0,4986.48,0,0,0,13.32,Low,0.005
LN104564,2024-04-28,45,81500,6.8,306000,36,13.18,822,25.5,0,351000,87.2,2,Business,Salaried,West,3,10336.9,0,0,0,20.3,Low,0.0107
LN102117,2024-04-28,29,54500,8.7,243000,36,11.33,645,47.8,3,364000,66.8,2,Home,Contract,South,0,7993.54,0,0,0,33.09,Moderate,0.1125
LN100505,2024-04-28,34,97400,7.8,372000,48,7.23,738,53.7,0,264000,140.9,2,Home,Salaried,West,2,8947.75,45,1,0,34.09,Moderate,0.116
LN101777,2024-04-28,38,75900,8.6,687000,36,10.5,655,32.6,1,512000,134.2,2,Personal,Salaried,North,0,22329.18,0,0,0,32.26,Moderate,0.1079
LN104734,2024-04-28,41,124700,2.4,311000,72,9.38,621,47.3,0,422000,73.7,0,Personal,Government,North,0,5664.78,0,0,0,28.95,Moderate,0.0792
LN101571,2024-04-28,27,34500,5.4,483000,48,14.4,718,5.9,0,855000,56.5,3,Business,Self-employed,East,0,13295.81,0,0,0,13.82,Low,0.0065
LN104339,2024-04-28,35,65700,5.6,277000,12,10.68,665,19.9,0,433000,64.0,2,Home,Salaried,West,1,24440.39,0,0,0,21.84,Low,0.0177
LN103038,2024-04-28,29,62400,4.3,360000,48,8.8,735,40.2,1,568000,63.4,1,Home,Self-employed,North,1,8924.47,0,0,0,24.13,Low,0.0272
LN102188,2024-04-28,34,56700,6.5,1149000,60,11.89,693,36.6,0,2065000,55.6,1,Auto,Government,North,1,25495.05,0,0,0,22.86,Low,0.0203
LN103752,2024-04-28,49,87500,4.9,1596000,72,12.05,773,32.8,0,2542000,62.8,1,Home,Salaried,North,1,31243.62,0,0,0,18.58,Low,0.0094
LN103971,2024-04-28,28,132200,23.3,1006000,84,11.89,664,31.7,0,664000,151.5,2,Personal,Self-employed,North,1,17699.52,0,0,0,32.85,Moderate,0.1253
LN102404,2024-04-29,53,44900,3.7,257000,72,12.17,713,36.5,0,266000,96.6,2,Personal,Salaried,Central,1,5047.15,180,1,1,25.88,Moderate,0.04
LN100115,2024-04-29,41,83400,11.7,2614000,48,8.97,674,40.8,0,3870000,67.5,1,Personal,Salaried,Central,1,65012.27,0,0,0,25.89,Moderate,0.0362
LN102291,2024-04-29,47,47800,9.0,338000,36,10.78,658,27.3,2,348000,97.1,3,Business,Self-employed,West,3,11030.51,5,0,0,34.33,Moderate,0.1129
LN102976,2024-04-29,49,40500,7.5,829000,60,10.32,825,57.3,2,577000,143.7,3,Business,Salaried,Central,0,17744.61,0,0,0,31.15,Moderate,0.0704
LN101702,2024-04-30,44,22400,6.1,268000,72,12.02,662,30.8,1,260000,103.1,1,Personal,Salaried,East,3,5242.24,0,0,0,33.42,Moderate,0.0973
LN103488,2024-04-30,30,85500,7.1,568000,48,6.78,741,27.9,0,629000,90.3,3,Home,Salaried,East,0,13543.57,20,0,0,20.38,Low,0.0144
LN102229,2024-04-30,47,89300,9.5,602000,60,10.72,731,61.5,2,794000,75.8,0,Home,Salaried,West,1,13005.03,0,0,0,31.85,Moderate,0.065
LN104269,2024-04-30,46,52800,5.0,571000,60,9.3,848,39.0,0,884000,64.6,2,Auto,Salaried,West,0,11936.33,5,0,0,14.37,Low,0.0048
LN104364,2024-04-30,33,110800,9.5,309000,72,10.29,682,22.9,1,404000,76.5,1,Business,Contract,South,1,5769.78,30,0,0,24.79,Low,0.0368
LN102486,2024-05-01,35,117200,13.5,224000,60,12.34,674,23.9,1,185000,121.1,1,Auto,Salaried,West,1,5021.33,0,0,0,29.87,Moderate,0.0544
LN101805,2024-05-01,24,61200,6.1,1066000,72,10.66,730,50.8,1,1306000,81.6,0,Home,Salaried,Central,3,20105.18,0,0,0,31.67,Moderate,0.0621
LN103340,2024-05-01,44,67800,4.2,555000,36,14.25,586,41.1,0,689000,80.6,1,Business,Salaried,East,0,19036.04,15,0,0,30.26,Moderate,0.0959
LN104752,2024-05-01,36,38800,9.5,391000,36,13.77,696,50.7,1,463000,84.4,3,Personal,Salaried,North,0,13319.82,5,0,0,28.73,Moderate,0.0574
LN100514,2024-05-01,33,115400,20.9,781000,24,10.05,700,5.0,0,1312000,59.5,0,Auto,Contract,Central,1,36057.21,30,0,0,16.56,Low,0.0078
LN101110,2024-05-02,36,107100,7.5,330000,36,10.02,704,47.6,1,567000,58.2,1,Auto,Salaried,Central,0,10651.27,15,0,0,25.07,Moderate,0.028
LN101909,2024-05-02,39,42400,9.0,1115000,72,10.87,801,21.4,0,1691000,65.9,2,Home,Self-employed,North,1,21148.83,0,0,0,15.13,Low,0.0059
LN100921,2024-05-02,29,70200,4.8,522000,72,10.42,655,9.4,1,500000,104.4,1,Home,Salaried,East,1,9781.41,0,0,0,26.31,Moderate,0.0341
LN103793,2024-05-03,36,56900,3.9,519000,36,12.43,710,50.4,0,610000,85.1,1,Education,Salaried,West,2,17345.01,10,0,0,29.34,Moderate,0.0566
LN104446,2024-05-03,30,44300,6.1,319000,60,11.71,679,67.3,0,444000,71.8,1,Education,Salaried,Central,1,7049.32,0,0,0,31.36,Moderate,0.086
LN103748,2024-05-03,51,25400,14.3,235000,36,10.07,784,22.8,1,380000,61.8,0,Business,Contract,West,0,7590.51,5,0,0,16.23,Low,0.0081
LN104233,2024-05-03,43,61000,12.1,626000,36,8.77,642,26.9,1,485000,129.1,1,Personal,Salaried,North,1,19839.69,0,0,0,32.97,Moderate,0.1047
LN101094,2024-05-03,45,67300,9.0,1396000,48,9.58,664,77.4,0,1749000,79.8,1,Home,Government,East,0,35125.25,0,0,0,33.31,Moderate,0.1257
LN103566,2024-05-03,40,117300,4.7,1241000,72,10.57,738,36.4,0,2023000,61.3,1,Business,Government,South,0,23348.88,0,0,0,19.34,Low,0.0136
LN100142,2024-05-04,24,106800,11.3,365000,36,11.4,785,31.5,1,482000,75.7,1,Personal,Government,East,2,12018.89,10,0,0,22.64,Low,0.015
LN104367,2024-05-04,38,123400,4.1,452000,60,13.77,613,20.6,1,309000,146.3,1,Business,Salaried,West,0,10463.43,10,0,0,33.3,Moderate,0.1362
LN100323,2024-05-04,57,71900,12.8,383000,48,11.57,721,56.8,1,527000,72.7,0,Personal,Self-employed,West,0,10005.19,0,0,0,27.46,Moderate,0.0534
LN100090,2024-05-05,39,27100,18.0,209000,84,12.71,656,41.0,1,242000,86.4,1,Home,Contract,West,1,3769.25,15,0,0,30.78,Moderate,0.0817
LN102689,2024-05-05,44,59200,7.4,170000,72,9.89,595,35.6,0,242000,70.2,0,Home,Government,West,5,3139.97,0,0,0,35.97,Moderate,0.1233
LN103040,2024-05-05,43,59000,14.7,657000,12,14.59,693,58.1,0,876000,75.0,1,Personal,Salaried,East,0,59172.68,0,0,0,27.43,Moderate,0.0494
LN100821,2024-05-05,51,73900,5.4,439000,48,9.33,625,23.4,1,664000,66.1,0,Education,Self-employed,Central,3,10993.45,0,0,0,30.2,Moderate,0.0646
LN101069,2024-05-05,41,51200,12.5,1487000,60,10.19,614,16.2,0,2234000,66.6,1,Education,Salaried,Central,3,31733.55,0,0,0,27.39,Moderate,0.0345
LN102068,2024-05-06,51,140500,7.7,297000,60,8.88,752,33.9,0,408000,72.8,5,Education,Government,West,2,6147.95,0,0,0,22.58,Low,0.0165
LN102885,2024-05-06,34,81700,10.2,618000,24,17.02,715,23.1,0,779000,79.3,2,Home,Contract,East,2,30561.26,0,0,0,23.03,Low,0.0249
LN101402,2024-05-07,49,54500,12.0,274000,36,10.03,779,43.1,0,444000,61.7,1,Home,Contract,West,0,8845.07,0,0,0,18.55,Low,0.0132
LN103052,2024-05-07,35,53000,8.0,384000,60,16.04,706,41.3,0,560000,68.6,2,Auto,Self-employed,South,2,9346.3,0,0,0,26.08,Moderate,0.0381
LN101976,2024-05-07,48,75800,18.0,575000,72,9.0,645,22.1,0,665000,86.5,2,Home,Contract,South,2,10364.68,10,0,0,27.26,Moderate,0.0479
LN102504,2024-05-07,28,47200,8.7,521000,60,10.35,700,8.7,1,561000,92.9,3,Auto,Salaried,West,3,11159.65,0,0,0,25.97,Moderate,0.0236
LN104518,2024-05-08,41,59000,11.2,286000,72,10.67,663,45.6,0,475000,60.2,1,Auto,Government,South,1,5395.53,0,0,0,26.71,Moderate,0.0374
LN103076,2024-05-08,45,62500,7.0,407000,60,12.29,726,54.7,0,606000,67.2,0,Auto,Salaried,South,2,9113.25,15,0,0,27.56,Moderate,0.0395
LN100484,2024-05-08,31,20700,1.7,298000,48,8.38,729,38.8,0,503000,59.2,1,Auto,Salaried,North,2,7328.32,0,0,0,23.42,Low,0.021
LN100530,2024-05-08,44,120900,8.7,89000,72,9.31,703,29.7,0,138000,64.5,1,Personal,Salaried,North,2,2992.27,0,0,0,23.51,Low,0.0221
LN101918,2024-05-08,36,150600,23.4,1090000,36,10.88,625,41.4,0,1092000,99.8,1,Personal,Self-employed,North,2,35623.29,0,0,0,33.51,Moderate,0.1229
LN102632,2024-05-08,40,103300,2.6,237000,24,11.69,650,22.5,1,415000,57.1,2,Home,Salaried,South,0,11122.13,0,0,0,22.8,Low,0.0212
LN101843,2024-05-09,39,43200,7.9,730000,60,9.89,765,53.1,1,1209000,60.4,4,Personal,Self-employed,North,0,15470.86,5,0,0,23.16,Low,0.0268
LN100104,2024-05-09,37,78800,6.8,696000,12,12.97,711,8.1,0,780000,89.2,4,Home,Government,Central,2,62155.03,0,0,0,21.23,Low,0.0137
LN101476,2024-05-09,37,106900,7.7,203000,72,12.22,758,41.0,2,139000,146.0,1,Auto,Salaried,West,0,3991.95,0,0,0,31.67,Moderate,0.0729
LN100730,2024-05-09,40,60600,4.5,1042000,36,11.11,704,23.3,0,1788000,58.3,1,Home,Salaried,East,2,34168.05,0,0,0,21.55,Low,0.0149
LN104174,2024-05-09,36,110500,12.7,579000,60,13.97,699,37.1,1,972000,59.6,1,Personal,Salaried,North,0,13463.31,5,0,0,23.37,Low,0.0219
LN104418,2024-05-09,35,68500,7.1,297000,36,13.17,736,30.6,1,229000,129.7,1,Home,Salaried,Central,2,10031.44,5,0,0,30.46,Moderate,0.0567
LN100713,2024-05-09,42,78700,4.7,581000,36,15.49,653,43.3,0,443000,131.2,2,Personal,Contract,Central,5,20280.25,10,0,0,40.54,Moderate,0.34
LN104264,2024-05-10,37,41500,11.7,599000,12,9.82,718,19.3,0,481000,124.5,1,Business,Salaried,East,3,52611.48,0,0,0,28.3,Moderate,0.0427
LN100250,2024-05-10,27,40900,29.1,271000,72,14.08,745,46.8,1,418000,64.8,3,Home,Salaried,West,0,5595.77,0,0,0,23.4,Low,0.0149
LN102312,2024-05-10,40,72400,16.8,381000,24,12.16,598,22.5,0,496000,76.8,3,Auto,Salaried,South,1,17963.47,0,0,0,27.19,Moderate,0.0395
LN101627,2024-05-11,50,130700,4.1,158000,72,7.87,755,55.5,1,117000,135.0,0,Home,Self-employed,East,0,6044.88,0,0,0,31.63,Moderate,0.1063
LN103750,2024-05-11,33,99200,17.0,707000,36,9.09,723,28.1,0,1082000,65.3,0,Education,Contract,East,1,22512.04,0,0,0,20.54,Low,0.0162
LN104687,2024-05-11,29,31300,4.8,494000,48,14.47,680,37.9,2,326000,151.5,2,Home,Salaried,East,3,13616.04,0,0,0,40.58,Moderate,0.2335
LN103288,2024-05-11,32,48000,15.6,866000,12,10.5,717,15.6,2,1093000,79.2,4,Personal,Government,West,1,76336.69,0,0,0,23.75,Low,0.0173
LN102466,2024-05-11,31,55700,9.9,506000,24,6.7,850,46.9,0,382000,132.5,3,Business,Salaried,North,1,22586.17,0,0,0,24.3,Low,0.0253
LN103782,2024-05-12,29,114700,9.7,857000,48,13.07,686,49.0,0,928000,92.3,0,Home,Government,East,2,23020.95,0,0,0,31.05,Moderate,0.0705
LN103515,2024-05-12,42,72600,4.2,435000,84,9.49,605,53.9,0,777000,56.0,1,Home,Government,South,3,7107.4,0,0,0,34.35,Moderate,0.1204
LN100791,2024-05-12,40,19500,6.4,263000,60,11.27,651,39.4,0,336000,78.3,3,Home,Self-employed,South,2,5753.73,180,1,1,29.58,Moderate,0.0726
LN101617,2024-05-12,31,202300,16.6,652000,12,10.04,665,13.8,0,952000,68.5,4,Personal,Salaried,Central,0,57333.29,0,0,0,19.4,Low,0.0125
LN103422,2024-05-12,42,48800,30.5,329000,60,9.76,740,29.3,0,440000,74.8,1,Personal,Salaried,Central,0,6951.49,0,0,0,19.16,Low,0.0092
LN104729,2024-05-12,38,78300,12.3,744000,72,14.05,588,39.4,0,1176000,63.3,4,Auto,Government,Central,1,15350.6,0,0,0,29.75,Moderate,0.0644
LN103521,2024-05-13,21,71600,5.1,582000,36,13.61,726,27.6,0,758000,76.8,1,Personal,Salaried,East,4,19781.32,0,0,0,26.43,Moderate,0.0305
LN104319,2024-05-13,35,38400,3.5,293000,72,11.85,654,44.7,1,500000,58.6,0,Business,Contract,North,2,5705.38,5,0,0,30.51,Moderate,0.0934
LN101323,2024-05-13,42,121700,4.8,605000,36,8.1,791,12.7,0,700000,86.4,1,Home,Salaried,West,2,18986.42,20,0,0,17.64,Low,0.0072
LN102093,2024-05-13,28,115100,6.2,197000,36,11.43,751,42.3,1,287000,68.6,3,Personal,Self-employed,East,0,6489.72,0,0,0,22.56,Low,0.0251
LN101518,2024-05-13,29,17800,25.1,521000,72,6.5,660,38.0,0,476000,109.5,5,Personal,Contract,South,1,8757.97,10,0,0,30.28,Moderate,0.0882
LN100646,2024-05-14,21,48600,9.4,37000,84,11.76,636,24.6,0,35000,105.7,1,Business,Salaried,West,3,996.3,0,0,0,31.82,Moderate,0.0826
LN103211,2024-05-14,27,88400,3.5,221000,60,10.91,675,16.3,0,203000,108.9,0,Home,Salaried,South,1,4795.16,45,1,0,25.08,Moderate,0.0322
LN103894,2024-05-14,34,37900,8.3,343000,72,13.24,714,30.3,1,318000,107.9,1,Personal,Government,South,3,6928.94,5,0,0,31.05,Moderate,0.0623
LN102910,2024-05-14,33,76300,20.4,577000,48,11.59,620,5.0,0,538000,107.2,0,Business,Salaried,East,1,15078.73,5,0,0,25.56,Moderate,0.0313
LN100623,2024-05-14,50,81700,13.8,580000,60,12.66,658,23.9,1,444000,130.6,3,Home,Salaried,East,1,13096.05,5,0,0,31.67,Moderate,0.0738
LN101829,2024-05-14,38,52700,11.1,224000,48,11.38,711,36.7,0,312000,71.8,2,Auto,Salaried,West,2,5830.82,0,0,0,25.21,Moderate,0.0253
LN102838,2024-05-15,58,56900,6.4,1012000,12,12.93,585,13.8,0,1015000,99.7,0,Auto,Salaried,West,1,90355.85,0,0,0,28.43,Moderate,0.0574
LN102178,2024-05-15,56,53300,9.3,342000,36,9.96,798,35.2,0,332000,103.0,4,Home,Contract,East,3,11028.96,0,0,0,25.09,Moderate,0.0307
LN102488,2024-05-15,38,73300,15.3,1085000,84,12.32,787,57.9,0,1499000,72.4,4,Personal,Self-employed,South,2,19339.39,0,0,0,25.49,Moderate,0.0329
LN102329,2024-05-15,46,51800,12.1,656000,84,13.26,653,55.9,1,847000,77.4,2,Auto,Salaried,North,3,12026.85,0,0,0,36.35,Moderate,0.1266
LN104345,2024-05-15,38,60100,12.1,349000,12,9.84,779,36.7,0,539000,64.7,1,Personal,Salaried,West,1,30656.68,0,0,0,19.24,Low,0.0106
LN101568,2024-05-15,24,72200,10.7,949000,84,17.27,805,56.7,1,618000,153.6,2,Home,Salaried,Central,1,19541.94,0,0,0,32.39,Moderate,0.0838
LN100988,2024-05-15,36,80100,2.6,188000,48,8.29,595,45.2,1,318000,59.1,1,Home,Salaried,South,1,4615.26,5,0,0,32.12,Moderate,0.0934
LN101619,2024-05-16,48,58300,5.0,626000,60,9.67,785,15.9,1,882000,71.0,1,Business,Self-employed,East,0,13199.23,0,0,0,15.72,Low,0.0075
LN101369,2024-05-16,30,53000,8.8,689000,36,9.05,757,45.8,2,1120000,61.5,0,Auto,Salaried,Central,0,21926.05,45,1,0,24.23,Low,0.0198
LN102710,2024-05-16,31,76300,7.6,631000,48,6.5,721,48.8,0,479000,131.7,3,Home,Contract,Central,3,14964.14,0,0,0,34.76,Moderate,0.159
LN104693,2024-05-16,43,58300,17.4,499000,60,11.85,672,57.9,1,387000,128.9,3,Business,Government,South,1,11062.19,45,1,0,37.56,Moderate,0.1878
LN104573,2024-05-17,33,17400,4.5,242000,48,10.32,663,68.5,1,305000,79.3,3,Auto,Government,South,0,6175.0,0,0,0,33.53,Moderate,0.121
LN102069,2024-05-18,46,23900,6.1,1072000,48,11.09,831,13.6,0,1223000,87.7,0,Home,Contract,East,2,27753.28,0,0,0,15.83,Low,0.0071
LN104838,2024-05-18,50,40200,9.9,583000,24,13.78,624,33.5,0,684000,85.2,3,Home,Salaried,North,0,27930.96,0,0,0,27.18,Moderate,0.0478
LN103414,2024-05-18,33,49200,6.3,194000,48,7.59,742,5.7,0,212000,91.5,1,Home,Salaried,East,2,4698.86,0,0,0,19.34,Low,0.0098
LN101685,2024-05-19,49,69600,7.9,646000,24,10.74,764,27.3,1,609000,106.1,1,Auto,Salaried,West,0,30030.74,0,0,0,22.62,Low,0.0179
LN100695,2024-05-19,35,83600,6.0,1117000,12,10.72,806,15.7,0,1536000,72.7,1,Home,Salaried,South,3,98576.48,0,0,0,17.74,Low,0.0063
LN100364,2024-05-19,44,59300,17.3,920000,84,14.1,783,32.9,0,1368000,67.3,1,Home,Salaried,Central,4,17291.67,0,0,0,23.52,Low,0.0132
LN102754,2024-05-19,37,66700,6.5,243000,12,9.87,707,30.8,2,304000,79.9,1,Personal,Salaried,West,1,21348.87,0,0,0,27.39,Moderate,0.0369
LN101001,2024-05-19,46,48000,13.2,336000,84,9.02,674,15.5,1,328000,102.4,2,Home,Self-employed,Central,1,5409.34,0,0,0,26.32,Moderate,0.0369
LN102157,2024-05-19,35,44800,9.7,1326000,48,11.02,661,33.8,0,2057000,64.5,0,Business,Salaried,West,2,34284.04,30,1,0,26.55,Moderate,0.0369
LN101975,2024-05-19,35,65800,4.3,320000,72,8.42,667,38.9,1,453000,70.6,0,Education,Contract,Central,2,5676.49,0,0,0,29.86,Moderate,0.0757
LN100517,2024-05-19,29,87800,11.9,454000,48,9.94,648,44.4,1,648000,70.1,2,Business,Salaried,South,0,11501.54,0,0,0,28.58,Moderate,0.0545
LN101246,2024-05-20,38,84100,13.0,350000,48,11.96,705,11.8,1,417000,83.9,2,Personal,Salaried,West,0,9209.97,30,0,0,20.43,Low,0.0132
LN102922,2024-05-20,36,35600,6.0,399000,72,11.01,550,43.1,0,293000,136.2,1,Personal,Self-employed,East,1,7596.64,20,0,0,39.79,Moderate,0.3965
LN101039,2024-05-20,47,96200,6.5,618000,36,11.05,765,25.2,0,522000,118.4,3,Auto,Government,Central,1,20247.16,0,0,0,23.05,Low,0.0205
LN101898,2024-05-20,43,63700,8.3,280000,72,11.38,807,37.5,0,474000,59.1,0,Personal,Self-employed,North,2,5384.2,0,0,0,19.02,Low,0.0118
LN100080,2024-05-21,36,40300,2.2,1603000,72,7.79,646,40.8,0,2736000,58.6,2,Personal,Salaried,West,3,27941.7,0,0,0,29.82,Moderate,0.0654
LN104490,2024-05-21,42,71900,5.2,458000,60,15.05,850,39.2,0,441000,103.9,2,Business,Self-employed,Central,3,10907.81,5,0,0,23.23,Low,0.0222
LN103535,2024-05-22,52,91400,4.7,371000,60,8.73,702,29.9,1,386000,96.1,5,Business,Salaried,North,2,7652.83,0,0,0,28.76,Moderate,0.0491
LN102281,2024-05-22,32,125300,26.4,238000,60,12.75,657,36.0,0,268000,88.8,2,Education,Government,Central,4,5384.82,5,0,0,32.96,Moderate,0.0631
LN103273,2024-05-22,44,53900,6.3,699000,72,9.21,584,40.0,1,779000,89.7,3,Personal,Self-employed,Central,2,12672.83,0,0,0,36.39,Moderate,0.2092
LN103660,2024-05-22,35,196600,16.5,189000,60,10.88,745,13.6,0,164000,115.2,5,Personal,Salaried,North,4,4098.02,30,0,0,26.47,Moderate,0.0261
LN102979,2024-05-22,40,28500,12.4,781000,72,10.38,802,16.8,1,581000,134.4,0,Home,Salaried,West,1,14618.79,0,0,0,23.01,Low,0.0158
LN100653,2024-05-22,28,111700,11.0,324000,84,15.48,742,34.7,0,312000,103.8,2,Personal,Salaried,West,1,6339.72,5,0,0,24.7,Low,0.029
LN104605,2024-05-22,36,135100,5.3,423000,48,13.04,694,11.5,0,473000,89.4,3,Auto,Contract,North,1,11356.43,0,0,0,21.17,Low,0.0221
LN101738,2024-05-24,47,266000,3.3,427000,48,11.67,797,40.0,1,409000,104.4,1,Auto,Salaried,West,1,11175.49,0,0,0,24.91,Low,0.0248
LN102124,2024-05-24,38,123800,9.3,386000,12,11.89,769,33.7,0,289000,133.6,0,Personal,Self-employed,Central,1,34275.77,0,0,0,26.05,Moderate,0.0459
LN104496,2024-05-24,31,118000,15.9,589000,48,9.27,675,51.2,0,450000,130.9,1,Personal,Salaried,North,1,14732.92,0,0,0,34.26,Moderate,0.1358
LN100778,2024-05-24,37,65900,7.8,541000,84,11.1,697,43.0,0,364000,148.6,1,Personal,Salaried,North,1,9291.71,0,0,0,33.23,Moderate,0.1282
LN102441,2024-05-25,50,248300,9.3,237000,48,13.07,706,41.0,2,246000,96.3,1,Personal,Government,North,1,8483.58,0,0,0,31.12,Moderate,0.0665
LN100177,2024-05-25,51,26700,11.3,358000,48,9.62,804,38.4,0,326000,109.8,0,Auto,Government,East,1,9014.61,0,0,0,22.76,Low,0.0177
LN102459,2024-05-26,42,34000,13.7,403000,60,13.75,814,22.8,0,435000,92.6,2,Business,Contract,East,0,9324.95,0,0,0,15.73,Low,0.0087
LN104051,2024-05-26,40,37800,8.4,451000,48,9.35,632,48.0,0,504000,89.5,1,Personal,Salaried,West,3,11298.26,0,0,0,35.09,Moderate,0.1412
LN104810,2024-05-26,45,49600,8.1,624000,84,8.52,791,36.5,0,1021000,61.1,0,Education,Contract,Central,2,9888.24,0,0,0,19.87,Low,0.014
LN103058,2024-05-26,27,71000,15.1,271000,60,8.71,650,39.5,0,198000,136.9,1,Home,Salaried,Central,1,5587.45,0,0,0,33.84,Moderate,0.1182
LN102113,2024-05-26,29,41200,13.3,573000,72,12.41,641,43.7,0,935000,61.3,2,Auto,Salaried,South,3,11324.81,0,0,0,30.93,Moderate,0.0603
LN102182,2024-05-26,36,92300,8.4,224000,60,11.49,643,22.5,0,376000,59.6,1,Personal,Salaried,East,2,4925.22,0,0,0,24.75,Low,0.0286
LN103126,2024-05-27,21,99100,9.3,564000,60,15.93,717,40.8,0,825000,68.4,2,Personal,Salaried,Central,2,13694.42,0,0,0,25.37,Moderate,0.0299
LN102939,2024-05-27,34,56700,12.4,330000,60,8.92,777,25.8,0,341000,96.8,0,Home,Self-employed,North,1,6837.45,0,0,0,20.37,Low,0.0145
LN103532,2024-05-27,37,81800,16.6,428000,48,11.01,664,61.7,1,580000,73.8,2,Business,Salaried,West,0,11063.96,0,0,0,31.57,Moderate,0.0823
LN101064,2024-05-27,35,70900,9.6,191000,48,8.15,724,40.4,1,154000,124.0,2,Personal,Salaried,Central,1,4676.33,0,0,0,30.82,Moderate,0.0726
LN101790,2024-05-27,21,62300,8.5,1361000,60,13.83,672,23.5,1,1273000,106.9,0,Auto,Contract,South,1,31548.27,0,0,0,28.48,Moderate,0.0641
LN104979,2024-05-28,21,27900,11.0,637000,36,13.07,697,32.2,1,443000,143.8,3,Auto,Salaried,South,2,21484.53,0,0,0,34.25,Moderate,0.1025
LN100363,2024-05-28,42,41600,17.5,646000,36,10.06,659,25.1,1,494000,130.8,1,Business,Government,West,2,20862.81,180,1,1,33.55,Moderate,0.0937
LN100416,2024-05-29,52,54100,1.3,333000,60,6.5,701,10.0,0,595000,56.0,1,Personal,Salaried,West,2,6515.53,15,0,0,18.82,Low,0.011
LN100893,2024-05-29,49,31300,4.3,663000,60,10.27,783,37.2,1,861000,77.0,0,Business,Self-employed,Central,3,14175.03,0,0,0,25.69,Moderate,0.0306
LN101271,2024-05-29,43,92800,4.8,829000,72,9.95,766,15.7,1,577000,143.7,0,Auto,Salaried,North,2,15337.03,0,0,0,27.29,Moderate,0.034
LN104297,2024-05-29,39,46200,10.6,798000,48,7.52,708,36.5,0,1358000,58.8,3,Auto,Government,South,1,19302.21,0,0,0,22.36,Low,0.0174
LN101930,2024-05-29,27,44700,12.4,286000,60,11.13,549,64.1,0,239000,119.7,1,Personal,Salaried,East,0,6236.89,15,0,0,40.73,Moderate,0.3851
LN100001,2024-05-29,37,52300,6.6,563000,72,9.44,685,46.7,1,894000,63.0,1,Personal,Self-employed,West,0,10271.76,0,0,0,26.38,Moderate,0.0497
LN104692,2024-05-29,47,219000,6.5,758000,24,11.84,666,26.2,0,631000,120.1,2,Education,Self-employed,South,1,35625.08,0,0,0,28.66,Moderate,0.0699
LN104871,2024-05-30,50,36100,6.6,135000,48,14.54,702,6.8,1,210000,64.3,1,Home,Contract,West,2,3725.75,0,0,0,20.96,Low,0.0159
LN102424,2024-05-30,24,27500,15.0,636000,36,17.62,659,48.6,1,913000,69.7,0,Personal,Salaried,South,1,22871.87,240,1,1,30.47,Moderate,0.0648
LN100266,2024-05-30,53,109800,11.4,276000,36,11.04,687,19.9,0,282000,97.9,1,Education,Salaried,East,1,9041.11,0,0,0,24.07,Low,0.0238
LN101122,2024-05-30,44,45100,11.0,337000,84,12.27,687,11.5,0,532000,63.3,2,Personal,Salaried,Central,1,5997.74,5,0,0,18.93,Low,0.011
LN101183,2024-05-31,24,166000,7.8,459000,84,10.83,789,53.3,0,360000,127.5,1,Home,Salaried,West,2,7818.23,0,0,0,29.97,Moderate,0.0575
LN103238,2024-05-31,40,141200,5.6,286000,72,13.0,591,52.5,1,201000,142.3,1,Education,Salaried,West,2,6177.5,30,1,0,43.78,Moderate,0.4146
LN101966,2024-05-31,36,49200,6.6,276000,60,13.05,672,42.6,0,465000,59.4,0,Home,Self-employed,Central,3,6286.91,15,0,0,28.88,Moderate,0.0569
LN100372,2024-05-31,51,38400,4.4,722000,36,10.14,659,45.2,0,567000,127.3,3,Personal,Salaried,South,1,23344.39,0,0,0,33.55,Moderate,0.1428
LN101754,2024-06-01,43,25600,13.0,340000,36,13.04,668,57.9,1,328000,103.7,0,Business,Government,West,1,11462.5,10,0,0,35.25,Moderate,0.1404
LN102193,2024-06-01,26,104600,10.3,711000,60,10.96,590,47.5,0,1276000,55.7,2,Auto,Government,East,2,15444.68,0,0,0,32.17,Moderate,0.0879
LN102143,2024-06-01,40,29000,10.5,1143000,36,7.84,775,42.8,1,1716000,66.6,1,Personal,Salaried,South,3,35733.16,0,0,0,26.19,Moderate,0.0251
LN103400,2024-06-01,42,72700,0.6,899000,60,9.38,748,53.1,0,708000,127.0,1,Auto,Contract,West,3,18828.0,75,1,0,33.72,Moderate,0.1462
LN100485,2024-06-01,25,92900,3.1,158000,60,12.63,694,37.4,1,213000,74.2,3,Personal,Salaried,Central,2,3565.13,0,0,0,28.49,Moderate,0.0487
LN104417,2024-06-01,21,78200,3.3,490000,36,13.84,766,16.3,2,434000,112.9,4,Business,Salaried,South,2,16708.99,0,0,0,26.33,Moderate,0.0277
LN104533,2024-06-01,30,48800,16.6,157000,36,15.94,694,30.1,0,238000,66.0,2,Home,Government,West,1,5515.0,0,0,0,22.55,Low,0.0167
LN103226,2024-06-02,30,52800,8.0,412000,84,10.46,703,28.4,0,552000,74.6,0,Business,Self-employed,West,1,6938.01,0,0,0,22.59,Low,0.026
LN104296,2024-06-02,29,45100,17.2,212000,48,11.69,704,32.2,0,192000,110.4,1,Business,Salaried,Central,2,5550.56,0,0,0,28.54,Moderate,0.0459
LN101000,2024-06-02,51,38100,18.4,426000,24,19.22,615,35.2,1,490000,86.9,1,Business,Government,Central,2,21519.63,60,1,0,33.5,Moderate,0.0928
LN101392,2024-06-02,56,30300,10.6,231000,72,14.03,575,17.2,0,238000,97.1,0,Education,Salaried,South,2,4763.64,0,0,0,31.04,Moderate,0.0752
LN101716,2024-06-02,41,107500,29.6,400000,36,11.64,676,39.8,3,330000,121.2,3,Business,Salaried,West,1,13217.05,0,0,0,36.96,Moderate,0.1131
LN103183,2024-06-02,35,69500,4.6,397000,72,13.33,664,30.9,2,696000,57.0,2,Home,Salaried,East,1,8038.73,0,0,0,27.39,Moderate,0.0345
LN102981,2024-06-03,49,51000,15.6,208000,72,14.51,720,37.6,1,303000,68.6,2,Auto,Salaried,South,1,4343.0,0,0,0,24.93,Low,0.0216
LN101896,2024-06-03,36,46000,13.5,681000,24,9.83,780,6.8,0,774000,88.0,2,Auto,Contract,South,0,31371.29,0,0,0,13.87,Low,0.0058
LN101432,2024-06-03,46,31900,17.2,513000,24,7.75,654,12.5,0,626000,81.9,1,Home,Salaried,North,1,23143.15,240,1,1,22.73,Low,0.0177
LN100489,2024-06-03,46,54000,4.6,242000,36,14.78,768,57.3,0,368000,65.8,2,Home,Government,Central,0,8362.96,0,0,0,22.38,Low,0.0205
LN103139,2024-06-03,36,76800,3.6,1596000,36,10.42,786,47.5,0,1709000,93.4,0,Personal,Salaried,West,0,51813.72,0,0,0,22.23,Low,0.0227
LN101359,2024-06-03,40,31700,6.6,322000,60,13.37,702,33.7,0,541000,59.5,2,Home,Salaried,South,0,7387.62,0,0,0,20.53,Low,0.0151
LN104505,2024-06-04,41,104600,12.6,743000,60,8.44,692,18.4,1,756000,98.3,2,Auto,Salaried,South,2,15222.31,20,0,0,27.21,Moderate,0.0309
LN102671,2024-06-04,43,24700,13.4,747000,84,12.37,719,43.2,1,587000,127.3,2,Business,Contract,South,3,13334.86,180,1,1,35.31,Moderate,0.1535
LN102625,2024-06-04,30,97500,11.0,392000,48,17.16,716,36.3,0,635000,61.7,2,Business,Salaried,South,1,11343.65,0,0,0,22.19,Low,0.0185
LN100896,2024-06-04,36,30600,6.6,868000,36,9.43,708,48.9,2,756000,114.8,1,Personal,Salaried,Central,2,27776.21,0,0,0,36.11,Moderate,0.1381
LN102726,2024-06-05,47,35100,8.5,1318000,72,7.77,705,35.1,1,1078000,122.3,3,Home,Salaried,North,0,22961.08,0,0,0,28.93,Moderate,0.0543
LN101817,2024-06-05,32,31900,5.6,755000,60,14.46,581,36.4,1,681000,110.9,2,Business,Salaried,South,0,17748.1,0,0,0,34.61,Moderate,0.1633
LN101808,2024-06-05,24,54300,8.4,440000,48,7.96,525,24.7,0,707000,62.2,0,Auto,Salaried,East,3,10733.43,0,0,0,33.37,Moderate,0.1032
LN100453,2024-06-06,43,38200,3.7,379000,84,11.91,643,30.5,0,279000,135.8,0,Auto,Self-employed,North,1,6672.16,0,0,0,32.31,Moderate,0.132
LN101650,2024-06-06,43,73500,5.9,551000,60,11.71,666,27.9,0,713000,77.3,3,Personal,Salaried,North,0,12176.1,0,0,0,23.05,Low,0.0274
LN101059,2024-06-06,35,86600,11.2,412000,48,12.93,705,36.0,2,606000,68.0,1,Personal,Salaried,Central,0,11038.62,0,0,0,25.68,Moderate,0.0286
LN101515,2024-06-07,37,46400,11.1,595000,48,10.6,697,5.0,0,550000,108.2,3,Auto,Salaried,South,2,15262.76,0,0,0,23.25,Low,0.0186
LN104008,2024-06-07,34,75300,5.4,1121000,72,8.61,680,32.6,2,1536000,73.0,2,Business,Salaried,North,0,19990.33,0,0,0,26.82,Moderate,0.0378
LN101536,2024-06-07,43,41200,7.3,1674000,84,7.12,736,27.1,0,1769000,94.6,2,Personal,Self-employed,South,0,25363.46,0,0,0,20.92,Low,0.0221
LN101319,2024-06-07,36,61800,6.5,253000,72,14.81,734,42.2,0,295000,85.8,1,Home,Government,East,0,5323.62,20,0,0,23.16,Low,0.0235
LN104127,2024-06-07,54,44000,15.7,211000,36,14.78,645,19.7,1,302000,69.9,2,Business,Government,North,2,7291.67,10,0,0,27.12,Moderate,0.0327
LN101757,2024-06-07,47,82300,4.8,318000,36,12.95,739,37.8,0,490000,64.9,4,Auto,Salaried,East,0,10707.02,0,0,0,19.93,Low,0.0136
LN104381,2024-06-08,40,38900,3.9,690000,60,8.41,681,23.1,3,1203000,57.4,1,Personal,Salaried,South,1,14126.5,30,0,0,26.97,Moderate,0.0312
LN104139,2024-06-08,38,95300,12.3,200000,36,12.19,677,52.8,2,287000,69.7,4,Business,Government,Central,0,6661.03,5,0,0,30.69,Moderate,0.0653
LN100000,2024-06-08,42,53000,5.1,474000,60,13.05,682,20.9,1,642000,73.8,0,Business,Self-employed,Central,1,10797.09,10,0,0,24.12,Low,0.0309
LN101177,2024-06-08,37,36400,13.3,839000,36,12.15,600,21.7,1,1225000,68.5,1,Personal,Government,Central,1,27926.95,0,0,0,28.09,Moderate,0.0467
LN101501,2024-06-08,33,36400,10.8,154000,36,10.34,626,45.7,0,232000,66.4,0,Home,Government,North,0,4993.77,0,0,0,27.64,Moderate,0.0503
LN103033,2024-06-09,29,94800,9.9,789000,36,15.74,669,28.9,0,916000,86.1,1,Business,Self-employed,Central,0,27637.73,0,0,0,23.97,Low,0.0367
LN104545,2024-06-09,43,61200,7.0,278000,48,14.78,708,49.8,0,393000,70.7,1,Auto,Salaried,East,0,7705.98,10,0,0,24.55,Low,0.0299
LN100092,2024-06-09,32,33300,20.2,1247000,72,13.32,755,41.0,0,1605000,77.7,0,Home,Salaried,Central,0,25243.51,0,0,0,21.0,Low,0.013
LN100158,2024-06-10,27,59500,5.5,363000,48,8.68,639,42.3,0,558000,65.1,1,Auto,Self-employed,West,0,8978.21,0,0,0,26.14,Moderate,0.0517
LN103864,2024-06-10,35,81500,8.9,339000,60,7.88,684,39.4,0,558000,60.8,2,Education,Salaried,South,2,6854.25,0,0,0,26.08,Moderate,0.0308
LN100897,2024-06-10,39,109200,16.4,731000,48,12.38,710,26.4,0,992000,73.7,0,Education,Self-employed,West,4,19386.7,0,0,0,26.73,Moderate,0.0303
LN100419,2024-06-11,39,36900,7.4,236000,36,11.96,797,39.5,0,282000,83.7,0,Auto,Government,Central,1,7834.07,0,0,0,20.74,Low,0.0131
LN104755,2024-06-11,41,107400,10.9,764000,36,13.02,711,36.7,0,1052000,72.6,0,Education,Salaried,East,0,25749.54,0,0,0,21.96,Low,0.0181
LN104539,2024-06-11,45,56200,5.3,392000,48,6.5,741,30.5,0,618000,63.4,1,Personal,Self-employed,South,2,9296.26,0,0,0,21.54,Low,0.02
LN104830,2024-06-11,46,39900,10.7,296000,24,12.83,756,40.8,0,375000,78.9,2,Home,Salaried,South,0,14048.76,20,0,0,21.03,Low,0.015
LN103285,2024-06-12,52,102300,2.9,281000,60,12.05,825,56.9,0,405000,69.4,0,Business,Salaried,East,2,6257.79,0,0,0,22.98,Low,0.0198
LN102932,2024-06-12,30,59800,2.7,402000,24,11.61,702,39.2,0,330000,121.8,0,Home,Salaried,East,1,18850.4,0,0,0,29.52,Moderate,0.0675
LN103836,2024-06-12,49,50000,6.2,496000,60,13.3,687,16.0,0,387000,128.2,0,Home,Self-employed,Central,1,11361.84,0,0,0,26.32,Moderate,0.0472
LN100362,2024-06-12,37,67000,4.5,1938000,36,9.74,642,24.6,0,3073000,63.1,4,Personal,Salaried,Central,0,62297.51,0,0,0,22.24,Low,0.0246
LN100134,2024-06-12,30,30400,12.6,535000,84,10.34,752,33.0,2,697000,76.8,0,Education,Government,Central,0,8975.9,0,0,0,23.47,Low,0.0166
LN102132,2024-06-12,44,86400,9.0,131000,36,12.06,630,37.3,1,151000,86.8,1,Personal,Salaried,South,3,4354.83,240,1,1,34.79,Moderate,0.1174
LN103671,2024-06-13,46,138100,9.7,494000,60,9.38,727,21.3,0,774000,63.8,3,Education,Salaried,West,3,10345.97,10,0,0,22.15,Low,0.0135
LN104880,2024-06-13,47,66400,4.7,993000,36,7.02,651,46.5,1,1003000,99.0,3,Auto,Salaried,North,0,30670.04,0,0,0,31.74,Moderate,0.0927
LN101499,2024-06-13,43,54700,7.1,1381000,60,11.27,627,11.0,2,2215000,62.3,4,Personal,Government,North,1,30212.57,0,0,0,25.9,Moderate,0.0299
LN104547,2024-06-13,37,93000,8.1,421000,60,11.35,678,54.1,1,543000,77.5,1,Education,Salaried,North,2,9227.22,0,0,0,33.01,Moderate,0.086
LN102747,2024-06-13,28,74800,7.3,325000,12,8.0,724,21.3,0,419000,77.6,2,Personal,Self-employed,North,5,28271.24,0,0,0,27.02,Moderate,0.0364
LN102711,2024-06-13,52,34300,21.8,153000,60,11.03,751,31.2,1,245000,62.4,1,Education,Salaried,South,0,3328.88,0,0,0,19.72,Low,0.0087
LN101322,2024-06-13,37,54000,16.5,274000,60,10.57,753,48.2,0,210000,130.5,1,Business,Government,North,1,5898.83,0,0,0,29.49,Moderate,0.0589
LN100887,2024-06-13,35,43600,5.6,440000,48,11.23,807,25.7,1,345000,127.5,1,Personal,Salaried,South,1,11421.24,10,0,0,23.83,Low,0.0225
LN104632,2024-06-14,41,56300,8.4,403000,60,12.54,669,25.9,1,328000,122.9,3,Education,Salaried,South,1,9074.87,0,0,0,30.72,Moderate,0.0674
LN102362,2024-06-14,24,108100,4.5,906000,60,12.2,752,42.8,1,1518000,59.7,1,Home,Salaried,North,1,20245.16,0,0,0,23.38,Low,0.019
LN101929,2024-06-14,56,38800,7.0,1244000,36,10.5,656,5.0,0,1244000,100.0,1,Business,Salaried,North,1,40433.04,10,0,0,22.94,Low,0.0237
LN100792,2024-06-14,40,75000,5.4,247000,12,9.64,753,31.6,2,362000,68.2,0,Home,Salaried,South,1,21673.89,0,0,0,23.94,Low,0.0179
LN102677,2024-06-14,24,11500,13.2,305000,60,10.48,694,24.7,1,267000,114.2,1,Business,Salaried,Central,1,6552.62,90,1,1,28.29,Moderate,0.0453
LN102694,2024-06-14,41,87500,6.9,524000,60,10.75,670,40.9,0,364000,144.0,1,Business,Salaried,Central,1,11327.81,10,0,0,33.78,Moderate,0.1406
LN102947,2024-06-14,21,95700,4.8,370000,36,16.5,669,28.0,0,371000,99.7,0,Auto,Self-employed,Central,4,13099.62,0,0,0,31.82,Moderate,0.0865
LN104125,2024-06-14,28,67000,7.2,1101000,84,12.41,719,29.5,0,819000,134.4,2,Business,Salaried,East,2,19677.89,0,0,0,29.61,Moderate,0.0632
LN104746,2024-06-14,39,61400,3.6,275000,60,8.09,736,6.0,1,254000,108.3,3,Personal,Salaried,West,2,5587.86,0,0,0,23.4,Low,0.0201
LN100895,2024-06-15,44,105400,13.3,388000,48,10.53,665,28.1,0,266000,145.9,0,Education,Salaried,Central,2,9939.73,0,0,0,33.34,Moderate,0.1007
LN100376,2024-06-15,46,223400,4.6,444000,48,11.64,728,38.9,1,364000,122.0,2,Personal,Salaried,South,1,11613.9,10,0,0,30.11,Moderate,0.069
LN100496,2024-06-15,29,61100,5.1,594000,24,13.12,680,35.2,0,829000,71.7,1,Personal,Self-employed,West,0,28273.33,0,0,0,23.21,Low,0.0348
LN104484,2024-06-15,38,31800,2.0,476000,72,12.52,680,21.9,0,326000,146.0,0,Personal,Government,West,2,9435.11,5,0,0,31.31,Moderate,0.094
LN100698,2024-06-16,46,61800,3.0,791000,48,9.26,764,27.3,0,603000,131.2,0,Home,Contract,North,1,19781.87,5,0,0,24.8,Low,0.0412
LN101127,2024-06-16,31,133400,3.5,928000,48,7.99,671,41.7,0,1002000,92.6,0,Personal,Self-employed,North,3,22650.84,0,0,0,32.08,Moderate,0.1124
LN102596,2024-06-16,33,30500,9.9,300000,72,11.54,652,48.9,0,472000,63.6,1,Auto,Self-employed,West,3,5793.54,0,0,0,31.62,Moderate,0.0861
LN101959,2024-06-16,40,68100,5.0,1194000,72,7.93,708,45.4,1,1041000,114.7,2,Home,Salaried,South,0,20893.9,0,0,0,30.07,Moderate,0.0684
LN100955,2024-06-17,48,98100,10.9,473000,60,9.2,850,30.5,0,825000,57.3,1,Business,Contract,East,1,9864.68,0,0,0,13.5,Low,0.0052
LN101365,2024-06-17,37,153300,10.2,666000,36,9.58,744,40.9,1,980000,68.0,1,Home,Salaried,West,1,21358.86,0,0,0,24.26,Low,0.0205
LN102675,2024-06-17,21,45500,8.4,1398000,60,11.55,672,21.4,1,1732000,80.7,4,Auto,Salaried,South,3,30780.77,0,0,0,28.77,Moderate,0.0386
LN104631,2024-06-18,33,62000,20.8,334000,36,8.23,794,38.9,0,476000,70.2,1,Personal,Salaried,South,2,10501.82,0,0,0,21.1,Low,0.0115
LN100923,2024-06-18,32,67600,2.3,551000,24,13.78,630,40.7,0,907000,60.7,4,Auto,Salaried,Central,1,26397.87,5,0,0,27.52,Moderate,0.0499
LN104732,2024-06-18,29,119600,10.1,196000,48,10.12,721,39.8,0,147000,133.3,2,Personal,Self-employed,South,0,4982.37,0,0,0,28.12,Moderate,0.0732
LN100020,2024-06-18,51,63200,6.6,1379000,60,10.13,752,29.6,1,2291000,60.2,1,Auto,Salaried,Central,1,29387.96,0,0,0,20.79,Low,0.0118
LN103012,2024-06-18,26,61600,16.4,391000,72,13.49,782,24.2,1,404000,96.8,0,Personal,Government,South,0,7950.46,0,0,0,20.12,Low,0.0114
LN101358,2024-06-18,25,25100,13.1,618000,48,13.8,655,35.6,0,494000,125.1,0,Home,Contract,East,2,16825.83,0,0,0,33.29,Moderate,0.136
LN103872,2024-06-20,28,27800,6.4,577000,60,10.15,654,19.6,0,388000,148.7,3,Personal,Salaried,South,2,12302.17,0,0,0,32.5,Moderate,0.1088
LN102007,2024-06-20,31,124500,16.1,857000,72,10.9,679,8.4,0,1223000,70.1,1,Education,Salaried,West,1,16268.34,0,0,0,19.41,Low,0.0099
LN100812,2024-06-20,51,72200,8.6,967000,60,9.28,683,70.8,1,1667000,58.0,1,Business,Self-employed,West,0,20204.99,5,0,0,30.8,Moderate,0.0974
LN100470,2024-06-20,36,134500,11.9,810000,60,15.56,686,49.4,0,547000,148.1,1,Personal,Salaried,North,0,19508.76,20,0,0,33.37,Moderate,0.1378
LN100026,2024-06-21,28,39600,10.4,579000,84,10.49,707,29.9,0,475000,121.9,0,Education,Salaried,South,1,9759.31,0,0,0,27.41,Moderate,0.0425
LN103713,2024-06-21,21,55500,11.6,489000,60,10.79,762,36.5,0,879000,55.6,0,Personal,Salaried,South,1,10580.9,15,0,0,19.19,Low,0.0107
LN103365,2024-06-21,56,77000,5.4,333000,60,13.34,815,32.3,0,377000,88.3,0,Personal,Government,South,0,7634.86,5,0,0,17.14,Low,0.009
LN103794,2024-06-21,38,37300,27.0,760000,84,12.86,747,20.5,0,899000,84.5,2,Auto,Government,South,1,13768.11,0,0,0,19.67,Low,0.0084
LN102921,2024-06-21,45,114000,0.4,237000,72,12.5,785,51.2,1,200000,118.5,4,Personal,Government,Central,0,4864.0,30,0,0,27.53,Moderate,0.0511
LN103019,2024-06-21,43,103900,9.4,855000,60,7.51,678,60.0,0,1530000,55.9,3,Auto,Salaried,West,0,17136.51,0,0,0,26.7,Moderate,0.0421
LN104169,2024-06-21,32,76600,4.5,305000,84,11.2,657,33.5,0,417000,73.1,1,Auto,Salaried,Central,0,5254.47,0,0,0,24.23,Low,0.0305
LN102400,2024-06-21,32,48000,2.8,596000,36,8.44,742,61.2,1,396000,150.5,4,Auto,Government,West,0,18797.69,0,0,0,34.96,Moderate,0.1517
LN101728,2024-06-22,41,39400,11.4,383000,36,12.59,709,44.6,1,344000,111.3,2,Auto,Salaried,East,0,12829.28,90,1,1,29.51,Moderate,0.057
LN103302,2024-06-22,40,46000,7.1,255000,36,6.5,624,33.2,0,320000,79.7,2,Personal,Self-employed,North,0,7815.5,0,0,0,26.57,Moderate,0.0618
LN103789,2024-06-22,50,46200,11.7,303000,60,6.5,564,51.2,0,493000,61.5,0,Home,Government,West,0,5928.54,20,0,0,31.53,Moderate,0.0974
LN104425,2024-06-22,28,65700,9.5,422000,48,18.25,643,16.1,2,416000,101.4,1,Home,Salaried,West,0,12451.45,0,0,0,28.32,Moderate,0.0434
LN103988,2024-06-22,55,135100,9.4,456000,48,10.8,633,44.7,1,325000,140.3,2,Home,Salaried,West,3,11741.32,0,0,0,41.46,Moderate,0.2787
LN100412,2024-06-22,24,45000,19.4,1623000,24,11.29,755,18.7,0,1966000,82.6,1,Auto,Salaried,North,1,75863.23,0,0,0,18.7,Low,0.0079
LN102311,2024-06-23,54,45200,8.9,1355000,60,14.02,646,35.1,1,1187000,114.2,2,Home,Salaried,West,2,31542.53,0,0,0,34.57,Moderate,0.1131
LN103904,2024-06-23,53,53000,5.7,848000,60,12.03,841,13.2,1,691000,122.7,0,Home,Self-employed,North,0,18876.15,0,0,0,17.39,Low,0.0089
LN103249,2024-06-24,21,89900,11.1,1009000,24,10.33,734,34.8,0,1549000,65.1,1,Home,Self-employed,North,0,46714.06,0,0,0,19.61,Low,0.0147
LN102067,2024-06-24,37,58900,7.0,661000,72,13.71,772,54.7,0,1005000,65.8,0,Home,Salaried,North,1,13517.96,0,0,0,23.32,Low,0.0207
LN103609,2024-06-24,34,44900,16.1,671000,72,11.29,699,28.4,0,736000,91.2,1,Personal,Salaried,North,1,12871.76,240,1,1,24.46,Low,0.0264
LN100444,2024-06-24,26,93400,5.5,154000,60,11.7,761,35.9,1,174000,88.5,2,Personal,Salaried,East,2,3402.34,10,0,0,26.08,Moderate,0.0301
LN100629,2024-06-24,48,77500,17.6,241000,60,9.36,730,37.2,0,421000,57.2,2,Home,Salaried,South,1,5044.98,20,0,0,21.18,Low,0.0126
LN100042,2024-06-24,37,59900,5.2,213000,48,12.19,632,46.4,1,253000,84.2,2,Personal,Government,South,0,5629.0,0,0,0,31.24,Moderate,0.0955
LN103287,2024-06-25,36,39800,6.0,429000,12,11.25,777,69.3,1,695000,61.7,1,Auto,Self-employed,East,0,37965.78,0,0,0,25.89,Moderate,0.0386
LN100979,2024-06-25,45,82100,10.5,1239000,36,11.17,598,41.8,0,917000,135.1,3,Auto,Salaried,North,1,40663.09,20,0,0,36.88,Moderate,0.2022
LN102332,2024-06-25,24,202700,2.1,135000,48,10.84,671,9.8,1,220000,61.4,1,Personal,Self-employed,Central,1,3478.67,0,0,0,21.24,Low,0.0202
LN101114,2024-06-25,39,58900,11.4,130000,84,15.51,533,42.0,1,228000,57.0,2,Auto,Salaried,East,1,2545.92,15,0,0,34.55,Moderate,0.1262
LN101574,2024-06-25,42,70100,23.9,627000,24,14.32,695,52.8,0,1058000,59.3,1,Business,Contract,North,0,30198.95,0,0,0,24.7,Low,0.0372
LN103353,2024-06-26,39,94100,4.6,456000,60,15.79,796,50.8,0,379000,120.3,0,Home,Government,North,2,11038.22,20,0,0,28.38,Moderate,0.0458
LN103905,2024-06-26,35,45000,12.5,304000,60,12.49,684,47.0,1,271000,112.2,2,Home,Salaried,East,2,6837.83,10,0,0,34.74,Moderate,0.1078
LN100029,2024-06-27,35,65500,11.5,578000,60,12.76,770,41.9,1,455000,127.0,2,Business,Salaried,East,4,13080.37,0,0,0,33.98,Moderate,0.0824
LN102843,2024-06-27,27,53800,4.8,351000,48,8.83,641,31.8,0,354000,99.2,3,Auto,Salaried,South,1,8706.34,0,0,0,29.01,Moderate,0.0622
LN103142,2024-06-27,37,32500,3.0,202000,48,12.96,717,43.4,0,254000,79.5,1,Auto,Salaried,North,0,5415.14,0,0,0,23.67,Low,0.0273
LN100059,2024-06-28,47,53000,7.5,597000,60,12.6,802,27.9,2,782000,76.3,2,Home,Salaried,South,0,13461.65,15,0,0,19.75,Low,0.0091
LN104842,2024-06-28,44,50000,16.9,691000,60,10.02,651,40.3,1,1240000,55.7,1,Personal,Salaried,South,0,14688.51,0,0,0,26.17,Moderate,0.0342
LN103295,2024-06-28,28,106400,2.2,1236000,48,10.93,686,48.5,1,2090000,59.1,1,Personal,Government,West,1,31903.07,30,0,0,27.96,Moderate,0.0501
LN102731,2024-06-28,53,73100,6.7,512000,36,14.96,707,35.8,0,481000,106.4,1,Home,Salaried,East,3,17738.62,0,0,0,30.37,Moderate,0.0588
LN100837,2024-06-28,29,130000,5.2,720000,72,12.89,763,51.1,0,721000,99.9,0,Education,Self-employed,West,0,14411.59,0,0,0,24.82,Low,0.0387
LN103197,2024-06-28,21,176200,5.4,528000,60,9.82,615,50.9,1,799000,66.1,4,Personal,Contract,North,1,11171.73,0,0,0,32.9,Moderate,0.1519
LN104199,2024-06-28,43,52200,5.8,752000,24,11.67,744,55.8,1,908000,82.8,1,Education,Government,North,2,35283.47,30,0,0,30.39,Moderate,0.0555
LN101339,2024-06-28,40,63600,13.0,1247000,36,10.09,654,29.3,1,2177000,57.3,2,Auto,Salaried,East,0,40289.89,0,0,0,23.97,Low,0.0221
LN102421,2024-06-28,49,64700,5.1,370000,84,8.99,740,19.0,1,459000,80.6,1,Auto,Salaried,South,0,5951.08,0,0,0,19.68,Low,0.0113
LN102083,2024-06-28,21,47500,6.1,212000,84,7.37,695,38.0,1,302000,70.2,1,Education,Government,West,0,3238.13,0,0,0,24.83,Low,0.0277
LN103826,2024-06-29,27,38700,13.1,754000,60,10.1,731,30.8,1,833000,90.5,4,Auto,Salaried,East,2,16057.4,0,0,0,26.84,Moderate,0.0279
LN104788,2024-06-29,21,30700,7.2,186000,24,11.64,664,78.7,3,281000,66.2,2,Home,Salaried,East,2,8724.43,120,1,1,41.54,Moderate,0.2401
LN103888,2024-06-29,39,62900,6.8,583000,60,11.27,673,23.2,0,858000,67.9,2,Auto,Salaried,West,2,12754.48,0,0,0,24.13,Low,0.023
LN101988,2024-06-29,32,64300,4.6,380000,84,11.0,581,59.6,0,297000,127.9,2,Personal,Salaried,Central,0,6506.53,75,1,0,38.95,Moderate,0.3361
LN101146,2024-06-30,28,67000,6.5,522000,24,13.01,632,45.3,0,359000,145.4,0,Home,Salaried,South,0,24819.28,0,0,0,35.14,Moderate,0.1788
LN102819,2024-06-30,21,72700,11.5,465000,24,9.57,709,47.9,0,491000,94.7,2,Personal,Salaried,North,2,21365.22,0,0,0,29.85,Moderate,0.0623
LN102828,2024-06-30,47,71200,2.2,219000,84,14.58,762,56.3,1,205000,106.8,1,Personal,Salaried,West,0,4174.55,0,0,0,28.6,Moderate,0.0601
LN101770,2024-06-30,38,64000,2.7,292000,72,10.92,703,34.6,1,298000,98.0,0,Auto,Government,West,2,5545.99,0,0,0,29.84,Moderate,0.0549
LN102306,2024-06-30,43,106100,6.5,234000,84,10.99,726,41.4,0,260000,90.0,2,Personal,Salaried,North,2,4005.42,0,0,0,27.18,Moderate,0.0424
LN100082,2024-06-30,51,67700,8.2,424000,36,16.68,675,46.1,0,639000,66.4,3,Education,Salaried,West,2,15049.32,5,0,0,28.46,Moderate,0.0468
LN101181,2024-06-30,51,56100,3.9,167000,72,16.21,727,12.9,1,273000,61.2,0,Education,Salaried,East,2,3641.87,5,0,0,20.55,Low,0.0107
LN104776,2024-06-30,38,78800,17.9,627000,84,9.44,709,23.3,0,888000,70.6,4,Personal,Salaried,West,1,10228.42,10,0,0,20.85,Low,0.0136
LN100709,2024-06-30,53,161700,23.7,796000,60,10.97,799,29.5,1,533000,149.3,2,Education,Salaried,West,0,17295.06,0,0,0,25.53,Moderate,0.0233
LN101576,2024-06-30,23,48500,2.5,324000,24,14.23,775,65.9,2,558000,58.1,1,Personal,Salaried,South,2,15591.4,120,1,1,30.29,Moderate,0.0539
LN103676,2024-06-30,39,71800,10.2,1077000,84,9.56,740,29.5,1,1134000,95.0,1,Home,Self-employed,South,2,17635.58,10,0,0,26.56,Moderate,0.0342
LN102021,2024-07-01,40,29800,20.3,212000,36,10.53,671,48.1,0,332000,63.9,2,Home,Contract,West,0,6893.52,0,0,0,25.49,Moderate,0.0415
LN103701,2024-07-01,51,49000,7.9,172000,36,11.18,632,67.8,0,136000,126.5,3,Auto,Contract,East,0,5645.73,0,0,0,37.75,Moderate,0.3211
LN102228,2024-07-02,21,70200,7.8,469000,84,10.46,690,29.6,1,404000,116.1,0,Auto,Salaried,Central,1,7897.88,0,0,0,29.67,Moderate,0.0562
LN102958,2024-07-02,48,67900,8.7,647000,84,8.26,751,37.7,0,1117000,57.9,0,Personal,Salaried,North,1,10168.29,0,0,0,20.24,Low,0.0135
LN102964,2024-07-02,49,49700,2.0,676000,24,15.29,746,28.3,0,1040000,65.0,2,Home,Salaried,Central,0,32870.19,0,0,0,17.67,Low,0.0096
LN101083,2024-07-02,57,69300,10.1,498000,84,10.41,767,22.4,0,551000,90.4,1,Home,Salaried,North,1,8373.27,0,0,0,19.58,Low,0.0106
LN103743,2024-07-02,40,99400,2.1,534000,36,9.23,634,34.5,1,543000,98.3,1,Home,Self-employed,South,1,17038.28,0,0,0,31.83,Moderate,0.1087
LN104988,2024-07-03,40,40600,11.0,362000,84,13.56,682,7.7,2,437000,82.8,2,Auto,Salaried,East,0,6696.2,0,0,0,22.71,Low,0.0157
LN104268,2024-07-03,28,153300,12.0,462000,48,13.04,760,19.4,0,709000,65.2,0,Personal,Salaried,East,2,12403.48,0,0,0,18.5,Low,0.0085
LN102106,2024-07-03,30,25700,19.3,448000,60,14.36,605,41.0,0,711000,63.0,1,Education,Salaried,North,2,10507.98,0,0,0,30.8,Moderate,0.0618
LN100690,2024-07-03,35,67200,6.8,1519000,24,13.25,628,45.2,0,1762000,86.2,2,Home,Salaried,Central,2,72394.53,5,0,0,32.75,Moderate,0.0999
LN100165,2024-07-03,42,103700,4.1,586000,60,6.5,690,32.7,0,570000,102.8,0,Home,Self-employed,Central,0,11465.76,0,0,0,25.29,Moderate,0.0449
LN104814,2024-07-04,41,61000,4.7,1135000,48,11.96,712,32.5,2,1896000,59.9,0,Education,Government,Central,0,29866.62,0,0,0,23.8,Low,0.0201
LN100309,2024-07-04,36,40600,25.4,835000,24,7.8,665,13.1,0,1408000,59.3,2,Auto,Self-employed,Central,1,37688.67,20,0,0,20.01,Low,0.0119
LN102834,2024-07-04,36,72200,11.3,181000,12,10.66,727,55.2,1,144000,125.7,0,Education,Salaried,North,1,15968.39,0,0,0,33.79,Moderate,0.102
LN104887,2024-07-04,52,55300,20.5,227000,60,13.72,761,18.4,0,379000,59.9,3,Auto,Contract,Central,0,5249.0,0,0,0,14.38,Low,0.0057
LN100618,2024-07-04,42,78400,10.2,282000,48,11.84,620,5.0,1,279000,101.1,6,Home,Government,North,2,7404.01,0,0,0,28.62,Moderate,0.0428
LN103882,2024-07-04,21,104100,9.2,182000,48,14.85,683,21.4,0,156000,116.7,1,Personal,Salaried,South,0,5051.37,0,0,0,24.79,Low,0.0353
LN104300,2024-07-04,34,79600,8.9,1613000,60,11.34,809,20.1,0,1872000,86.2,0,Business,Government,West,1,35344.65,0,0,0,16.48,Low,0.0067
LN102878,2024-07-05,41,49200,7.9,942000,60,9.86,615,41.0,1,1333000,70.7,4,Business,Salaried,North,0,19949.89,0,0,0,29.71,Moderate,0.071
LN101783,2024-07-05,45,57200,12.0,202000,24,11.46,824,25.7,1,143000,141.3,2,Auto,Salaried,Central,3,9457.98,0,0,0,27.65,Moderate,0.028
LN100240,2024-07-05,31,61900,5.2,333000,48,16.59,766,29.1,2,314000,106.1,1,Auto,Government,Central,2,9538.24,0,0,0,28.21,Moderate,0.0336
LN102006,2024-07-05,38,140600,6.2,1037000,72,11.68,762,51.6,0,839000,123.6,2,Home,Salaried,Central,0,20101.4,0,0,0,27.34,Moderate,0.0478
LN102175,2024-07-06,57,77200,5.3,292000,24,17.72,608,11.7,0,335000,87.2,1,Personal,Government,Central,2,14538.36,0,0,0,27.21,Moderate,0.047
LN102611,2024-07-06,28,11100,11.5,662000,48,10.57,731,33.8,1,498000,132.9,1,Auto,Salaried,West,2,16971.83,15,0,0,31.68,Moderate,0.0655
LN104710,2024-07-06,33,39300,10.6,156000,72,10.15,735,45.4,0,197000,79.2,0,Home,Salaried,North,1,2901.84,0,0,0,24.75,Low,0.026
LN100523,2024-07-06,43,48400,5.2,373000,36,10.85,752,49.3,0,480000,77.7,1,Business,Salaried,South,0,12185.06,0,0,0,22.82,Low,0.0245
LN104143,2024-07-07,41,53900,12.9,761000,60,8.76,601,12.3,1,1253000,60.7,2,Home,Salaried,East,0,15708.61,0,0,0,23.71,Low,0.0221
LN104791,2024-07-07,34,76400,9.1,320000,36,7.16,695,17.6,1,418000,76.6,0,Business,Salaried,South,2,9904.1,0,0,0,24.72,Low,0.0232
LN104899,2024-07-07,43,102400,7.5,223000,24,11.41,667,30.0,0,357000,62.5,1,Home,Self-employed,East,1,10436.05,0,0,0,23.6,Low,0.0288
LN103573,2024-07-07,40,116400,15.2,599000,36,15.61,729,47.8,1,838000,71.5,1,Auto,Self-employed,East,1,20943.91,0,0,0,26.78,Moderate,0.0367
LN102239,2024-07-07,44,40300,7.5,735000,72,11.18,661,36.0,0,949000,77.4,1,Business,Salaried,South,2,14057.9,0,0,0,28.28,Moderate,0.0512
LN103088,2024-07-07,21,80300,11.6,168000,60,13.12,681,7.1,0,224000,75.0,3,Personal,Salaried,West,2,3832.84,0,0,0,21.2,Low,0.0146
LN104906,2024-07-07,34,88200,5.5,329000,48,13.77,746,49.5,0,270000,121.9,3,Personal,Government,West,3,8952.5,0,0,0,32.6,Moderate,0.094
LN103191,2024-07-07,44,53400,17.6,247000,48,12.13,791,39.3,0,364000,67.9,3,Home,Contract,South,2,6520.23,0,0,0,21.11,Low,0.0151
LN104526,2024-07-08,26,36700,20.0,390000,72,11.84,729,47.0,0,406000,96.1,2,Personal,Salaried,South,1,7592.16,5,0,0,27.08,Moderate,0.0382
LN102516,2024-07-08,39,153000,3.0,708000,60,8.19,700,46.5,0,825000,85.8,0,Personal,Salaried,East,2,14420.15,60,1,0,29.15,Moderate,0.0628
LN100916,2024-07-09,43,95300,10.8,1395000,84,14.64,708,56.1,0,2172000,64.2,1,Business,Salaried,West,1,26637.99,0,0,0,26.82,Moderate,0.041
LN100500,2024-07-09,46,91100,2.2,224000,60,12.32,580,5.9,0,250000,89.6,0,Home,Contract,East,3,5019.05,5,0,0,29.43,Moderate,0.0806
LN102873,2024-07-09,33,42200,9.1,537000,36,13.09,586,6.6,0,800000,67.1,1,Business,Contract,East,0,18116.94,5,0,0,22.01,Low,0.0317
LN102698,2024-07-09,44,80500,4.6,652000,36,13.56,768,21.4,2,1019000,64.0,0,Home,Salaried,North,1,22144.73,0,0,0,20.69,Low,0.0102
LN102253,2024-07-09,38,103400,7.6,694000,48,11.5,700,17.6,3,950000,73.1,2,Business,Salaried,South,2,18105.77,0,0,0,28.1,Moderate,0.0313
LN102494,2024-07-10,27,39100,2.7,1150000,12,6.5,787,29.4,0,1095000,105.0,0,Auto,Government,Central,0,99240.88,0,0,0,19.72,Low,0.0134
LN100924,2024-07-10,49,28000,3.1,353000,24,12.01,664,25.2,1,586000,60.2,3,Personal,Salaried,North,0,16618.58,0,0,0,22.91,Low,0.0239
LN100276,2024-07-10,40,32100,8.7,783000,60,12.05,762,51.0,1,1050000,74.6,3,Personal,Salaried,Central,1,17437.19,0,0,0,25.99,Moderate,0.0313
LN102167,2024-07-10,27,61500,4.7,178000,36,12.3,691,43.0,1,210000,84.8,1,Business,Government,West,2,5937.68,0,0,0,30.83,Moderate,0.0692
LN104313,2024-07-10,41,62400,6.5,423000,12,10.91,566,48.0,1,723000,58.5,0,Personal,Salaried,North,0,37367.69,30,1,0,32.49,Moderate,0.1177
LN104563,2024-07-11,40,126700,13.3,195000,48,9.49,710,32.1,0,223000,87.4,2,Education,Contract,South,2,4898.08,180,1,1,25.91,Moderate,0.0391
LN101135,2024-07-11,47,37500,9.7,535000,12,13.96,642,18.2,1,431000,124.1,0,Education,Salaried,South,2,48026.04,15,0,0,32.4,Moderate,0.0798
LN102051,2024-07-11,30,78700,5.0,243000,24,6.57,720,46.9,1,312000,77.9,2,Personal,Salaried,South,0,10832.43,0,0,0,26.05,Moderate,0.0384
LN100711,2024-07-12,37,39500,5.2,389000,60,10.67,761,30.0,0,521000,74.7,2,Personal,Salaried,South,1,8393.92,0,0,0,19.85,Low,0.0133
LN101418,2024-07-12,52,82300,7.6,184000,24,12.54,648,5.0,0,178000,103.4,0,Auto,Salaried,Central,0,8707.99,0,0,0,22.03,Low,0.0205
LN104807,2024-07-12,44,103900,5.0,751000,36,10.29,708,29.7,0,813000,92.4,1,Personal,Salaried,Central,1,24335.04,5,0,0,24.36,Low,0.0304
LN104497,2024-07-13,48,92200,4.9,663000,48,15.39,746,28.0,1,1042000,63.6,2,Personal,Salaried,South,3,18583.12,0,0,0,24.47,Low,0.0207
LN101970,2024-07-13,43,39000,1.9,515000,60,13.67,737,21.1,1,901000,57.2,1,Personal,Contract,South,2,11895.22,0,0,0,21.26,Low,0.0196
LN103092,2024-07-13,37,61900,8.1,1247000,24,14.85,675,26.9,1,1836000,67.9,1,Business,Salaried,North,1,60374.02,0,0,0,25.1,Moderate,0.0283
LN103129,2024-07-13,34,74400,12.5,1027000,60,12.2,668,14.5,1,1473000,69.7,1,Personal,Salaried,West,0,22948.98,0,0,0,21.51,Low,0.0164
LN104137,2024-07-13,41,107600,5.7,754000,36,6.5,709,54.6,1,1151000,65.5,4,Business,Salaried,North,2,23109.35,0,0,0,30.27,Moderate,0.0609
LN101030,2024-07-13,36,29700,10.4,1008000,60,12.83,771,23.5,0,1764000,57.1,0,Personal,Salaried,Central,2,22847.47,0,0,0,17.93,Low,0.0078
LN104585,2024-07-14,49,30500,4.3,277000,24,12.55,575,48.9,1,359000,77.2,0,Home,Government,South,0,13110.61,5,0,0,34.06,Moderate,0.139
LN102422,2024-07-14,36,37700,12.0,195000,60,8.44,664,54.2,1,192000,101.6,0,Business,Salaried,South,0,3995.09,20,0,0,32.85,Moderate,0.1087
LN103163,2024-07-14,32,64300,5.6,438000,36,9.73,796,33.8,0,576000,76.0,3,Education,Self-employed,East,3,14077.57,20,0,0,22.22,Low,0.0172
LN103171,2024-07-14,43,119200,6.4,241000,36,12.99,731,18.9,0,218000,110.6,0,Auto,Salaried,South,1,8119.08,0,0,0,22.81,Low,0.0202
LN103395,2024-07-14,26,99900,8.8,431000,48,13.67,685,42.3,1,417000,103.4,1,Personal,Salaried,South,3,11706.49,0,0,0,34.54,Moderate,0.11
LN100274,2024-07-15,29,53400,6.8,546000,72,10.62,799,67.1,1,726000,75.2,3,Personal,Salaried,South,0,10286.65,0,0,0,25.64,Moderate,0.0329
LN100570,2024-07-15,38,64900,2.3,773000,24,10.72,694,43.8,2,1220000,63.4,6,Education,Salaried,North,2,35927.45,0,0,0,30.69,Moderate,0.0547
LN101791,2024-07-16,39,52300,4.3,957000,48,11.86,642,14.5,0,1133000,84.5,1,Personal,Salaried,North,2,25135.75,20,0,0,25.7,Moderate,0.0361
LN102665,2024-07-16,26,88500,10.3,107000,36,11.18,679,54.6,0,76000,140.8,1,Personal,Salaried,South,1,4026.75,0,0,0,35.72,Moderate,0.1811
LN102845,2024-07-16,28,131300,1.8,499000,48,12.96,796,38.5,0,580000,86.0,1,Personal,Salaried,South,0,13377.02,0,0,0,19.16,Low,0.0136
LN104332,2024-07-16,45,49300,10.7,569000,48,12.48,761,14.7,2,445000,127.9,3,Home,Contract,South,1,15118.4,0,0,0,26.11,Moderate,0.0344
LN102282,2024-07-16,49,167100,12.1,176000,60,11.09,763,32.6,0,200000,88.0,3,Auto,Salaried,West,1,4539.55,5,0,0,21.59,Low,0.0145
LN103896,2024-07-16,51,83800,11.5,313000,36,9.29,710,65.4,0,258000,121.3,2,Home,Salaried,East,0,9995.62,10,0,0,32.62,Moderate,0.1081
LN103991,2024-07-16,34,99700,7.4,202000,60,16.53,691,57.3,1,197000,102.5,3,Business,Salaried,North,0,4969.31,5,0,0,32.13,Moderate,0.1015
LN104203,2024-07-17,29,56800,6.2,258000,36,14.36,778,21.6,0,279000,92.5,2,Home,Self-employed,Central,0,8863.01,5,0,0,17.38,Low,0.0105
LN102866,2024-07-17,30,98200,10.4,159000,48,8.9,757,30.7,1,184000,86.4,0,Home,Government,East,2,3949.18,5,0,0,25.04,Moderate,0.0209
LN102242,2024-07-17,56,43100,5.8,773000,84,13.05,770,43.2,1,871000,88.7,3,Home,Salaried,South,1,14083.41,0,0,0,25.41,Moderate,0.0264
LN103576,2024-07-17,31,65500,2.7,589000,36,15.63,668,36.6,0,742000,79.4,1,Home,Government,North,0,20600.06,15,0,0,24.9,Low,0.0349
LN103733,2024-07-17,39,26400,14.9,232000,48,8.34,655,52.3,0,250000,92.8,2,Personal,Salaried,West,2,5700.9,0,0,0,33.4,Moderate,0.1088
LN103712,2024-07-17,41,37100,4.5,351000,60,11.91,719,14.9,0,343000,102.3,2,Auto,Salaried,North,1,7791.85,0,0,0,21.81,Low,0.0176
LN102339,2024-07-17,32,116200,12.9,378000,84,9.88,691,41.3,0,375000,100.8,1,Business,Self-employed,East,1,6251.84,10,0,0,28.42,Moderate,0.0658
LN102600,2024-07-17,21,61100,3.4,225000,84,9.58,771,48.6,0,394000,57.1,1,Personal,Self-employed,West,1,3686.62,0,0,0,21.28,Low,0.0214
LN102174,2024-07-18,30,125700,11.1,205000,84,11.94,765,37.8,1,317000,64.7,1,Education,Salaried,West,0,3959.55,0,0,0,20.53,Low,0.0117
LN102791,2024-07-18,33,44400,18.8,1455000,36,8.04,704,38.4,0,1965000,74.0,1,Home,Contract,West,1,45621.27,0,0,0,24.48,Low,0.0315
LN103835,2024-07-18,34,64400,3.7,612000,36,9.99,749,23.8,1,679000,90.1,1,Home,Salaried,West,1,19744.65,0,0,0,22.78,Low,0.0176
LN100616,2024-07-18,39,60000,10.4,1247000,24,14.52,659,40.0,0,937000,133.1,1,Education,Government,South,1,60178.85,0,0,0,33.09,Moderate,0.111
LN104356,2024-07-19,40,89200,11.0,923000,48,11.92,733,54.9,1,960000,96.1,3,Personal,Salaried,South,2,24269.89,0,0,0,32.12,Moderate,0.0777
LN101390,2024-07-19,42,25600,6.4,171000,48,13.29,770,28.1,3,224000,76.3,2,Business,Salaried,West,1,4612.15,0,0,0,25.15,Moderate,0.0205
LN104930,2024-07-20,48,46300,8.2,705000,72,15.12,761,33.7,0,558000,126.3,0,Business,Salaried,East,1,14953.22,0,0,0,25.75,Moderate,0.0352
LN103555,2024-07-20,38,70900,7.6,555000,72,13.52,681,21.5,0,645000,86.0,2,Auto,Salaried,North,2,11294.03,30,0,0,25.18,Moderate,0.0273
LN101453,2024-07-20,61,48300,5.0,265000,84,15.36,726,46.3,2,246000,107.7,2,Education,Salaried,North,2,5167.31,0,0,0,33.93,Moderate,0.089
LN104761,2024-07-20,44,43100,1.8,478000,72,16.36,690,20.1,0,630000,75.9,1,Home,Salaried,Central,0,10463.67,0,0,0,20.08,Low,0.0153
LN103361,2024-07-20,23,73500,6.5,306000,72,9.94,695,57.2,1,512000,59.8,1,Home,Government,Central,3,5659.65,0,0,0,32.63,Moderate,0.0732
LN104852,2024-07-20,43,90400,9.7,264000,60,11.05,639,49.8,1,321000,82.2,1,Personal,Contract,West,0,5746.58,90,1,1,31.35,Moderate,0.1242
LN103224,2024-07-21,41,101100,23.1,122000,60,14.56,598,15.0,0,85000,143.5,3,Home,Salaried,South,2,2874.27,0,0,0,34.02,Moderate,0.1026
LN100803,2024-07-21,34,155600,5.5,542000,48,9.19,662,52.0,0,509000,106.5,0,Education,Salaried,West,2,13536.64,0,0,0,34.34,Moderate,0.1284
LN101215,2024-07-21,49,29600,9.7,270000,48,9.08,793,20.7,0,337000,80.1,1,Education,Salaried,Central,0,6729.22,5,0,0,15.17,Low,0.0054
LN100532,2024-07-21,37,122200,9.5,274000,36,13.04,769,19.5,0,443000,61.9,5,Personal,Salaried,East,0,9237.42,5,0,0,14.38,Low,0.0053
LN101671,2024-07-22,35,47200,7.8,570000,24,13.22,651,26.5,0,433000,131.6,4,Home,Salaried,Central,1,27157.78,0,0,0,30.66,Moderate,0.0787
LN100985,2024-07-22,28,49500,9.2,228000,36,11.0,671,43.8,1,391000,58.3,2,Personal,Government,West,2,7464.43,20,0,0,29.4,Moderate,0.0524
LN103674,2024-07-22,37,55200,16.7,1099000,60,10.96,739,53.6,0,1582000,69.5,3,Business,Contract,West,0,23873.01,0,0,0,23.55,Low,0.0331
LN103248,2024-07-22,40,328800,4.6,280000,72,13.03,760,38.9,0,403000,69.5,2,Education,Salaried,East,0,10658.6,0,0,0,19.49,Low,0.0125
LN102366,2024-07-23,33,149000,8.7,232000,36,12.45,786,45.0,1,377000,61.5,2,Home,Salaried,Central,2,7755.68,5,0,0,23.87,Low,0.017
LN100010,2024-07-23,34,140000,5.0,467000,60,11.17,617,35.1,0,759000,61.5,1,Education,Salaried,South,1,10193.35,0,0,0,27.17,Moderate,0.0457
LN103143,2024-07-23,33,52000,8.7,196000,36,12.82,784,26.4,0,316000,62.0,1,Business,Salaried,South,1,6587.03,0,0,0,16.64,Low,0.007
LN101406,2024-07-23,25,62500,6.5,519000,48,11.78,726,41.9,0,847000,61.3,0,Auto,Salaried,Central,0,13611.27,0,0,0,21.07,Low,0.0163
LN101992,2024-07-23,49,102400,3.4,270000,48,8.6,786,20.3,0,230000,117.4,1,Auto,Self-employed,South,2,6667.8,0,0,0,22.52,Low,0.0215
LN102839,2024-07-23,37,54600,13.2,383000,36,11.96,638,36.8,0,290000,132.1,2,Home,Salaried,North,2,12713.76,10,0,0,35.13,Moderate,0.1344
LN102336,2024-07-23,43,63900,10.6,422000,60,13.77,657,34.4,0,694000,60.8,2,Business,Salaried,North,1,9768.95,0,0,0,24.84,Low,0.0305
LN102376,2024-07-23,35,81200,11.1,298000,60,10.84,636,37.1,0,347000,85.9,4,Education,Government,South,1,6455.49,0,0,0,29.01,Moderate,0.0567
LN104347,2024-07-25,24,93200,5.5,737000,60,11.21,711,36.3,0,734000,100.4,0,Business,Government,East,0,16101.46,0,0,0,24.66,Low,0.0347
LN100538,2024-07-25,47,36000,9.3,300000,48,11.67,649,5.0,0,292000,102.7,2,Auto,Self-employed,North,0,7851.63,0,0,0,21.91,Low,0.0242
LN104472,2024-07-25,50,26600,12.9,456000,60,15.42,628,46.6,0,443000,102.9,4,Home,Salaried,South,0,10949.0,0,0,0,31.36,Moderate,0.0911
LN104077,2024-07-25,21,37300,10.0,248000,60,13.67,743,48.9,0,389000,63.8,1,Personal,Salaried,North,3,5728.19,0,0,0,26.82,Moderate,0.0332
LN101362,2024-07-25,39,50800,4.1,426000,24,13.12,658,35.0,1,674000,63.2,0,Auto,Salaried,South,1,20276.84,0,0,0,27.15,Moderate,0.0388
LN104863,2024-07-25,26,38800,3.9,434000,36,10.28,716,33.7,0,444000,97.7,2,Business,Government,West,0,14061.08,0,0,0,23.6,Low,0.0296
LN103811,2024-07-25,42,76200,15.9,278000,12,11.81,690,29.9,0,490000,56.7,1,Personal,Salaried,South,1,24675.26,0,0,0,21.79,Low,0.0166
LN104552,2024-07-25,46,84900,12.5,1711000,60,7.93,749,26.7,0,2519000,67.9,0,Home,Salaried,South,1,34635.62,0,0,0,19.14,Low,0.0095
LN101280,2024-07-25,39,68600,12.3,326000,60,15.45,581,14.8,0,404000,80.7,0,Home,Salaried,West,0,7832.73,0,0,0,25.27,Moderate,0.0344
LN102905,2024-07-26,45,62800,8.9,712000,72,9.9,681,38.9,2,631000,112.8,2,Auto,Self-employed,West,1,13154.52,0,0,0,33.67,Moderate,0.1129
LN103228,2024-07-26,45,57700,1.6,302000,12,16.46,696,18.0,0,367000,82.3,1,Business,Salaried,South,0,27466.5,0,0,0,19.98,Low,0.0166
LN102457,2024-07-27,40,93600,20.2,227000,48,11.37,820,47.8,0,274000,82.8,1,Personal,Salaried,North,0,5907.81,0,0,0,19.43,Low,0.0107
LN103478,2024-07-27,48,188200,3.0,366000,84,14.28,748,8.3,1,559000,65.5,2,Auto,Government,East,0,6915.58,15,0,0,15.61,Low,0.0057
LN101823,2024-07-27,32,84900,11.8,373000,36,7.27,687,41.5,1,354000,105.4,0,Auto,Salaried,Central,2,11563.26,0,0,0,32.8,Moderate,0.0796
LN102857,2024-07-28,36,42500,3.9,642000,60,13.49,708,52.8,0,1088000,59.0,1,Education,Salaried,South,1,14769.01,0,0,0,25.64,Moderate,0.0336
LN104145,2024-07-28,21,28700,15.6,151000,84,12.03,751,51.5,0,101000,149.5,0,Home,Contract,West,0,2667.99,5,0,0,30.49,Moderate,0.0988
LN101035,2024-07-28,52,67200,7.1,648000,36,8.92,819,26.2,0,1109000,58.4,1,Personal,Salaried,East,2,20582.11,0,0,0,16.05,Low,0.0057
LN102609,2024-07-28,49,63500,7.3,356000,60,8.88,761,33.3,1,499000,71.3,1,Auto,Government,West,1,7369.26,5,0,0,22.17,Low,0.0148
LN101310,2024-07-28,38,59500,11.8,1555000,84,13.09,739,37.9,0,2633000,59.1,2,Education,Contract,Central,2,28364.64,120,1,1,22.7,Low,0.0224
LN104232,2024-07-29,33,67200,6.3,1576000,60,12.19,809,37.7,0,2341000,67.3,2,Business,Salaried,North,1,35208.75,30,0,0,18.11,Low,0.0092
LN100421,2024-07-29,54,36700,10.3,406000,48,9.82,654,41.4,0,453000,89.6,4,Personal,Contract,South,0,10262.15,0,0,0,27.62,Moderate,0.0778
LN103341,2024-07-30,36,64500,19.4,465000,60,11.81,745,56.6,0,520000,89.4,2,Auto,Salaried,North,0,10299.08,0,0,0,25.82,Moderate,0.0304
LN104239,2024-07-30,37,36300,10.5,720000,12,11.92,686,41.9,2,1216000,59.2,2,Auto,Salaried,North,3,63944.19,15,0,0,31.98,Moderate,0.0544
LN102862,2024-07-30,28,32900,15.7,500000,72,10.74,782,16.9,0,899000,55.6,0,Business,Salaried,West,1,9450.59,0,0,0,14.21,Low,0.0041
LN100194,2024-07-30,40,26800,8.7,644000,60,9.69,644,34.8,0,991000,65.0,0,Personal,Self-employed,West,1,13585.07,0,0,0,26.03,Moderate,0.0487
LN103728,2024-07-30,27,79300,8.2,136000,24,9.69,734,54.5,0,243000,56.0,1,Personal,Self-employed,North,0,6256.27,0,0,0,22.64,Low,0.0288
LN104130,2024-07-31,36,116800,1.7,694000,84,13.85,593,27.1,0,981000,70.7,4,Home,Salaried,North,0,12948.13,0,0,0,26.1,Moderate,0.0455
LN100243,2024-07-31,46,89000,10.6,1295000,60,13.11,765,53.0,1,1642000,78.9,2,Education,Contract,North,2,29538.2,0,0,0,28.32,Moderate,0.0505
LN100552,2024-07-31,49,59800,3.5,245000,72,11.71,626,60.2,0,257000,95.3,1,Home,Salaried,South,0,4752.93,0,0,0,33.43,Moderate,0.1418
LN103225,2024-07-31,29,51600,21.4,334000,72,12.06,673,50.3,0,597000,55.9,3,Education,Contract,South,2,6540.19,5,0,0,28.35,Moderate,0.0529
LN102244,2024-08-01,53,90900,11.7,493000,60,9.09,701,36.7,0,872000,56.5,2,Personal,Salaried,South,2,10255.42,0,0,0,24.21,Low,0.0238
LN104027,2024-08-01,36,108700,3.4,421000,24,9.81,582,26.9,0,364000,115.7,1,Education,Self-employed,South,3,19390.12,0,0,0,36.14,Moderate,0.1983
LN100721,2024-08-01,23,148600,9.1,614000,84,10.38,587,25.9,0,985000,62.3,3,Education,Self-employed,West,1,10314.09,0,0,0,27.0,Moderate,0.0527
LN103471,2024-08-01,37,136000,7.2,566000,24,16.28,706,31.4,0,860000,65.8,1,Auto,Salaried,South,0,27788.9,0,0,0,20.48,Low,0.0149
LN100595,2024-08-01,33,28200,5.2,786000,72,8.63,713,36.9,1,1084000,72.5,2,Auto,Salaried,South,2,14024.17,5,0,0,27.22,Moderate,0.0335
LN104797,2024-08-01,21,77800,10.7,543000,72,12.52,713,44.7,0,581000,93.5,2,Personal,Salaried,East,1,10763.16,90,1,1,27.21,Moderate,0.0451
LN104561,2024-08-01,53,44200,13.2,274000,36,10.07,656,15.5,0,349000,78.5,2,Home,Salaried,West,1,8850.22,20,0,0,22.89,Low,0.0192
LN101384,2024-08-02,45,80300,4.8,214000,60,8.47,751,10.9,0,384000,55.7,4,Personal,Salaried,North,2,4387.44,0,0,0,16.32,Low,0.0065
LN103117,2024-08-02,31,76500,15.4,215000,24,12.74,636,23.9,0,258000,83.3,2,Auto,Contract,East,3,10195.25,0,0,0,29.44,Moderate,0.0645
LN104908,2024-08-02,40,108200,2.9,179000,72,13.62,749,24.5,0,315000,56.8,1,Home,Salaried,South,1,3652.1,0,0,0,17.59,Low,0.0083
LN100707,2024-08-02,54,75000,21.3,180000,12,15.43,700,17.3,0,306000,58.8,3,Auto,Government,East,1,16283.04,0,0,0,18.95,Low,0.0083
LN102608,2024-08-02,46,54300,15.2,194000,48,11.01,751,32.6,1,276000,70.3,1,Home,Salaried,South,1,5014.97,0,0,0,22.46,Low,0.0139
LN104214,2024-08-03,38,48300,7.0,284000,36,11.13,697,34.3,2,411000,69.1,0,Auto,Salaried,North,1,9315.29,0,0,0,27.54,Moderate,0.0335
LN104582,2024-08-03,38,31100,7.0,328000,60,13.29,760,38.3,0,586000,56.0,2,Auto,Salaried,South,0,7511.79,0,0,0,18.02,Low,0.0093
LN100766,2024-08-03,38,87800,6.8,405000,48,13.8,728,29.8,1,462000,87.7,1,Home,Government,West,0,11026.63,5,0,0,23.19,Low,0.0204
LN102382,2024-08-03,41,55900,6.9,872000,60,8.51,796,35.1,0,1333000,65.4,0,Personal,Salaried,South,2,17894.62,0,0,0,19.75,Low,0.0111
LN100400,2024-08-03,24,36800,11.6,122000,60,9.18,703,47.5,0,164000,74.4,0,Personal,Salaried,West,1,2543.19,0,0,0,26.39,Moderate,0.0387
LN103724,2024-08-04,32,60800,6.6,396000,36,11.52,687,18.7,0,505000,78.4,0,Education,Salaried,North,1,13062.27,30,0,0,21.88,Low,0.0174
LN101658,2024-08-04,29,61600,2.4,392000,48,12.2,687,70.2,1,498000,78.7,1,Auto,Government,North,2,10361.4,0,0,0,35.87,Moderate,0.144
LN101559,2024-08-04,36,127400,5.4,1096000,84,13.26,663,33.2,0,1172000,93.5,1,Personal,Contract,West,0,20093.64,0,0,0,25.89,Moderate,0.0626
LN102468,2024-08-04,44,53100,18.1,1032000,48,10.96,742,22.5,1,1219000,84.7,1,Business,Self-employed,North,2,26652.54,0,0,0,24.02,Low,0.0217
LN101335,2024-08-05,35,67700,8.9,364000,84,15.17,726,6.2,0,276000,131.9,1,Personal,Self-employed,South,0,7058.78,0,0,0,20.99,Low,0.0225
LN103788,2024-08-05,40,90100,10.3,499000,48,13.41,725,33.4,0,381000,131.0,1,Personal,Salaried,Central,0,13488.69,60,1,0,26.4,Moderate,0.0445
LN103623,2024-08-05,38,115100,9.9,282000,60,13.0,704,41.1,0,204000,138.2,3,Education,Salaried,East,0,6416.37,0,0,0,29.77,Moderate,0.0709
LN100529,2024-08-06,30,61700,9.8,695000,60,11.2,607,57.5,1,1087000,63.9,0,Auto,Salaried,Central,1,15180.4,0,0,0,34.42,Moderate,0.1209
LN102882,2024-08-06,33,120500,9.0,505000,72,16.55,698,27.7,1,818000,61.7,2,Home,Government,East,0,11107.87,0,0,0,21.76,Low,0.0156
LN104017,2024-08-06,44,45700,5.0,672000,72,12.18,614,11.3,1,586000,114.7,0,Auto,Contract,North,1,13200.72,30,0,0,29.89,Moderate,0.0883
LN100487,2024-08-06,28,79800,5.9,582000,72,11.94,850,35.1,0,748000,77.8,1,Business,Salaried,Central,1,11360.06,0,0,0,16.47,Low,0.0068
LN104895,2024-08-06,38,44700,7.6,295000,72,10.42,693,57.5,0,261000,113.0,0,Home,Self-employed,North,0,5527.81,0,0,0,31.11,Moderate,0.1103
LN101294,2024-08-06,39,36700,10.5,353000,36,7.76,717,49.9,0,548000,64.4,1,Home,Salaried,Central,4,11022.7,0,0,0,30.13,Moderate,0.0469
LN102686,2024-08-06,42,51100,2.0,317000,48,9.37,649,20.0,0,220000,144.1,2,Home,Salaried,South,1,7944.37,10,0,0,30.72,Moderate,0.0866
LN102471,2024-08-06,59,56100,12.9,225000,60,10.29,704,6.6,0,292000,77.1,1,Personal,Contract,North,1,4812.75,0,0,0,18.43,Low,0.0137
LN100878,2024-08-07,38,43900,4.1,202000,60,7.68,647,35.4,0,340000,59.4,2,Personal,Salaried,South,1,4064.97,0,0,0,25.43,Moderate,0.0379
LN100846,2024-08-07,41,264900,4.2,446000,24,8.47,632,14.5,1,353000,126.3,1,Auto,Salaried,West,2,20267.11,0,0,0,32.4,Moderate,0.0869
LN102562,2024-08-07,30,103700,15.5,549000,48,14.41,732,31.0,0,879000,62.5,3,Personal,Salaried,West,1,15115.39,0,0,0,20.36,Low,0.0127
LN100043,2024-08-07,35,44000,3.8,572000,60,9.59,594,9.6,0,1002000,57.1,1,Personal,Salaried,South,0,12038.24,0,0,0,21.18,Low,0.0214
LN104084,2024-08-07,50,125800,1.6,503000,24,11.82,850,31.9,2,524000,96.0,1,Home,Self-employed,South,0,23635.7,0,0,0,19.98,Low,0.0125
LN102290,2024-08-08,54,15700,3.9,421000,48,14.17,647,29.6,1,507000,83.0,1,Home,Salaried,West,1,11540.38,0,0,0,28.63,Moderate,0.0508
LN101470,2024-08-08,49,66200,3.0,504000,24,11.91,656,28.0,0,720000,70.0,1,Auto,Contract,South,1,23703.85,0,0,0,24.54,Low,0.0413
LN101789,2024-08-08,50,90400,5.7,772000,72,10.24,746,37.0,1,821000,94.0,1,Auto,Salaried,North,0,14395.56,45,1,0,24.31,Low,0.0249
LN101088,2024-08-08,36,73800,8.4,549000,36,11.65,614,43.4,1,552000,99.5,2,Home,Salaried,West,1,18143.02,0,0,0,34.79,Moderate,0.1317
LN104724,2024-08-09,37,45300,9.8,569000,36,14.05,750,7.3,2,387000,147.0,1,Home,Salaried,South,1,19460.89,0,0,0,27.12,Moderate,0.03
LN103934,2024-08-09,39,87800,3.2,377000,48,10.2,718,23.5,0,674000,55.9,0,Personal,Salaried,East,0,9597.95,0,0,0,17.28,Low,0.0101
LN104361,2024-08-09,31,128100,3.3,446000,48,8.18,773,29.4,1,494000,90.3,1,Education,Salaried,Central,1,10925.89,0,0,0,22.65,Low,0.017
LN102661,2024-08-09,30,69600,16.1,105000,36,12.73,732,19.8,0,147000,71.4,5,Home,Salaried,East,0,3524.23,0,0,0,17.35,Low,0.0074
LN102419,2024-08-09,26,57700,7.7,401000,84,10.98,728,49.0,1,390000,102.8,1,Business,Salaried,South,0,6861.88,0,0,0,28.54,Moderate,0.0552
LN100634,2024-08-09,29,44600,3.4,522000,36,14.19,657,55.0,0,609000,85.7,0,Home,Government,East,1,17888.93,0,0,0,31.45,Moderate,0.0925
LN104168,2024-08-09,47,74100,8.9,859000,72,11.71,795,29.8,0,804000,106.8,0,Auto,Salaried,South,0,16664.35,10,0,0,19.55,Low,0.0118
LN100848,2024-08-10,32,41800,2.5,293000,48,11.11,646,44.6,0,242000,121.1,2,Personal,Salaried,Central,1,7588.4,20,0,0,33.5,Moderate,0.146
LN101306,2024-08-10,38,44100,5.8,648000,60,12.26,802,33.3,1,845000,76.7,2,Personal,Salaried,North,2,14499.69,0,0,0,22.2,Low,0.0149
LN103032,2024-08-10,42,128000,19.4,304000,12,11.85,795,50.1,0,289000,105.2,1,Personal,Salaried,South,3,26988.7,0,0,0,28.45,Moderate,0.0375
LN104228,2024-08-11,40,27800,17.7,772000,48,14.33,619,16.2,1,1214000,63.6,3,Personal,Salaried,North,1,21224.06,0,0,0,25.5,Moderate,0.0278
LN101496,2024-08-11,57,104900,14.8,1235000,60,14.05,776,15.8,1,1635000,75.5,4,Personal,Government,West,2,28768.31,0,0,0,19.96,Low,0.009
LN101882,2024-08-11,27,45800,10.2,463000,60,12.41,662,29.8,1,429000,107.9,2,Business,Salaried,West,2,10395.36,90,1,1,32.04,Moderate,0.0803
LN102270,2024-08-11,41,28500,9.5,2222000,60,11.09,716,19.1,0,2894000,76.8,1,Personal,Contract,North,4,48411.46,0,0,0,25.26,Moderate,0.0332
LN104709,2024-08-11,38,38800,2.7,355000,60,10.93,682,35.3,1,368000,96.5,0,Auto,Salaried,South,1,7706.17,20,0,0,29.27,Moderate,0.0564
LN103581,2024-08-11,50,48300,7.5,882000,48,8.43,745,16.8,0,1479000,59.6,2,Home,Salaried,Central,1,21710.67,0,0,0,16.55,Low,0.0065
LN100759,2024-08-11,44,97900,4.5,173000,60,8.59,688,55.2,0,198000,87.4,0,Auto,Contract,East,1,4503.4,15,0,0,30.02,Moderate,0.0978
LN104767,2024-08-11,36,67000,9.7,601000,60,10.29,729,48.7,0,981000,61.3,3,Education,Government,Central,2,12855.4,15,0,0,25.61,Moderate,0.0272
LN100824,2024-08-12,34,48800,15.5,51000,72,9.89,636,49.2,0,78000,65.4,1,Personal,Salaried,North,1,2000.8,0,0,0,29.38,Moderate,0.0628
LN103399,2024-08-12,34,63800,5.9,573000,84,10.63,557,44.2,2,558000,102.7,1,Home,Salaried,West,2,9700.04,30,1,0,41.96,Moderate,0.3073
LN104394,2024-08-12,46,70500,7.1,274000,48,14.47,791,38.6,0,207000,132.4,0,Education,Self-employed,Central,2,7552.21,0,0,0,27.42,Moderate,0.0469
LN103549,2024-08-12,38,56000,2.8,382000,72,9.79,777,52.4,0,520000,73.5,0,Home,Self-employed,North,0,7036.48,15,0,0,21.69,Low,0.0231
LN100880,2024-08-12,61,20500,16.2,561000,72,11.86,662,44.0,0,728000,77.1,3,Home,Salaried,Central,2,10926.86,0,0,0,29.8,Moderate,0.0529
LN100188,2024-08-13,30,41800,6.0,1745000,24,9.0,596,17.5,0,1770000,98.6,0,Home,Salaried,Central,1,79719.88,0,0,0,28.47,Moderate,0.0577
LN103816,2024-08-14,35,57100,9.5,1278000,60,11.42,749,40.8,0,1159000,110.3,2,Home,Self-employed,West,0,28055.25,10,0,0,24.54,Low,0.0353
LN101212,2024-08-14,32,51700,12.6,155000,36,10.15,755,43.4,0,166000,93.4,1,Personal,Contract,South,2,5012.34,0,0,0,26.38,Moderate,0.0466
LN104175,2024-08-14,42,54200,3.8,84000,24,7.15,789,41.1,0,107000,78.5,3,Business,Salaried,Central,4,3766.61,0,0,0,25.97,Moderate,0.027
LN104850,2024-08-14,21,47800,6.6,404000,36,11.64,648,11.9,0,696000,58.0,1,Personal,Salaried,North,1,13349.22,0,0,0,20.54,Low,0.0159
LN100808,2024-08-14,49,237900,6.3,424000,48,6.72,800,20.8,1,559000,75.8,1,Auto,Salaried,Central,1,10098.22,15,0,0,18.05,Low,0.0072
LN104112,2024-08-14,52,108200,9.0,996000,72,7.7,630,22.2,0,1429000,69.7,1,Personal,Salaried,South,2,17317.57,0,0,0,26.39,Moderate,0.0379
LN104751,2024-08-15,36,69600,4.6,574000,84,14.01,691,41.4,1,480000,119.6,0,Education,Salaried,Central,0,10759.94,0,0,0,30.66,Moderate,0.0768
LN100574,2024-08-15,45,40600,8.8,406000,72,12.75,682,33.2,0,601000,67.6,3,Home,Salaried,West,3,8096.61,0,0,0,27.29,Moderate,0.0341
LN100903,2024-08-15,50,108100,13.8,267000,60,8.96,595,35.3,0,197000,135.5,2,Auto,Salaried,South,1,5537.3,0,0,0,35.78,Moderate,0.1662
LN104320,2024-08-15,38,52400,2.3,301000,24,9.44,676,56.8,0,279000,107.9,4,Auto,Government,East,1,13811.95,0,0,0,33.03,Moderate,0.1198
LN102970,2024-08-16,21,139900,8.1,401000,60,14.77,675,31.5,0,303000,132.3,3,Personal,Salaried,South,2,9491.42,10,0,0,32.13,Moderate,0.0982
LN102398,2024-08-16,40,78100,9.1,472000,48,13.55,712,15.8,1,578000,81.7,2,Home,Salaried,North,0,12791.8,0,0,0,20.64,Low,0.0128
LN100842,2024-08-16,28,31700,0.5,564000,84,12.98,698,49.3,0,641000,88.0,3,Home,Government,North,1,10254.14,120,1,1,28.37,Moderate,0.0569
LN100337,2024-08-16,35,44200,5.1,430000,84,13.08,803,47.8,2,317000,135.6,3,Auto,Government,North,1,7841.26,0,0,0,31.27,Moderate,0.0616
LN100902,2024-08-17,38,60400,6.5,293000,72,10.22,596,18.5,2,368000,79.6,1,Business,Salaried,East,3,5460.63,0,0,0,34.11,Moderate,0.0956
LN100619,2024-08-17,40,60400,8.3,176000,60,13.77,768,52.2,0,171000,102.9,2,Business,Self-employed,West,2,4074.26,0,0,0,28.4,Moderate,0.0598
LN100016,2024-08-18,29,23700,2.2,480000,36,10.16,791,46.0,1,647000,74.2,0,Business,Salaried,North,1,15524.33,0,0,0,23.41,Low,0.0213
LN103929,2024-08-18,40,69100,12.0,282000,48,15.1,684,21.5,1,438000,64.4,0,Personal,Self-employed,East,0,7862.57,0,0,0,21.53,Low,0.0203
LN100316,2024-08-18,44,31500,10.2,864000,48,12.66,673,34.3,0,1130000,76.5,3,Auto,Salaried,South,1,23033.42,0,0,0,25.55,Moderate,0.0312
LN101220,2024-08-18,27,115600,11.2,410000,36,8.73,754,32.4,0,359000,114.2,0,Education,Salaried,South,1,12986.43,0,0,0,24.65,Low,0.0254
LN102173,2024-08-19,39,86800,30.3,223000,84,10.51,571,46.5,1,222000,100.5,1,Home,Contract,Central,1,3761.09,0,0,0,37.79,Moderate,0.2128
LN102394,2024-08-19,37,66400,11.4,754000,72,11.15,705,21.4,0,1279000,59.0,0,Personal,Self-employed,North,0,14409.69,0,0,0,17.86,Low,0.0124
LN101609,2024-08-19,36,71700,3.4,1338000,12,11.76,619,28.4,0,2017000,66.3,0,Home,Salaried,Central,0,118729.51,90,1,1,24.54,Low,0.0335
LN101391,2024-08-19,32,64900,12.8,450000,60,11.67,610,36.3,0,697000,64.6,2,Home,Government,South,1,9935.12,10,0,0,28.09,Moderate,0.0479
LN100957,2024-08-20,42,86800,7.1,248000,60,10.49,626,31.0,0,391000,63.4,1,Education,Salaried,Central,0,5329.26,0,0,0,24.4,Low,0.0308
LN104764,2024-08-20,29,69800,7.3,231000,36,9.13,782,50.2,0,347000,66.6,3,Personal,Contract,North,3,7359.72,0,0,0,25.3,Moderate,0.0365
LN100218,2024-08-20,34,50800,5.9,253000,36,10.75,698,21.2,1,446000,56.7,2,Business,Salaried,North,1,8252.97,0,0,0,21.62,Low,0.0157
LN103822,2024-08-20,38,73800,5.6,845000,84,11.02,784,21.0,1,1213000,69.7,1,Personal,Salaried,South,1,14477.35,5,0,0,18.33,Low,0.0086
LN100427,2024-08-20,44,64400,16.6,364000,36,12.27,731,61.4,2,535000,68.0,3,Business,Salaried,South,2,12137.0,0,0,0,32.71,Moderate,0.0669
LN103461,2024-08-21,55,23000,18.0,917000,48,16.23,611,44.9,0,935000,98.1,3,Home,Contract,Central,0,26096.18,30,1,0,31.44,Moderate,0.1189
LN101875,2024-08-21,51,42200,3.9,204000,60,15.36,817,41.4,1,186000,109.7,2,Auto,Government,South,0,4891.78,0,0,0,23.0,Low,0.0196
LN104524,2024-08-21,49,41700,13.4,145000,60,13.97,708,21.2,0,108000,134.3,1,Business,Salaried,West,0,3371.64,0,0,0,25.19,Moderate,0.0345
LN102945,2024-08-21,28,41400,12.1,548000,72,9.7,629,20.3,0,891000,61.5,3,Home,Salaried,North,0,10069.45,15,0,0,21.91,Low,0.0186
LN102631,2024-08-21,42,43200,8.1,429000,84,15.19,827,72.9,0,599000,71.6,2,Personal,Salaried,South,3,8324.11,0,0,0,27.96,Moderate,0.0391
LN101217,2024-08-22,41,36600,3.1,139000,84,10.8,794,37.0,1,106000,131.1,2,Business,Government,North,1,2365.43,5,0,0,27.14,Moderate,0.0406
LN101677,2024-08-22,52,42300,16.5,146000,24,11.61,741,50.8,1,115000,127.0,0,Auto,Contract,North,2,6846.17,0,0,0,33.96,Moderate,0.1199
LN101108,2024-08-22,32,84000,10.4,554000,36,8.44,661,57.8,0,671000,82.6,1,Personal,Salaried,Central,0,17473.02,5,0,0,29.83,Moderate,0.0797
LN101707,2024-08-22,55,66000,18.3,398000,36,12.26,570,26.8,1,610000,65.2,4,Education,Government,Central,1,13268.77,0,0,0,30.37,Moderate,0.0577
LN103553,2024-08-22,61,65200,12.0,1114000,72,11.73,699,50.9,1,1193000,93.4,2,Personal,Government,West,2,21622.82,90,1,1,32.85,Moderate,0.0881
LN104370,2024-08-22,22,31600,9.8,1198000,36,9.46,683,22.8,0,936000,128.0,1,Home,Salaried,North,0,38353.08,0,0,0,26.2,Moderate,0.0397
LN104700,2024-08-23,29,57800,11.0,354000,72,12.04,675,27.1,0,369000,95.9,1,Education,Self-employed,South,0,6928.13,0,0,0,24.27,Low,0.0345
LN103606,2024-08-23,31,32900,10.1,719000,48,10.98,743,30.8,3,1109000,64.8,3,Personal,Self-employed,South,2,18575.95,10,0,0,27.64,Moderate,0.034
LN104288,2024-08-23,52,65600,9.8,549000,60,11.05,712,32.5,1,785000,69.9,3,Home,Salaried,South,0,11950.28,0,0,0,22.8,Low,0.0183
LN102088,2024-08-23,34,66700,14.7,668000,84,12.77,643,30.8,2,1113000,60.0,2,Education,Salaried,Central,2,12068.86,75,1,0,30.45,Moderate,0.0455
LN102367,2024-08-23,23,51900,4.8,496000,36,11.95,646,17.5,1,384000,129.2,1,Home,Salaried,North,0,16462.46,5,0,0,29.22,Moderate,0.0627
LN103203,2024-08-23,50,44200,2.3,365000,60,12.52,675,21.5,0,615000,59.3,4,Personal,Government,South,1,8215.46,0,0,0,21.16,Low,0.0184
LN101713,2024-08-24,46,74500,12.7,749000,60,8.85,643,30.1,0,976000,76.7,3,Personal,Contract,South,1,15493.54,0,0,0,26.32,Moderate,0.0549
LN102456,2024-08-25,33,42000,7.4,696000,60,9.37,679,38.7,1,598000,116.4,2,Home,Salaried,South,2,14573.12,0,0,0,33.77,Moderate,0.0996
LN104603,2024-08-25,50,54200,7.3,393000,36,7.74,626,43.6,0,673000,58.4,4,Education,Self-employed,Central,2,12268.11,0,0,0,29.75,Moderate,0.0743
LN102519,2024-08-25,30,89700,11.8,740000,72,9.47,667,25.9,1,1195000,61.9,1,Auto,Salaried,North,1,13512.17,0,0,0,24.72,Low,0.0228
LN102084,2024-08-25,33,56000,5.6,905000,60,9.56,723,34.5,0,1122000,80.7,0,Personal,Government,West,3,19033.23,0,0,0,26.69,Moderate,0.0354
LN102254,2024-08-25,27,91800,9.2,168000,36,11.87,683,30.3,0,180000,93.3,0,Business,Salaried,West,1,5569.58,0,0,0,25.9,Moderate,0.037
LN103053,2024-08-25,31,51400,2.1,674000,48,15.14,676,59.2,1,749000,90.0,3,Auto,Contract,South,0,18805.79,0,0,0,32.05,Moderate,0.1348
LN104916,2024-08-25,48,122300,12.7,1970000,36,7.97,630,33.7,0,3350000,58.8,2,Personal,Salaried,Central,4,61705.38,10,0,0,30.93,Moderate,0.0617
LN102160,2024-08-26,28,74100,16.4,356000,48,12.27,630,10.2,0,307000,116.0,0,Personal,Self-employed,South,1,9422.11,10,0,0,26.95,Moderate,0.0526
LN100990,2024-08-26,40,84100,16.4,241000,36,9.05,638,22.7,0,166000,145.2,1,Auto,Salaried,North,1,7669.35,5,0,0,31.95,Moderate,0.0872
LN104267,2024-08-26,21,25800,7.7,174000,60,13.32,634,51.8,0,135000,128.9,0,Business,Salaried,North,0,3987.6,0,0,0,34.69,Moderate,0.1777
LN103754,2024-08-26,32,47400,9.7,943000,84,9.57,618,30.0,0,949000,99.4,1,Personal,Self-employed,West,1,15446.2,0,0,0,29.89,Moderate,0.0931
LN100396,2024-08-26,23,72900,8.2,557000,60,10.59,670,35.7,2,746000,74.7,3,Business,Government,South,0,11996.95,0,0,0,28.14,Moderate,0.0457
LN103560,2024-08-26,40,53600,7.1,484000,24,12.47,747,24.8,0,800000,60.5,3,Personal,Contract,North,2,22889.94,0,0,0,19.8,Low,0.0163
LN102321,2024-08-27,45,61400,17.3,194000,60,13.23,598,37.1,1,343000,56.6,0,Home,Salaried,West,0,4436.97,0,0,0,28.42,Moderate,0.046
LN100277,2024-08-27,33,35500,12.4,581000,24,13.72,754,5.0,0,712000,81.6,1,Home,Contract,North,1,27818.69,0,0,0,15.91,Low,0.0077
LN104771,2024-08-27,29,74500,3.1,448000,60,15.11,713,34.3,0,689000,65.0,0,Education,Salaried,North,2,10683.77,0,0,0,23.95,Low,0.0228
LN101589,2024-08-27,39,74000,8.8,489000,36,8.27,690,39.7,0,389000,125.7,1,Home,Salaried,West,0,15384.46,0,0,0,28.98,Moderate,0.0636
LN100436,2024-08-27,53,63200,6.8,254000,72,11.73,719,56.6,0,264000,96.2,1,Business,Salaried,North,0,4930.16,0,0,0,27.88,Moderate,0.0579
LN104421,2024-08-27,28,74400,7.3,943000,36,11.84,677,13.3,1,1510000,62.5,6,Personal,Contract,North,0,31249.08,0,0,0,20.07,Low,0.0193
LN102012,2024-08-27,31,98800,6.9,426000,24,6.5,684,28.0,0,287000,148.4,2,Personal,Government,North,1,18976.7,0,0,0,30.89,Moderate,0.0909
LN103504,2024-08-27,33,33600,5.1,220000,48,14.36,726,20.0,1,170000,129.4,1,Home,Salaried,South,1,6051.63,0,0,0,27.17,Moderate,0.0378
LN103326,2024-08-27,38,60200,15.9,278000,60,14.8,766,15.3,2,388000,71.6,1,Home,Government,East,0,6584.45,30,0,0,18.67,Low,0.0068
LN102443,2024-08-27,44,94900,15.9,350000,72,11.25,565,46.6,1,457000,76.6,2,Auto,Salaried,West,0,6706.83,5,0,0,34.07,Moderate,0.1204
LN103274,2024-08-27,30,37900,18.4,815000,24,7.57,737,16.0,0,1458000,55.9,1,Home,Salaried,Central,1,36700.61,0,0,0,16.44,Low,0.0054
LN104204,2024-08-27,39,38000,22.3,281000,60,12.95,683,62.4,1,371000,75.7,1,Home,Salaried,South,3,6386.42,0,0,0,35.89,Moderate,0.1008
LN101561,2024-08-27,31,124000,15.9,623000,36,13.39,537,45.0,0,558000,111.6,1,Home,Contract,South,2,21108.55,75,1,0,40.06,Moderate,0.3487
LN104992,2024-08-28,37,89300,2.7,699000,60,7.57,646,41.7,1,1174000,59.5,2,Education,Salaried,South,2,14029.79,0,0,0,30.42,Moderate,0.0618
LN103298,2024-08-28,28,59400,6.4,667000,48,13.0,729,40.8,1,667000,100.0,2,Personal,Salaried,South,0,17893.94,0,0,0,26.57,Moderate,0.0412
LN102917,2024-08-28,44,52200,10.8,141000,72,14.11,684,57.7,1,225000,62.7,2,Auto,Salaried,Central,5,2913.72,0,0,0,36.93,Moderate,0.1127
LN100615,2024-08-28,39,19100,6.3,565000,84,11.82,763,13.9,0,501000,112.8,1,Auto,Self-employed,Central,1,9919.49,0,0,0,20.33,Low,0.016
LN102145,2024-08-28,51,81700,8.1,614000,72,14.27,787,16.7,0,515000,119.2,3,Business,Contract,East,0,12740.86,10,0,0,18.6,Low,0.016
LN103598,2024-08-28,41,38900,7.0,369000,12,11.27,798,66.4,0,243000,151.9,0,Education,Salaried,South,3,32659.32,15,0,0,36.03,Moderate,0.1422
LN104736,2024-08-28,31,79500,2.7,214000,36,11.39,672,31.1,1,211000,101.4,1,Home,Self-employed,East,0,7045.68,0,0,0,27.78,Moderate,0.0608
LN103301,2024-08-29,30,51600,9.4,403000,36,14.83,664,51.7,1,590000,68.3,4,Home,Self-employed,East,0,13936.6,0,0,0,29.02,Moderate,0.0671
LN104534,2024-08-29,45,96400,23.4,373000,48,8.07,727,30.5,0,476000,78.4,2,Auto,Contract,West,1,9118.28,0,0,0,22.12,Low,0.0194
LN104684,2024-08-29,29,44700,15.4,261000,36,8.18,748,36.3,0,186000,140.3,1,Auto,Government,North,1,8200.48,5,0,0,28.36,Moderate,0.0454
LN103460,2024-08-29,53,45300,6.2,269000,84,10.12,707,55.3,1,335000,80.3,2,Auto,Contract,West,0,4482.42,0,0,0,28.66,Moderate,0.073
LN104789,2024-08-29,36,48700,9.1,1316000,72,15.86,624,23.9,2,2278000,57.8,2,Education,Salaried,North,0,28445.12,0,0,0,26.52,Moderate,0.032
LN100918,2024-08-29,34,88600,18.2,379000,24,9.35,689,40.4,0,361000,105.0,2,Education,Self-employed,South,1,17375.44,0,0,0,28.77,Moderate,0.059
LN101051,2024-08-30,42,106100,11.0,405000,84,11.36,730,35.8,2,382000,106.0,4,Business,Salaried,East,1,7011.48,0,0,0,29.78,Moderate,0.0505
LN104071,2024-08-31,32,50600,10.1,330000,72,12.26,682,36.5,0,424000,77.8,0,Business,Contract,North,0,6496.27,5,0,0,23.97,Low,0.0409
LN100083,2024-08-31,33,38900,4.5,798000,60,14.34,611,39.5,0,1331000,60.0,3,Education,Salaried,Central,0,18709.03,0,0,0,26.55,Moderate,0.0463
LN102224,2024-08-31,32,64600,5.5,1570000,48,12.14,772,35.5,0,1111000,141.3,1,Personal,Contract,North,2,41452.12,0,0,0,28.69,Moderate,0.0761
LN103154,2024-08-31,29,101400,2.9,344000,36,14.05,615,31.5,0,446000,77.1,1,Business,Salaried,East,3,11765.46,0,0,0,31.45,Moderate,0.0852
LN103961,2024-08-31,55,60800,14.0,283000,60,15.96,581,34.5,0,409000,69.2,1,Home,Self-employed,South,0,6876.0,15,0,0,28.06,Moderate,0.0656
LN104769,2024-08-31,45,27700,3.8,656000,60,12.4,640,20.6,1,626000,104.8,3,Education,Salaried,South,3,14725.3,0,0,0,32.72,Moderate,0.0817
LN104340,2024-08-31,46,41500,12.1,131000,60,13.09,656,30.5,1,203000,64.5,2,Auto,Self-employed,West,1,2986.69,0,0,0,26.49,Moderate,0.0383
LN103663,2024-08-31,41,144500,5.9,557000,24,7.0,674,55.7,0,771000,72.2,0,Home,Salaried,North,1,24938.33,90,1,1,29.34,Moderate,0.0624
LN100019,2024-08-31,25,78700,5.6,860000,84,14.99,575,38.4,1,863000,99.7,0,Auto,Contract,North,2,16590.38,75,1,0,37.54,Moderate,0.2506
LN104583,2024-09-01,45,74000,24.8,227000,48,11.41,737,6.9,1,300000,75.7,0,Home,Salaried,West,1,5912.23,0,0,0,18.6,Low,0.0063
LN102522,2024-09-01,41,70700,6.6,374000,48,14.82,743,39.5,0,470000,79.6,1,Auto,Self-employed,North,1,10374.61,0,0,0,23.19,Low,0.026
LN103426,2024-09-01,40,96800,9.0,168000,72,10.8,759,19.0,1,145000,115.9,2,Auto,Salaried,North,3,3180.54,0,0,0,27.21,Moderate,0.0281
LN102702,2024-09-02,56,47400,3.3,531000,36,12.96,774,43.4,2,476000,111.6,2,Business,Self-employed,East,1,17881.26,10,0,0,29.53,Moderate,0.0647
LN102405,2024-09-02,50,144600,18.8,166000,84,8.07,629,38.9,0,237000,70.0,5,Home,Self-employed,North,1,4687.45,0,0,0,28.15,Moderate,0.0541
LN104194,2024-09-03,21,40100,10.1,421000,84,13.21,629,48.1,0,646000,65.2,2,Home,Salaried,South,1,7706.96,0,0,0,29.51,Moderate,0.0621
LN102571,2024-09-03,25,65900,5.1,190000,48,8.55,728,25.0,1,314000,60.5,2,Personal,Salaried,North,0,4687.66,5,0,0,19.51,Low,0.0123
LN104927,2024-09-03,40,58100,9.8,551000,60,10.78,698,57.6,0,486000,113.4,0,Auto,Salaried,East,2,11919.71,0,0,0,34.24,Moderate,0.1171
LN100899,2024-09-03,31,109800,4.9,160000,72,14.47,690,25.5,1,180000,88.9,3,Home,Self-employed,East,1,3337.32,0,0,0,26.13,Moderate,0.0395
LN103625,2024-09-03,29,71900,3.7,333000,36,13.46,704,43.7,0,555000,60.0,1,Education,Government,South,0,11294.01,0,0,0,22.47,Low,0.022
LN100305,2024-09-03,39,109300,9.4,294000,84,10.68,850,55.6,0,464000,63.4,3,Business,Salaried,Central,1,5064.23,0,0,0,19.13,Low,0.0101
LN103978,2024-09-04,43,87800,10.8,449000,72,16.77,738,22.7,1,374000,120.1,1,Home,Government,South,1,9930.98,15,0,0,26.15,Moderate,0.0289
LN104646,2024-09-04,25,82700,8.3,561000,60,10.63,721,39.6,0,815000,68.8,1,Personal,Salaried,Central,1,12094.24,0,0,0,23.3,Low,0.0237
LN100592,2024-09-04,42,45300,10.2,1356000,84,9.7,695,24.4,1,2207000,61.4,0,Personal,Government,South,1,22301.57,5,0,0,22.89,Low,0.0188
LN101263,2024-09-05,30,75400,7.3,590000,72,11.15,724,62.2,1,385000,153.2,0,Auto,Salaried,North,0,11275.49,30,1,0,36.11,Moderate,0.1787
LN103235,2024-09-05,40,94900,5.7,488000,72,12.3,677,46.3,0,427000,114.3,2,Personal,Self-employed,South,1,9616.8,0,0,0,31.52,Moderate,0.1226
LN101019,2024-09-05,42,103200,10.5,264000,48,10.33,656,23.0,0,275000,96.0,3,Home,Salaried,West,0,6737.64,0,0,0,24.47,Low,0.0295
LN103805,2024-09-06,43,24700,7.8,471000,48,6.5,645,39.8,0,562000,83.8,3,Home,Self-employed,West,3,11169.74,0,0,0,32.19,Moderate,0.0984
LN100222,2024-09-06,44,58300,6.1,485000,12,11.57,635,55.5,0,501000,96.8,1,Home,Contract,East,1,42994.16,0,0,0,33.83,Moderate,0.177
LN103686,2024-09-07,60,37900,8.4,392000,48,8.67,718,31.8,0,390000,100.5,2,Business,Salaried,East,0,9693.63,15,0,0,23.4,Low,0.0268
LN102584,2024-09-07,48,89300,19.1,373000,84,16.11,672,50.0,0,451000,82.7,0,Personal,Government,Central,2,7431.94,10,0,0,31.03,Moderate,0.0693
LN104218,2024-09-07,41,42200,2.5,419000,60,9.48,754,22.6,0,555000,75.5,1,Personal,Self-employed,East,3,8795.69,0,0,0,22.15,Low,0.0207
LN100647,2024-09-07,38,138000,13.5,905000,48,11.73,688,71.9,1,1489000,60.8,0,Home,Contract,Central,1,23712.32,0,0,0,32.7,Moderate,0.1139
LN102514,2024-09-07,37,36900,10.4,230000,84,9.33,749,39.7,0,278000,82.7,0,Home,Self-employed,South,1,3739.12,240,1,1,23.22,Low,0.0247
LN104018,2024-09-07,33,59200,11.7,323000,36,9.84,731,58.1,0,406000,79.6,0,Personal,Salaried,North,1,10398.05,0,0,0,27.55,Moderate,0.0461
LN102642,2024-09-07,30,52600,6.2,624000,24,15.39,630,49.7,0,1089000,57.3,1,Auto,Salaried,Central,1,30371.42,0,0,0,28.98,Moderate,0.06
LN103582,2024-09-07,55,29900,15.3,450000,36,10.27,715,33.5,0,478000,94.1,0,Personal,Self-employed,West,0,14577.34,0,0,0,23.26,Low,0.0298
LN102079,2024-09-07,34,60300,4.3,203000,48,13.36,658,7.4,0,217000,93.5,1,Auto,Salaried,East,0,5482.32,0,0,0,20.99,Low,0.0178
LN101413,2024-09-08,57,76200,2.5,1417000,48,6.95,584,50.8,0,2033000,69.7,0,Personal,Salaried,North,0,33898.97,5,0,0,31.21,Moderate,0.1156
LN104050,2024-09-08,31,79600,5.8,207000,36,9.87,639,38.2,0,240000,86.2,2,Home,Salaried,Central,2,6666.68,5,0,0,30.76,Moderate,0.0732
LN102513,2024-09-08,36,52000,5.0,322000,48,14.98,842,29.8,0,296000,108.8,2,Home,Salaried,Central,1,8958.24,0,0,0,18.93,Low,0.0097
LN101835,2024-09-08,41,37000,14.0,281000,36,14.94,737,30.2,0,417000,67.4,0,Business,Salaried,North,0,9732.7,0,0,0,18.76,Low,0.0108
LN103651,2024-09-08,43,85100,2.9,319000,60,8.64,629,46.9,2,534000,59.7,2,Personal,Salaried,South,1,6566.32,0,0,0,32.72,Moderate,0.0973
LN104541,2024-09-09,56,49400,11.8,1212000,72,12.27,841,61.6,0,965000,125.6,1,Home,Salaried,North,1,23865.35,0,0,0,27.02,Moderate,0.0356
LN100825,2024-09-09,51,29100,4.6,296000,84,11.79,595,23.4,0,453000,65.3,1,Home,Salaried,North,3,5192.03,0,0,0,29.71,Moderate,0.0576
LN103186,2024-09-09,27,84900,15.4,633000,60,11.55,663,12.5,2,1118000,56.6,1,Business,Contract,West,1,13937.21,15,0,0,23.73,Low,0.0245
LN100340,2024-09-10,31,39200,10.0,1400000,36,13.13,721,41.9,1,1775000,78.9,2,Auto,Salaried,North,2,47259.24,0,0,0,28.43,Moderate,0.0383
LN101822,2024-09-10,36,42900,13.3,188000,84,9.03,554,17.4,0,200000,94.0,3,Auto,Salaried,West,0,3027.61,0,0,0,28.55,Moderate,0.0602
LN102826,2024-09-10,49,63200,9.6,440000,84,10.3,717,34.0,0,766000,57.4,2,Personal,Salaried,West,0,7372.91,0,0,0,19.58,Low,0.0136
LN100599,2024-09-10,41,81000,10.9,429000,60,11.4,656,41.0,0,668000,64.2,2,Education,Government,West,1,9413.31,0,0,0,26.56,Moderate,0.0369
LN104487,2024-09-11,33,115400,8.1,511000,72,13.7,780,31.5,0,841000,60.8,1,Auto,Salaried,North,1,10447.62,180,1,1,17.75,Low,0.0077
LN100927,2024-09-11,41,70400,6.3,241000,24,13.16,729,35.9,1,202000,119.3,2,Business,Salaried,West,0,11475.7,0,0,0,27.52,Moderate,0.0479
LN100211,2024-09-11,48,38700,13.6,567000,24,12.04,743,20.9,0,524000,108.2,2,Personal,Salaried,South,1,26701.25,0,0,0,22.33,Low,0.0186
LN102374,2024-09-11,48,81500,12.7,495000,72,10.78,685,36.4,0,656000,75.5,1,Personal,Government,West,0,9366.19,0,0,0,23.57,Low,0.0267
LN101566,2024-09-11,39,132000,13.5,451000,72,10.1,669,29.4,0,793000,56.9,1,Home,Salaried,West,2,8377.91,5,0,0,24.49,Low,0.0221
LN101618,2024-09-12,34,32600,10.0,546000,48,10.77,676,60.3,1,787000,69.4,0,Home,Salaried,South,1,14050.75,0,0,0,31.88,Moderate,0.0773
LN102071,2024-09-12,49,41500,19.4,1811000,24,11.6,676,50.4,1,1396000,129.7,3,Personal,Government,East,2,84912.16,240,1,1,37.6,Moderate,0.1705
LN101236,2024-09-12,53,48000,5.6,227000,36,13.82,712,46.1,1,210000,108.1,1,Home,Salaried,East,1,7738.49,0,0,0,31.0,Moderate,0.0708
LN100664,2024-09-12,32,51400,10.4,590000,24,11.72,787,8.2,0,435000,135.6,0,Personal,Salaried,East,4,27696.26,0,0,0,25.2,Moderate,0.0226
LN103662,2024-09-13,41,95300,2.8,535000,72,11.71,720,11.4,0,603000,88.7,0,Personal,Self-employed,West,1,10378.85,0,0,0,19.7,Low,0.0174
LN100604,2024-09-13,42,79500,7.7,817000,36,13.85,844,23.0,1,603000,135.5,0,Business,Salaried,East,3,27863.64,0,0,0,25.47,Moderate,0.0223
LN104677,2024-09-13,48,139400,9.0,286000,60,8.87,811,44.9,0,195000,146.7,2,Personal,Salaried,East,0,5918.86,0,0,0,25.71,Moderate,0.0383
LN104178,2024-09-13,54,39700,13.9,1120000,48,9.05,660,64.7,1,1747000,64.1,1,Auto,Salaried,West,0,27897.85,0,0,0,31.41,Moderate,0.0758
LN101723,2024-09-14,44,19600,5.8,154000,24,11.0,668,39.0,1,198000,77.8,2,Home,Salaried,North,1,7177.61,15,0,0,28.88,Moderate,0.0506
LN101776,2024-09-14,32,98800,7.2,222000,60,11.46,800,31.1,0,168000,132.1,0,Personal,Salaried,South,1,4877.9,0,0,0,23.74,Low,0.0253
LN102528,2024-09-14,57,31900,2.0,613000,60,8.53,708,44.8,0,678000,90.4,0,Personal,Salaried,West,3,12585.5,0,0,0,30.52,Moderate,0.0714
LN100096,2024-09-14,41,99600,17.9,283000,36,11.24,694,27.8,1,219000,129.2,1,Auto,Salaried,West,0,9297.25,0,0,0,28.74,Moderate,0.0465
LN100256,2024-09-14,49,53300,15.1,364000,36,6.5,718,30.0,0,466000,78.1,0,Auto,Self-employed,Central,1,11156.24,15,0,0,22.46,Low,0.0206
LN102489,2024-09-15,21,95800,8.2,450000,60,11.25,759,34.7,0,570000,78.9,1,Home,Self-employed,Central,1,9840.29,0,0,0,21.31,Low,0.0182
LN104103,2024-09-15,46,126000,8.4,485000,48,11.8,680,44.5,1,759000,63.9,1,Home,Contract,North,1,12724.34,0,0,0,27.96,Moderate,0.0574
LN102835,2024-09-15,35,43800,7.5,221000,72,12.93,625,14.0,0,274000,80.7,1,Auto,Self-employed,South,1,4428.22,0,0,0,24.45,Low,0.0346
LN101150,2024-09-15,29,161200,2.7,540000,48,11.43,628,44.6,0,906000,59.6,1,Auto,Salaried,East,0,14069.61,15,0,0,26.63,Moderate,0.0476
LN102529,2024-09-15,28,24300,2.4,866000,60,15.05,649,20.0,1,1327000,65.3,3,Auto,Salaried,East,1,20624.82,0,0,0,24.84,Low,0.0271
LN102195,2024-09-15,32,75000,4.2,618000,60,13.96,757,41.8,0,1036000,59.7,1,Personal,Self-employed,South,2,14366.97,0,0,0,22.59,Low,0.024
LN104399,2024-09-16,46,88400,17.7,476000,72,10.06,771,42.0,0,754000,63.1,0,Auto,Contract,East,1,8832.71,0,0,0,20.56,Low,0.0155
LN103868,2024-09-16,39,66400,5.4,764000,48,11.05,646,51.6,0,497000,153.7,3,Auto,Government,North,3,19764.54,60,1,0,41.12,Moderate,0.3234
LN102318,2024-09-16,33,77100,12.0,368000,72,11.53,570,26.1,0,286000,128.7,4,Personal,Salaried,Central,2,7104.84,0,0,0,36.25,Moderate,0.1854
LN101011,2024-09-17,40,80500,7.9,167000,36,10.78,677,26.6,1,119000,140.3,2,Personal,Self-employed,East,2,5449.98,0,0,0,33.84,Moderate,0.1368
LN103928,2024-09-17,27,40100,5.3,339000,24,10.61,802,25.2,0,424000,80.0,3,Home,Contract,Central,2,15738.75,0,0,0,18.91,Low,0.0124
LN102111,2024-09-18,37,70300,8.1,308000,84,12.1,727,23.2,0,389000,79.2,2,Home,Salaried,Central,2,5453.53,0,0,0,22.41,Low,0.0162
LN102458,2024-09-19,42,48300,8.2,352000,60,16.19,711,63.9,0,498000,70.7,2,Business,Salaried,South,3,8595.53,0,0,0,32.21,Moderate,0.0836
LN100150,2024-09-19,40,193800,4.8,1261000,60,13.27,723,45.1,0,1795000,70.3,1,Education,Government,South,2,28866.22,0,0,0,26.11,Moderate,0.032
LN102518,2024-09-19,36,20700,8.9,1155000,84,11.9,618,37.8,0,1125000,102.7,0,Business,Salaried,South,1,20327.19,5,0,0,31.78,Moderate,0.1023
LN102530,2024-09-19,42,119100,10.4,159000,48,14.17,850,33.2,0,152000,104.6,2,Home,Salaried,Central,1,4358.48,0,0,0,18.77,Low,0.0087
LN103412,2024-09-19,56,39100,12.2,882000,36,8.77,720,45.6,0,598000,147.5,0,Business,Salaried,East,1,27953.05,0,0,0,32.42,Moderate,0.1032
LN100681,2024-09-19,28,55200,8.8,521000,84,8.84,811,38.5,0,378000,137.8,4,Personal,Salaried,North,1,8340.17,0,0,0,25.21,Moderate,0.0316
LN104437,2024-09-20,36,61700,11.9,244000,60,11.57,720,6.5,0,165000,147.9,1,Personal,Salaried,Central,1,5374.77,0,0,0,24.64,Low,0.0293
LN104961,2024-09-20,29,44600,6.1,547000,48,7.64,684,5.0,0,504000,108.5,0,Auto,Self-employed,Central,1,13261.63,0,0,0,22.3,Low,0.0238
LN103618,2024-09-20,49,90700,5.3,149000,12,10.47,708,34.4,0,179000,83.2,4,Auto,Salaried,West,1,13132.06,5,0,0,24.38,Low,0.0269
LN100949,2024-09-20,40,31700,19.9,230000,84,7.94,822,5.0,1,412000,55.8,2,Home,Salaried,South,1,3577.96,0,0,0,11.73,Low,0.0019
LN104289,2024-09-21,43,99700,11.5,361000,60,13.32,669,23.4,0,495000,72.9,1,Business,Salaried,North,1,8273.12,0,0,0,23.22,Low,0.0227
LN104938,2024-09-21,47,35500,6.9,259000,60,11.45,719,13.4,0,228000,113.6,1,Education,Self-employed,South,0,5689.59,0,0,0,20.98,Low,0.0204
LN101043,2024-09-21,38,54800,6.4,700000,12,9.0,734,44.6,1,928000,75.4,2,Business,Salaried,South,3,61216.03,30,0,0,29.6,Moderate,0.048
LN104987,2024-09-21,39,27700,5.5,1006000,60,6.5,706,24.5,0,1661000,60.6,0,Home,Salaried,Central,1,19683.55,5,0,0,20.25,Low,0.0131
LN102263,2024-09-21,28,124800,5.8,457000,36,10.24,820,41.5,0,587000,77.9,0,Education,Government,West,0,14797.65,0,0,0,17.68,Low,0.0086
LN103344,2024-09-22,29,25000,5.6,192000,12,12.52,817,18.7,1,231000,83.1,1,Home,Salaried,Central,0,17105.71,0,0,0,15.8,Low,0.0054
LN102872,2024-09-22,21,257200,19.3,527000,24,15.17,728,56.6,0,692000,76.2,0,Personal,Contract,North,2,25595.05,20,0,0,28.73,Moderate,0.0632
LN100754,2024-09-22,29,59200,17.2,496000,60,8.43,586,26.5,0,735000,67.5,4,Personal,Salaried,Central,1,10159.47,0,0,0,27.69,Moderate,0.0481
LN100279,2024-09-22,35,67500,6.2,886000,60,11.74,772,13.6,0,904000,98.0,2,Personal,Self-employed,North,0,19592.37,0,0,0,16.65,Low,0.0105
LN100056,2024-09-22,30,91400,1.5,276000,24,8.29,752,12.1,0,482000,57.3,3,Education,Salaried,North,2,12519.27,0,0,0,16.67,Low,0.0064
LN100035,2024-09-22,27,205100,20.3,271000,60,12.98,802,31.6,1,459000,59.0,1,Auto,Salaried,Central,0,6163.31,0,0,0,16.76,Low,0.0051
LN104241,2024-09-22,46,63000,9.0,747000,48,10.57,628,29.3,0,807000,92.6,4,Education,Salaried,East,2,19150.99,15,0,0,30.21,Moderate,0.0646
LN101488,2024-09-23,24,78800,8.8,1053000,60,13.07,728,39.7,2,832000,126.6,4,Home,Self-employed,North,0,23996.74,0,0,0,31.06,Moderate,0.0806
LN102886,2024-09-23,33,114000,13.9,279000,48,13.36,602,57.7,1,221000,126.2,1,Auto,Contract,North,0,7534.82,240,1,1,39.29,Moderate,0.3324
LN101749,2024-09-23,47,59600,22.2,72000,72,7.52,699,22.0,1,116000,62.1,1,Home,Government,South,1,1245.59,0,0,0,22.27,Low,0.0126
LN103308,2024-09-23,54,47800,8.2,1588000,48,12.79,668,40.8,1,2077000,76.5,0,Home,Salaried,South,1,42436.74,0,0,0,29.11,Moderate,0.0508
LN103057,2024-09-23,40,56600,12.0,106000,60,10.75,677,25.5,0,87000,121.8,1,Education,Government,East,1,2291.5,0,0,0,28.11,Moderate,0.0476
LN100747,2024-09-24,31,71600,5.9,449000,72,11.77,668,32.9,1,656000,68.4,2,Auto,Salaried,East,0,8724.43,0,0,0,25.06,Moderate,0.0294
LN101372,2024-09-24,26,111200,10.9,318000,48,13.34,724,40.2,0,211000,150.7,1,Auto,Self-employed,South,1,8584.9,0,0,0,31.38,Moderate,0.1003
LN104540,2024-09-24,29,76100,5.8,258000,36,9.79,719,22.0,0,356000,72.5,1,Education,Salaried,West,3,8299.52,0,0,0,23.59,Low,0.0185
LN102038,2024-09-25,38,21700,10.3,1440000,24,12.93,681,12.6,1,2054000,70.1,3,Auto,Self-employed,North,0,68412.89,0,0,0,20.48,Low,0.0155
LN104997,2024-09-25,66,46300,10.7,1357000,36,9.31,753,28.3,0,1559000,87.0,0,Auto,Self-employed,South,0,43348.29,5,0,0,19.5,Low,0.0144
LN100925,2024-09-26,24,43000,23.4,308000,60,9.77,699,29.5,0,227000,135.7,1,Home,Salaried,North,0,6509.29,0,0,0,27.46,Moderate,0.0401
LN102940,2024-09-26,47,25200,17.9,309000,72,10.11,760,38.2,1,547000,56.5,0,Home,Contract,South,0,5741.64,10,0,0,20.05,Low,0.0137
LN104192,2024-09-26,50,87400,21.6,897000,60,12.55,676,28.1,0,1414000,63.4,1,Personal,Salaried,Central,1,20203.47,30,0,0,22.84,Low,0.0185
LN102130,2024-09-26,42,62700,9.5,339000,72,15.9,773,50.6,1,305000,111.1,1,Auto,Self-employed,North,0,7334.88,0,0,0,27.31,Moderate,0.0478
LN101318,2024-09-27,33,102900,6.4,202000,60,12.48,761,61.5,0,316000,63.9,4,Education,Salaried,South,2,5273.62,0,0,0,26.74,Moderate,0.0338
LN102302,2024-09-27,35,52200,10.4,1454000,72,9.24,728,37.9,1,2501000,58.1,2,Personal,Salaried,East,1,26382.66,0,0,0,23.52,Low,0.0204
LN104595,2024-09-27,39,52300,8.0,633000,36,9.46,747,41.9,0,1072000,59.0,1,Personal,Salaried,West,3,20265.02,0,0,0,24.73,Low,0.0239
LN102250,2024-09-27,37,76400,6.7,405000,60,8.57,737,22.5,0,573000,70.7,1,Home,Salaried,North,1,8322.87,10,0,0,19.22,Low,0.0106
LN104257,2024-09-27,51,38400,19.4,604000,24,8.54,630,16.8,0,530000,114.0,1,Education,Government,North,0,27466.28,45,1,0,26.41,Moderate,0.0369
LN103550,2024-09-28,33,34300,7.0,480000,60,10.81,664,50.3,0,362000,132.6,2,Business,Salaried,North,0,10390.94,0,0,0,33.17,Moderate,0.1409
LN101883,2024-09-28,33,59400,7.4,413000,84,10.07,736,42.5,0,740000,55.8,4,Education,Contract,Central,3,6871.24,20,0,0,25.12,Moderate,0.0323
LN103920,2024-09-28,55,145800,11.4,162000,36,11.53,616,38.8,1,220000,73.6,0,Home,Salaried,West,2,5344.42,0,0,0,32.84,Moderate,0.0833
LN103767,2024-09-29,50,71100,6.0,1570000,24,11.7,850,38.1,1,1354000,116.0,3,Personal,Self-employed,West,0,73685.59,0,0,0,21.22,Low,0.0191
LN103698,2024-09-29,46,61800,8.3,731000,84,9.7,701,52.5,0,1222000,59.8,2,Personal,Government,East,0,12022.46,0,0,0,24.37,Low,0.032
LN104584,2024-09-29,36,112900,2.0,268000,72,10.11,712,52.2,0,263000,101.9,2,Home,Salaried,East,1,4979.8,45,1,0,29.6,Moderate,0.0679
LN102076,2024-09-29,44,95500,6.8,1573000,60,10.36,686,50.9,1,1579000,99.6,2,Personal,Salaried,East,0,33700.92,0,0,0,30.82,Moderate,0.0849
LN104550,2024-09-30,51,77300,6.8,282000,60,11.56,679,22.9,0,434000,65.0,3,Personal,Salaried,Central,0,6210.41,0,0,0,20.13,Low,0.0161
LN100755,2024-09-30,62,39400,8.3,273000,72,11.29,769,33.8,1,430000,63.5,1,Home,Salaried,West,0,5236.94,0,0,0,19.4,Low,0.01
LN103108,2024-09-30,42,110600,8.2,613000,84,10.51,694,36.3,0,445000,137.8,2,Personal,Government,Central,2,10338.79,0,0,0,32.63,Moderate,0.1051
LN103236,2024-09-30,47,100800,13.3,227000,24,13.52,732,33.9,0,348000,65.2,1,Personal,Salaried,West,2,10847.52,0,0,0,22.88,Low,0.0182
LN104579,2024-09-30,45,55200,7.5,777000,84,10.56,709,43.0,2,650000,119.5,0,Personal,Government,Central,1,13125.06,0,0,0,33.68,Moderate,0.1037
LN101400,2024-09-30,29,76200,9.4,366000,84,10.58,752,23.9,0,387000,94.6,1,Auto,Salaried,Central,3,6186.28,0,0,0,24.43,Low,0.02
LN104768,2024-10-01,47,91100,25.6,644000,72,13.11,593,24.1,2,568000,113.4,1,Business,Salaried,Central,0,12965.14,0,0,0,33.77,Moderate,0.0963
LN100172,2024-10-01,37,53300,5.5,331000,72,10.61,758,33.9,0,485000,68.2,3,Home,Salaried,West,1,6234.36,0,0,0,20.14,Low,0.0124
LN104720,2024-10-01,47,55600,12.7,746000,12,13.76,712,50.9,0,640000,116.6,2,Home,Government,West,1,66896.98,10,0,0,30.81,Moderate,0.0717
LN104972,2024-10-01,29,97500,9.2,291000,60,15.54,638,77.9,0,495000,58.8,1,Education,Self-employed,South,2,7005.63,90,1,1,36.02,Moderate,0.188
LN101850,2024-10-01,32,38000,13.9,163000,36,11.26,741,40.4,1,114000,143.0,0,Personal,Salaried,West,2,5356.5,5,0,0,33.48,Moderate,0.0944
LN101575,2024-10-01,38,113200,8.2,567000,72,13.27,680,27.8,0,831000,68.2,0,Auto,Self-employed,South,2,11462.98,0,0,0,24.71,Low,0.0307
LN100606,2024-10-01,31,35300,3.2,378000,48,13.07,639,9.0,0,666000,56.8,0,Home,Self-employed,South,0,10153.93,0,0,0,18.65,Low,0.0149
LN103476,2024-10-02,47,69900,7.5,513000,84,11.96,700,44.4,0,662000,77.5,1,Personal,Salaried,South,2,9044.88,15,0,0,27.9,Moderate,0.0477
LN103965,2024-10-02,41,31000,7.4,641000,48,11.53,631,25.9,0,1125000,57.0,1,Auto,Salaried,South,2,16732.45,0,0,0,25.81,Moderate,0.0311
LN104436,2024-10-02,49,68700,4.8,428000,84,13.89,717,41.8,0,529000,80.9,1,Personal,Salaried,West,0,7994.74,0,0,0,23.49,Low,0.029
LN102184,2024-10-02,21,66400,12.2,515000,12,13.32,675,22.5,0,847000,60.8,1,Personal,Salaried,Central,1,46075.75,5,0,0,21.51,Low,0.0169
LN104717,2024-10-02,49,39000,8.8,454000,48,14.6,817,36.3,0,765000,59.3,0,Business,Salaried,South,0,12543.3,0,0,0,14.94,Low,0.0056
LN101554,2024-10-02,36,56800,6.2,288000,84,12.93,712,31.3,0,495000,58.2,0,Personal,Contract,West,2,5228.33,0,0,0,22.72,Low,0.0279
LN102288,2024-10-03,33,98400,14.4,824000,72,13.01,602,25.8,0,810000,101.7,2,Personal,Self-employed,South,2,16545.41,0,0,0,31.79,Moderate,0.1079
LN102699,2024-10-03,50,97800,6.4,735000,48,12.33,692,31.2,1,1152000,63.8,2,Education,Salaried,West,0,19474.67,0,0,0,22.98,Low,0.0201
LN103837,2024-10-03,41,34000,6.5,286000,24,8.21,731,47.0,0,281000,101.8,2,Personal,Salaried,Central,1,12962.41,5,0,0,27.55,Moderate,0.0502
LN104171,2024-10-03,37,66400,7.8,247000,48,8.27,690,6.0,0,235000,105.1,2,Business,Salaried,East,3,6061.35,10,0,0,25.18,Moderate,0.027
LN101071,2024-10-03,42,31500,5.3,714000,48,10.16,743,36.6,0,520000,137.3,0,Auto,Government,West,2,18163.8,5,0,0,30.05,Moderate,0.0626
LN102805,2024-10-04,22,49800,3.2,281000,72,12.8,770,32.7,0,310000,90.6,0,Personal,Government,North,0,5611.21,20,0,0,19.84,Low,0.0153
LN104462,2024-10-04,46,62100,1.9,439000,60,6.83,721,37.5,0,559000,78.5,2,Auto,Contract,Central,1,8657.56,0,0,0,23.85,Low,0.0358
LN103147,2024-10-04,32,144500,5.2,357000,36,7.92,756,43.8,0,476000,75.0,3,Home,Salaried,West,0,11173.91,0,0,0,21.24,Low,0.0169
LN100509,2024-10-04,31,60700,19.5,287000,72,7.09,717,36.8,1,481000,59.7,0,Education,Self-employed,West,0,4905.48,0,0,0,22.37,Low,0.0182
LN103307,2024-10-05,41,162700,13.1,234000,48,13.93,635,40.7,0,381000,61.4,3,Auto,Salaried,East,1,6386.18,0,0,0,27.33,Moderate,0.0412
LN104889,2024-10-05,44,38000,6.9,1010000,60,11.28,567,20.5,0,730000,138.4,0,Personal,Salaried,South,0,22101.15,0,0,0,32.92,Moderate,0.1474
LN101893,2024-10-06,37,80700,14.3,697000,48,13.72,636,14.2,0,750000,92.9,0,Auto,Salaried,Central,1,18948.8,5,0,0,25.13,Moderate,0.0283
LN103809,2024-10-06,45,93900,4.2,1303000,60,11.6,737,44.4,0,1461000,89.2,2,Home,Salaried,West,0,28721.82,10,0,0,23.78,Low,0.027
LN103763,2024-10-06,45,85800,16.3,351000,84,13.62,680,36.1,1,537000,65.4,1,Education,Salaried,North,2,6504.28,0,0,0,28.09,Moderate,0.0338
LN101847,2024-10-06,30,81700,12.3,442000,48,15.21,680,47.1,1,307000,144.0,1,Business,Contract,West,0,12348.29,0,0,0,34.82,Moderate,0.1972
LN103833,2024-10-06,25,102200,17.3,310000,60,11.59,640,34.1,2,472000,65.7,1,Auto,Salaried,Central,0,6831.72,0,0,0,28.51,Moderate,0.0394
LN103063,2024-10-06,33,104800,2.0,447000,60,11.78,795,34.4,1,535000,83.6,0,Home,Salaried,West,2,9893.65,0,0,0,23.49,Low,0.0176
LN103027,2024-10-06,42,66900,19.2,143000,48,11.39,620,18.4,1,196000,73.0,1,Auto,Salaried,Central,1,3723.05,0,0,0,26.82,Moderate,0.0305
LN103479,2024-10-06,50,34000,1.7,373000,48,10.17,679,19.7,0,296000,126.0,2,Business,Salaried,West,1,9490.72,75,1,0,27.26,Moderate,0.0527
LN100624,2024-10-06,52,148100,9.9,614000,60,8.04,706,50.0,0,1008000,60.9,1,Education,Government,East,2,12461.46,0,0,0,27.05,Moderate,0.0352
LN100964,2024-10-06,37,125300,13.1,802000,72,13.77,772,21.7,0,1405000,57.1,0,Personal,Salaried,East,4,16427.19,0,0,0,20.85,Low,0.01
LN103665,2024-10-07,27,98200,9.4,606000,60,11.23,709,46.9,1,631000,96.0,1,Business,Salaried,West,5,13245.52,0,0,0,36.78,Moderate,0.1222
LN103796,2024-10-07,37,50800,4.1,106000,60,8.77,784,27.1,0,158000,67.1,0,Auto,Government,South,3,2188.57,0,0,0,20.62,Low,0.0108
LN103289,2024-10-07,35,26000,5.7,705000,72,12.58,743,27.5,1,1261000,55.9,1,Home,Salaried,West,1,13996.45,15,0,0,20.42,Low,0.0112
LN102811,2024-10-07,32,59700,6.5,915000,84,11.84,817,41.5,1,1594000,57.4,1,Personal,Self-employed,South,0,16074.06,0,0,0,17.79,Low,0.0104
LN101946,2024-10-07,41,26900,15.5,431000,72,13.61,752,53.2,0,560000,77.0,3,Home,Government,South,1,8791.32,0,0,0,25.19,Moderate,0.0257
LN103513,2024-10-08,22,81800,19.0,326000,60,11.06,654,34.9,0,291000,112.0,3,Home,Self-employed,Central,2,7097.79,75,1,0,31.89,Moderate,0.0897
LN102315,2024-10-08,42,136100,11.3,419000,36,15.81,781,44.8,0,451000,92.9,0,Personal,Salaried,East,2,14691.52,10,0,0,25.24,Moderate,0.0274
LN101493,2024-10-08,40,89400,6.2,345000,60,7.51,808,12.4,0,277000,124.5,2,Auto,Self-employed,East,1,6914.73,0,0,0,18.82,Low,0.012
LN100113,2024-10-08,60,33100,8.0,246000,72,9.56,732,32.6,1,328000,75.0,0,Home,Self-employed,West,0,4502.96,5,0,0,22.27,Low,0.0211
LN103508,2024-10-09,43,48700,13.5,185000,72,15.43,695,46.2,0,309000,59.9,2,Home,Self-employed,Central,1,3955.16,0,0,0,25.1,Moderate,0.0333
LN100213,2024-10-09,44,78700,7.4,706000,72,10.49,715,39.4,0,672000,105.1,1,Home,Contract,East,2,13254.36,15,0,0,28.87,Moderate,0.0698
LN102337,2024-10-09,38,28200,12.5,396000,48,14.5,658,31.0,0,680000,58.2,2,Personal,Salaried,South,2,10920.87,10,0,0,25.52,Moderate,0.0303
LN100928,2024-10-09,52,114600,3.7,215000,36,6.96,676,46.6,1,300000,71.7,2,Home,Contract,North,2,6634.64,0,0,0,31.04,Moderate,0.0916
LN103419,2024-10-09,33,50900,17.0,503000,36,10.37,659,15.7,1,412000,122.1,2,Personal,Salaried,North,2,16317.91,0,0,0,30.8,Moderate,0.0614
LN103620,2024-10-09,26,44500,16.0,255000,84,11.41,672,28.0,0,331000,77.0,1,Personal,Government,North,0,4421.39,0,0,0,22.72,Low,0.0222
LN104398,2024-10-10,48,50300,8.1,1464000,36,13.16,640,19.4,3,2334000,62.7,1,Personal,Salaried,South,1,49440.85,0,0,0,28.93,Moderate,0.0421
LN100063,2024-10-10,27,34100,8.6,329000,24,10.68,651,36.7,1,290000,113.4,0,Education,Contract,Central,1,15285.15,30,1,0,32.88,Moderate,0.1309
LN102032,2024-10-10,42,82700,14.6,1475000,24,10.29,703,24.2,1,1875000,78.7,3,Personal,Salaried,North,2,68261.36,20,0,0,25.83,Moderate,0.0262
LN104378,2024-10-11,41,53700,7.9,628000,72,11.4,731,43.2,1,1071000,58.6,0,Home,Salaried,West,2,12082.46,0,0,0,26.13,Moderate,0.0263
LN104292,2024-10-11,25,30600,22.6,1046000,48,8.62,625,37.0,0,1442000,72.5,5,Business,Self-employed,North,3,25841.43,0,0,0,31.56,Moderate,0.0802
LN101615,2024-10-11,67,64900,3.8,1009000,60,8.85,647,13.9,1,901000,112.0,1,Business,Salaried,Central,0,20871.8,0,0,0,26.73,Moderate,0.0459
LN101718,2024-10-11,44,150200,2.3,212000,48,11.83,667,36.7,0,222000,95.5,1,Business,Government,South,1,5565.09,10,0,0,28.24,Moderate,0.0612
LN103283,2024-10-11,46,15800,5.8,628000,72,12.03,736,33.6,2,969000,64.8,5,Personal,Government,Central,5,12287.32,15,0,0,31.57,Moderate,0.0477
LN102628,2024-10-11,34,30100,6.1,366000,36,11.33,618,59.9,0,366000,100.0,2,Personal,Salaried,South,2,12039.65,60,1,0,37.6,Moderate,0.2306
LN101112,2024-10-12,46,81900,6.5,504000,24,9.57,562,36.1,1,561000,89.8,1,Auto,Self-employed,South,3,23157.14,5,0,0,38.45,Moderate,0.2337
LN103409,2024-10-12,56,63700,9.9,431000,60,7.16,637,12.3,1,752000,57.3,0,Home,Salaried,South,1,8566.89,0,0,0,23.13,Low,0.0182
LN102041,2024-10-13,34,53300,2.7,475000,72,11.36,634,38.6,0,322000,147.5,2,Personal,Salaried,Central,0,9129.01,0,0,0,33.91,Moderate,0.173
LN101748,2024-10-13,40,51000,7.1,491000,36,15.29,719,42.0,0,537000,91.4,1,Education,Salaried,East,1,17090.49,0,0,0,26.14,Moderate,0.0352
LN103594,2024-10-13,49,62100,9.6,202000,84,8.09,583,34.4,0,358000,56.4,1,Home,Salaried,West,2,3157.48,0,0,0,29.99,Moderate,0.0627
LN103726,2024-10-13,42,295900,18.5,718000,60,12.13,728,33.9,2,1121000,64.0,2,Home,Contract,South,2,16018.72,0,0,0,26.97,Moderate,0.0317
LN102739,2024-10-14,46,87300,14.2,319000,48,13.24,675,48.5,0,266000,119.9,2,Home,Salaried,Central,1,8596.02,0,0,0,32.62,Moderate,0.0965
LN103177,2024-10-14,33,135400,11.2,342000,24,10.84,736,31.7,1,426000,80.3,3,Auto,Salaried,Central,1,15914.49,15,0,0,24.07,Low,0.0198
LN100784,2024-10-14,43,60800,5.2,739000,48,12.4,655,37.2,0,956000,77.3,4,Personal,Government,West,3,19606.16,5,0,0,30.49,Moderate,0.0701
LN104056,2024-10-15,51,59500,5.5,490000,72,12.66,655,48.6,1,368000,133.2,2,Home,Salaried,South,1,9748.6,5,0,0,37.03,Moderate,0.1879
LN103306,2024-10-15,43,32800,6.7,525000,84,13.64,646,48.7,0,546000,96.2,1,Auto,Government,North,2,9734.4,30,1,0,33.49,Moderate,0.1116
LN100762,2024-10-15,61,40600,11.6,804000,60,9.29,677,39.6,0,665000,120.9,3,Home,Government,North,2,16803.1,0,0,0,32.5,Moderate,0.0885
LN100876,2024-10-15,33,29900,14.6,635000,48,11.94,653,21.5,0,746000,85.1,1,Personal,Salaried,Central,0,16703.28,0,0,0,23.24,Low,0.0252
LN100503,2024-10-15,43,33500,2.8,153000,36,12.49,639,36.7,0,107000,143.0,2,Business,Salaried,East,2,5117.67,0,0,0,36.14,Moderate,0.1941
LN101924,2024-10-15,57,24500,4.6,276000,84,12.68,791,25.7,0,495000,55.8,0,Home,Salaried,North,3,4973.09,0,0,0,18.84,Low,0.0078
LN101015,2024-10-16,40,43000,12.4,222000,60,10.67,671,34.5,0,269000,82.5,3,Auto,Salaried,West,2,4790.36,0,0,0,27.96,Moderate,0.041
LN103264,2024-10-16,44,22400,5.8,174000,60,13.96,662,34.5,0,121000,143.8,2,Auto,Salaried,West,2,4045.07,0,0,0,34.57,Moderate,0.1346
LN104779,2024-10-16,21,77600,10.1,821000,72,11.8,640,11.0,0,1184000,69.3,5,Home,Self-employed,South,4,15965.45,0,0,0,26.91,Moderate,0.0359
LN103218,2024-10-17,31,58500,18.4,1429000,60,13.08,665,30.1,0,2340000,61.1,1,Personal,Salaried,North,0,32572.69,0,0,0,21.92,Low,0.0187
LN103847,2024-10-17,34,68900,20.3,1006000,60,10.68,799,5.0,0,1805000,55.7,2,Auto,Self-employed,West,4,21712.68,0,0,0,15.94,Low,0.0041
LN104590,2024-10-17,32,99000,5.4,190000,72,9.51,737,55.4,0,189000,100.5,2,Personal,Salaried,West,2,4570.5,15,0,0,30.45,Moderate,0.0736
LN101693,2024-10-17,26,81300,4.1,139000,72,12.72,732,28.5,0,150000,92.7,1,Auto,Government,West,2,2769.8,0,0,0,24.55,Low,0.025
LN102687,2024-10-17,24,84400,4.9,458000,60,7.94,734,24.2,2,589000,77.8,1,Home,Government,Central,2,9273.44,0,0,0,26.09,Moderate,0.0238
LN100651,2024-10-17,48,67600,6.2,1782000,72,8.98,646,41.8,0,1570000,113.5,2,Education,Salaried,North,3,32103.82,0,0,0,35.51,Moderate,0.1398
LN102081,2024-10-18,43,118100,7.3,631000,24,9.97,789,43.1,0,798000,79.1,2,Personal,Salaried,West,3,29108.71,30,0,0,24.76,Low,0.0237
LN101951,2024-10-18,49,114000,14.8,173000,72,7.27,720,47.8,1,294000,58.8,3,Home,Government,North,1,4541.0,0,0,0,25.99,Moderate,0.0261
LN100741,2024-10-18,26,40400,2.9,497000,12,12.43,663,31.2,0,854000,58.2,1,Personal,Government,East,1,44257.89,0,0,0,23.63,Low,0.0281
LN101244,2024-10-19,32,48600,6.8,769000,24,9.99,725,48.0,1,1368000,56.2,3,Personal,Government,South,2,35481.9,10,0,0,27.17,Moderate,0.0359
LN101553,2024-10-19,31,45400,2.1,228000,72,11.92,697,23.6,1,365000,62.5,5,Education,Self-employed,Central,1,4447.96,0,0,0,22.74,Low,0.0227
LN104743,2024-10-19,42,71100,27.8,487000,36,10.27,710,42.5,0,372000,130.9,2,Home,Salaried,North,2,15775.93,0,0,0,32.34,Moderate,0.0677
LN102854,2024-10-19,49,40200,6.8,791000,60,13.3,707,44.9,0,943000,83.9,3,Auto,Salaried,East,1,18119.39,0,0,0,26.61,Moderate,0.0384
LN101937,2024-10-20,42,52100,2.6,647000,48,13.48,676,63.6,0,462000,140.0,1,Home,Salaried,South,3,17511.92,0,0,0,40.93,Moderate,0.3051
LN100540,2024-10-20,46,146200,5.5,451000,36,10.52,678,15.3,0,790000,57.1,2,Education,Self-employed,Central,0,14662.86,0,0,0,17.88,Low,0.0123
LN101357,2024-10-20,42,31000,5.7,335000,72,10.73,695,36.3,1,323000,103.7,2,Personal,Contract,East,5,6330.19,0,0,0,36.17,Moderate,0.1627
LN100998,2024-10-20,33,81400,3.3,1521000,48,12.87,840,39.2,0,2448000,62.1,1,Home,Self-employed,North,0,40706.55,0,0,0,14.58,Low,0.0064
LN102161,2024-10-21,40,63200,7.8,325000,60,13.96,730,66.2,1,581000,55.9,0,Home,Self-employed,East,1,7555.44,0,0,0,28.85,Moderate,0.0571
LN101214,2024-10-21,35,42300,8.9,328000,72,9.79,721,41.5,0,462000,71.0,5,Business,Salaried,North,0,6041.8,0,0,0,22.23,Low,0.0214
LN104576,2024-10-21,27,30000,13.6,1494000,24,13.69,625,31.5,0,2555000,58.5,1,Business,Government,South,2,71512.65,10,0,0,27.4,Moderate,0.0412
LN104866,2024-10-21,40,75800,10.8,380000,72,10.68,689,31.4,4,437000,87.0,0,Personal,Contract,Central,1,7170.82,180,1,1,33.17,Moderate,0.0956
LN100187,2024-10-22,37,72000,3.7,347000,36,9.39,610,34.1,1,450000,77.1,4,Auto,Self-employed,Central,1,11097.6,0,0,0,30.9,Moderate,0.0924
LN103717,2024-10-22,59,69700,8.0,457000,60,11.24,757,37.4,0,517000,88.4,0,Home,Self-employed,North,2,9991.07,0,0,0,24.58,Low,0.0288
LN101838,2024-10-22,38,49200,5.8,562000,48,10.43,733,43.6,4,409000,137.4,1,Education,Government,North,1,14370.11,0,0,0,38.32,Moderate,0.1483
LN101616,2024-10-22,41,109700,5.7,964000,72,11.66,728,8.1,1,1694000,56.9,1,Business,Salaried,North,2,18676.38,0,0,0,19.1,Low,0.0089
LN100329,2024-10-23,44,28100,9.8,339000,36,9.94,621,18.5,0,545000,62.2,2,Personal,Government,North,0,10929.03,0,0,0,22.04,Low,0.0223
LN102555,2024-10-23,43,73800,26.7,2128000,84,12.31,688,53.4,0,2044000,104.1,2,Business,Contract,South,1,37918.71,5,0,0,31.33,Moderate,0.0982
LN103106,2024-10-23,26,63800,9.0,682000,60,11.36,691,42.1,1,828000,82.4,0,Home,Salaried,South,1,14951.07,10,0,0,28.74,Moderate,0.0466
LN103371,2024-10-23,27,41900,5.4,114000,60,9.12,720,35.5,0,197000,57.9,0,Education,Government,Central,0,2373.1,10,0,0,19.77,Low,0.0133
LN101560,2024-10-23,38,56200,3.6,1011000,24,10.59,615,36.2,0,1044000,96.8,1,Home,Salaried,East,3,46928.31,0,0,0,34.36,Moderate,0.123
LN103073,2024-10-23,53,44400,6.6,304000,60,9.31,731,14.9,0,463000,65.7,0,Personal,Self-employed,West,0,6356.38,5,0,0,15.85,Low,0.0092
LN103090,2024-10-23,22,39300,6.4,465000,60,13.22,712,41.4,0,661000,70.3,0,Personal,Salaried,East,1,10632.62,0,0,0,24.28,Low,0.029
LN102778,2024-10-23,37,58300,4.2,766000,48,11.22,698,33.7,0,1151000,66.6,1,Personal,Salaried,Central,2,19879.61,15,0,0,24.78,Low,0.0295
LN104686,2024-10-23,31,26300,4.9,118000,84,16.27,585,7.8,0,80000,147.5,2,Business,Contract,South,0,2361.91,0,0,0,30.34,Moderate,0.1352
LN101138,2024-10-24,43,66400,14.6,399000,60,15.03,698,26.2,0,615000,64.9,3,Personal,Salaried,Central,1,9498.47,0,0,0,21.44,Low,0.0159
LN102630,2024-10-24,41,108800,7.3,445000,60,16.9,796,27.0,1,780000,57.1,0,Personal,Self-employed,South,0,11035.48,0,0,0,15.97,Low,0.0076
LN101848,2024-10-24,47,218900,7.4,381000,36,13.18,640,55.2,2,583000,65.4,3,Auto,Government,Central,0,12870.45,5,0,0,32.7,Moderate,0.0902
LN102034,2024-10-24,48,140500,5.1,320000,12,9.26,735,30.3,0,464000,69.0,2,Home,Government,South,2,28023.07,0,0,0,22.38,Low,0.0167
LN101948,2024-10-24,48,54500,12.4,223000,12,12.94,645,28.3,1,200000,111.5,1,Business,Salaried,North,2,19911.48,20,0,0,33.0,Moderate,0.0921
LN103877,2024-10-24,40,36100,9.3,704000,72,12.39,632,31.5,0,479000,147.0,2,Auto,Government,Central,1,13906.53,0,0,0,34.21,Moderate,0.1369
LN102333,2024-10-24,35,127000,7.1,315000,60,14.51,686,23.2,0,496000,63.5,0,Business,Salaried,Central,0,7413.05,0,0,0,19.67,Low,0.0145
LN104499,2024-10-25,27,144600,8.6,221000,60,12.59,598,37.3,0,208000,106.2,0,Home,Self-employed,West,1,4982.17,0,0,0,33.09,Moderate,0.1416
LN100799,2024-10-25,38,47600,5.6,261000,36,9.04,721,21.9,1,234000,111.5,1,Auto,Salaried,North,1,8304.59,0,0,0,26.03,Moderate,0.0308
LN104362,2024-10-25,40,64100,9.1,1264000,36,15.34,679,33.2,0,982000,128.7,0,Education,Salaried,West,2,44027.72,0,0,0,31.9,Moderate,0.0833
LN103162,2024-10-25,34,95000,13.9,219000,48,13.04,642,42.1,0,345000,63.5,0,Auto,Self-employed,North,1,5879.57,0,0,0,27.45,Moderate,0.0511
LN100342,2024-10-26,40,28700,6.1,490000,60,10.1,633,51.3,0,624000,78.5,0,Personal,Salaried,North,3,10435.18,0,0,0,34.6,Moderate,0.1344
LN104290,2024-10-26,43,47100,7.4,621000,48,10.12,772,54.2,0,957000,64.9,1,Auto,Salaried,West,3,15785.98,15,0,0,26.46,Moderate,0.0283
LN101834,2024-10-26,32,78200,26.3,262000,12,13.06,656,46.6,0,457000,57.3,1,Home,Salaried,South,0,23408.5,0,0,0,25.32,Moderate,0.0265
LN100948,2024-10-26,38,29200,4.5,278000,36,10.03,710,25.4,0,256000,108.6,2,Auto,Salaried,North,1,8974.19,0,0,0,25.02,Moderate,0.0307
LN104615,2024-10-27,35,79000,11.3,553000,84,8.49,664,25.2,0,847000,65.3,3,Business,Salaried,East,1,8754.8,0,0,0,23.08,Low,0.0223
LN104832,2024-10-27,43,52200,11.3,205000,72,10.93,671,49.7,0,238000,86.1,4,Personal,Salaried,West,0,3894.64,0,0,0,28.03,Moderate,0.0584
LN104068,2024-10-27,27,133000,5.3,460000,72,8.61,712,31.6,0,446000,103.1,1,Business,Contract,South,1,8202.99,0,0,0,25.6,Moderate,0.0513
LN103438,2024-10-27,26,64300,2.7,344000,48,9.97,673,48.7,0,298000,115.4,1,Business,Salaried,Central,3,8719.77,0,0,0,35.65,Moderate,0.1599
LN100965,2024-10-27,51,69000,11.4,809000,60,9.42,729,10.0,0,670000,120.7,1,Home,Self-employed,South,1,16958.9,0,0,0,22.14,Low,0.0209
LN104762,2024-10-27,44,71500,8.2,227000,24,10.64,850,36.2,0,270000,84.1,3,Home,Salaried,East,4,10542.08,0,0,0,22.32,Low,0.0117
LN100212,2024-10-27,47,59800,6.5,788000,84,11.29,682,19.3,0,758000,104.0,1,Business,Salaried,North,1,13612.93,0,0,0,24.82,Low,0.0323
LN101042,2024-10-28,48,187000,6.4,730000,60,9.71,677,19.8,0,970000,75.3,2,Auto,Salaried,South,1,15406.38,0,0,0,22.32,Low,0.0189
LN103966,2024-10-28,41,54600,7.8,1258000,48,11.46,698,46.3,1,901000,139.6,0,Personal,Salaried,West,1,32795.41,0,0,0,34.93,Moderate,0.1451
LN103828,2024-10-28,49,83300,4.8,516000,60,14.98,707,5.0,0,496000,104.0,0,Personal,Self-employed,North,0,12270.19,0,0,0,18.97,Low,0.0169
LN101067,2024-10-28,48,110100,6.3,897000,24,14.33,592,27.6,0,1507000,59.5,2,Home,Salaried,East,1,43207.53,0,0,0,26.8,Moderate,0.0428
LN104685,2024-10-28,44,104600,12.5,430000,60,11.75,721,21.2,0,740000,58.1,2,Education,Salaried,South,2,9510.88,0,0,0,20.21,Low,0.0104
LN101981,2024-10-28,26,121900,16.7,1684000,60,10.96,703,30.6,0,2389000,70.5,0,Home,Government,West,0,36580.66,0,0,0,20.95,Low,0.0141
LN103378,2024-10-28,43,95900,15.0,323000,72,10.29,700,13.9,0,250000,129.2,1,Personal,Salaried,South,1,6031.19,5,0,0,25.31,Moderate,0.0316
LN101399,2024-10-29,32,32700,8.1,405000,60,11.16,804,43.2,0,413000,98.1,2,Business,Government,Central,1,8838.03,0,0,0,22.55,Low,0.0196
LN102197,2024-10-29,38,61800,11.3,228000,36,12.09,744,38.3,0,159000,143.4,1,Home,Self-employed,Central,2,7582.67,0,0,0,30.95,Moderate,0.0818
LN102432,2024-10-29,38,81100,6.4,420000,60,9.83,627,36.5,1,494000,85.0,1,Education,Salaried,West,1,8888.67,5,0,0,31.27,Moderate,0.0767
LN103178,2024-10-29,47,93500,19.7,725000,72,12.79,592,5.6,0,580000,125.0,0,Auto,Self-employed,East,1,14473.49,0,0,0,28.95,Moderate,0.0642
LN102841,2024-10-30,24,52400,5.7,475000,60,14.24,748,37.8,0,528000,90.0,4,Auto,Government,East,2,11111.61,0,0,0,25.29,Moderate,0.0273
LN104121,2024-10-30,37,32800,7.5,1102000,12,11.8,779,50.1,0,1507000,73.1,1,Education,Government,West,0,97808.29,0,0,0,21.09,Low,0.0156
LN104066,2024-10-30,40,42300,6.6,74000,60,9.94,681,28.4,0,83000,89.2,4,Auto,Salaried,North,3,1570.1,0,0,0,28.55,Moderate,0.044
LN101993,2024-10-31,44,108800,17.3,86000,72,10.17,785,49.7,2,80000,107.5,3,Home,Self-employed,North,2,4506.13,0,0,0,31.46,Moderate,0.0592
LN101879,2024-10-31,31,29800,2.7,471000,60,12.42,678,20.0,1,406000,116.0,1,Personal,Salaried,North,2,10577.37,15,0,0,30.04,Moderate,0.0652
LN102121,2024-11-02,45,43400,4.3,186000,72,14.78,640,23.8,0,146000,127.4,2,Home,Contract,Central,0,3910.78,5,0,0,28.62,Moderate,0.0913
LN102985,2024-11-02,29,43400,4.6,826000,72,14.18,722,29.2,2,781000,105.8,0,Auto,Salaried,North,2,17100.06,0,0,0,30.53,Moderate,0.0515
LN103640,2024-11-02,34,141300,2.9,646000,48,11.32,794,27.9,1,970000,66.6,0,Auto,Salaried,West,1,16796.77,10,0,0,18.87,Low,0.0087
LN104623,2024-11-02,45,99700,6.4,923000,72,12.55,677,61.0,0,776000,118.9,1,Home,Government,South,1,18309.91,0,0,0,34.92,Moderate,0.1518
LN101925,2024-11-03,30,34500,12.3,762000,36,16.1,628,22.5,0,661000,115.3,2,Auto,Contract,Central,2,26827.29,15,0,0,31.12,Moderate,0.0996
LN101706,2024-11-03,44,53300,3.6,923000,48,10.92,709,46.9,0,1455000,63.4,2,Personal,Salaried,North,0,23819.57,0,0,0,23.18,Low,0.0279
LN100756,2024-11-03,42,85500,11.5,340000,36,10.2,850,9.2,0,336000,101.2,2,Personal,Government,East,2,11002.8,0,0,0,15.29,Low,0.0047
LN100073,2024-11-03,52,30800,6.7,387000,60,9.89,850,32.7,0,368000,105.2,1,Auto,Salaried,North,5,8201.68,0,0,0,25.39,Moderate,0.0185
LN103592,2024-11-03,59,164600,10.9,1173000,72,13.9,647,20.2,0,1691000,69.4,3,Home,Self-employed,North,0,24107.77,0,0,0,21.73,Low,0.0226
LN103190,2024-11-03,34,86900,4.9,435000,36,16.73,579,51.5,1,367000,118.5,0,Personal,Salaried,Central,1,15450.55,0,0,0,40.16,Moderate,0.3234
LN101582,2024-11-03,29,57100,8.1,429000,60,12.66,651,45.0,0,581000,73.8,1,Business,Salaried,South,0,9686.56,0,0,0,26.92,Moderate,0.0503
LN103030,2024-11-03,21,53300,6.8,353000,60,10.76,700,41.1,0,565000,62.5,1,Personal,Salaried,Central,2,7632.89,0,0,0,25.74,Moderate,0.0333
LN104280,2024-11-03,57,112500,7.6,258000,72,7.27,689,14.2,0,296000,87.2,1,Personal,Salaried,West,2,4432.17,0,0,0,23.42,Low,0.0226
LN100034,2024-11-03,45,91600,13.2,475000,48,12.28,730,39.2,0,807000,58.9,2,Education,Self-employed,North,1,12573.97,0,0,0,21.75,Low,0.0184
LN104200,2024-11-04,40,144500,9.6,227000,36,12.37,659,63.0,1,274000,82.8,5,Business,Salaried,Central,2,7586.25,180,1,1,36.33,Moderate,0.156
LN103457,2024-11-04,35,65700,3.4,234000,60,13.23,620,50.5,1,342000,68.4,4,Education,Self-employed,East,2,5351.81,0,0,0,34.45,Moderate,0.144
LN101814,2024-11-04,36,32800,14.5,478000,36,9.48,700,50.6,1,806000,59.3,0,Personal,Self-employed,West,1,15307.28,0,0,0,27.66,Moderate,0.0488
LN104520,2024-11-04,34,106500,7.3,575000,84,12.06,633,50.1,0,684000,84.1,1,Personal,Contract,North,1,10168.78,0,0,0,31.58,Moderate,0.138
LN100700,2024-11-04,33,64200,12.7,483000,60,12.13,593,28.8,0,653000,74.0,2,Personal,Salaried,North,0,10775.83,0,0,0,26.77,Moderate,0.0488
LN100452,2024-11-04,29,147300,10.0,136000,60,6.81,649,35.6,2,181000,75.1,0,Home,Salaried,Central,3,4369.9,10,0,0,34.27,Moderate,0.0822
LN102909,2024-11-04,49,94700,8.0,511000,12,12.64,839,16.0,1,519000,98.5,0,Home,Salaried,South,2,45554.87,0,0,0,18.97,Low,0.0072
LN100137,2024-11-04,35,92200,4.8,1176000,60,9.63,564,47.7,0,1896000,62.0,1,Personal,Self-employed,South,1,24772.97,0,0,0,32.55,Moderate,0.1523
LN104402,2024-11-04,30,30300,9.9,975000,48,8.99,662,30.2,1,908000,107.4,3,Home,Self-employed,West,1,24258.29,0,0,0,30.4,Moderate,0.0767
LN104998,2024-11-04,45,82500,4.5,502000,60,10.31,730,23.9,0,800000,62.7,1,Auto,Salaried,West,1,10742.75,0,0,0,19.07,Low,0.0106
LN100210,2024-11-05,43,68400,25.9,2850000,84,7.9,581,38.7,2,2666000,106.9,2,Business,Salaried,West,0,44278.85,0,0,0,36.67,Moderate,0.1506
LN103261,2024-11-05,38,148300,8.7,2098000,72,11.65,698,28.8,1,2770000,75.7,2,Auto,Salaried,South,1,40635.45,0,0,0,25.04,Moderate,0.0248
LN101807,2024-11-05,43,90700,6.2,429000,36,10.43,697,43.9,0,769000,55.8,0,Business,Salaried,Central,3,13929.39,0,0,0,27.46,Moderate,0.0395
LN103575,2024-11-05,41,79000,7.6,461000,36,7.28,741,54.6,0,596000,77.3,0,Business,Salaried,South,0,14293.43,0,0,0,24.42,Low,0.0313
LN104153,2024-11-05,31,85700,9.1,487000,60,14.23,674,19.3,0,645000,75.5,2,Auto,Self-employed,South,1,11389.79,0,0,0,22.39,Low,0.0229
LN101014,2024-11-05,54,81800,8.5,79000,72,13.17,635,33.5,0,97000,81.4,4,Personal,Salaried,West,0,2283.58,5,0,0,26.22,Moderate,0.0461
LN104460,2024-11-06,49,78100,1.2,280000,60,13.95,607,34.6,5,315000,88.9,5,Personal,Salaried,South,1,6507.85,30,1,0,40.34,Moderate,0.2164
LN100582,2024-11-06,44,143100,17.4,358000,48,12.24,681,22.0,0,320000,111.9,3,Auto,Salaried,East,1,9469.75,0,0,0,26.2,Moderate,0.0318
LN101260,2024-11-06,43,128300,9.4,257000,48,13.57,598,51.3,0,251000,102.4,0,Personal,Salaried,North,1,6967.6,0,0,0,35.51,Moderate,0.1836
LN103716,2024-11-06,67,88600,11.7,317000,36,9.95,748,21.0,2,540000,58.7,3,Education,Government,South,2,10221.26,0,0,0,22.8,Low,0.012
LN104216,2024-11-06,55,116000,8.3,197000,48,12.57,754,37.3,1,173000,113.9,0,Education,Salaried,North,0,5243.07,0,0,0,25.93,Moderate,0.0317
LN100028,2024-11-06,33,120600,2.1,333000,36,14.89,756,30.2,0,577000,57.7,1,Personal,Contract,East,4,11525.62,10,0,0,23.45,Low,0.0262
LN100095,2024-11-06,25,55100,7.1,408000,48,9.79,768,19.6,1,272000,150.0,1,Business,Salaried,Central,0,10306.84,5,0,0,25.26,Moderate,0.032
LN104414,2024-11-06,40,36100,2.6,827000,60,6.96,721,43.8,1,1438000,57.5,1,Auto,Salaried,East,4,16359.99,0,0,0,30.01,Moderate,0.0443
LN103328,2024-11-06,28,66800,8.3,1326000,36,9.77,843,16.3,0,1000000,132.6,3,Auto,Salaried,East,1,42643.25,0,0,0,18.56,Low,0.0088
LN104097,2024-11-07,33,36000,4.9,118000,72,14.56,791,17.2,1,167000,70.7,0,Auto,Self-employed,South,1,2467.0,0,0,0,17.3,Low,0.008
LN103018,2024-11-07,34,179900,6.7,293000,48,9.08,739,38.4,2,303000,96.7,3,Auto,Contract,North,1,7302.45,0,0,0,28.89,Moderate,0.0581
LN104888,2024-11-07,40,73500,13.2,315000,36,12.93,714,36.2,0,279000,112.9,0,Personal,Self-employed,Central,3,10602.98,0,0,0,30.73,Moderate,0.0781
LN100796,2024-11-07,38,287600,3.4,251000,60,13.29,608,47.6,2,404000,62.1,1,Education,Salaried,West,3,11408.13,120,1,1,37.54,Moderate,0.1522
LN100554,2024-11-07,41,63000,14.6,554000,72,8.13,741,37.8,0,853000,64.9,1,Education,Salaried,Central,0,9748.62,10,0,0,19.82,Low,0.0116
LN104982,2024-11-07,41,83700,6.5,385000,72,11.15,701,16.7,0,492000,78.3,1,Education,Salaried,South,1,7357.73,0,0,0,20.72,Low,0.0142
LN104434,2024-11-08,33,136300,12.5,945000,60,10.38,673,28.5,2,642000,147.2,3,Business,Salaried,East,1,20255.61,0,0,0,35.46,Moderate,0.1301
LN104663,2024-11-08,34,72500,14.7,906000,60,12.49,651,15.5,0,1498000,60.5,0,Home,Salaried,Central,1,20378.52,0,0,0,21.35,Low,0.0144
LN102637,2024-11-08,46,54600,1.5,199000,48,12.42,636,40.0,0,292000,68.2,3,Auto,Salaried,West,1,5281.56,0,0,0,27.82,Moderate,0.0529
LN103095,2024-11-09,50,230400,15.0,328000,60,11.09,725,5.0,0,261000,125.7,0,Personal,Salaried,North,2,7146.25,0,0,0,23.52,Low,0.0205
LN103684,2024-11-09,43,98800,8.5,713000,48,12.73,700,46.0,3,1027000,69.4,0,Personal,Self-employed,North,3,19032.6,5,0,0,35.08,Moderate,0.1093
LN104865,2024-11-09,23,64100,6.3,335000,48,12.17,646,6.1,1,351000,95.4,2,Auto,Salaried,South,1,8849.82,0,0,0,25.23,Moderate,0.0278
LN103989,2024-11-09,31,52500,8.1,442000,72,8.72,719,56.9,1,791000,55.9,0,Auto,Self-employed,South,2,7906.0,0,0,0,29.24,Moderate,0.055
LN103369,2024-11-09,39,72800,18.1,912000,60,9.31,704,39.9,1,790000,115.4,1,Auto,Salaried,East,1,19069.13,5,0,0,30.92,Moderate,0.0591
LN102125,2024-11-10,43,25700,8.6,207000,12,8.01,662,31.2,0,331000,62.5,3,Business,Salaried,East,1,18007.56,0,0,0,24.11,Low,0.0276
LN100885,2024-11-10,55,145000,3.7,193000,48,8.33,657,40.6,1,281000,68.7,1,Home,Contract,West,0,4905.83,15,0,0,27.21,Moderate,0.0613
LN104318,2024-11-10,39,52000,9.7,265000,48,12.79,705,35.1,1,220000,120.5,1,Personal,Contract,South,2,7081.7,0,0,0,32.08,Moderate,0.1113
LN100575,2024-11-10,21,25400,4.9,315000,72,13.94,693,17.3,0,510000,61.8,2,Home,Government,North,2,6480.69,0,0,0,21.29,Low,0.0143
LN100939,2024-11-11,33,189700,2.8,499000,84,7.97,611,20.8,0,617000,80.9,0,Auto,Government,Central,1,7770.06,5,0,0,26.57,Moderate,0.0432
LN102066,2024-11-11,21,54000,11.9,1019000,60,16.76,784,34.2,1,1220000,83.5,1,Business,Government,South,1,25193.46,0,0,0,22.35,Low,0.0155
LN102803,2024-11-11,29,71300,15.3,639000,60,13.11,753,48.0,1,1036000,61.7,1,Home,Salaried,North,0,14575.22,0,0,0,22.91,Low,0.0166
LN104506,2024-11-12,44,61300,6.3,243000,24,9.5,705,19.2,0,368000,66.0,1,Personal,Contract,North,1,11157.22,0,0,0,19.78,Low,0.019
LN101481,2024-11-12,35,24600,7.5,153000,72,8.72,622,16.0,1,254000,60.2,0,Business,Salaried,South,0,2736.69,5,0,0,23.29,Low,0.0242
LN103634,2024-11-12,42,38100,17.5,778000,48,12.66,616,33.9,0,990000,78.6,1,Home,Salaried,South,2,20740.74,45,1,0,30.36,Moderate,0.0589
LN101389,2024-11-13,31,93400,11.0,666000,48,11.83,820,26.5,0,646000,103.1,0,Home,Government,North,2,17482.8,0,0,0,20.53,Low,0.0106
LN100356,2024-11-13,38,29700,4.7,861000,60,13.25,717,31.4,0,1363000,63.2,1,Personal,Contract,North,0,19700.76,0,0,0,19.64,Low,0.021
LN101936,2024-11-13,40,130200,8.8,817000,84,11.36,605,59.5,0,1285000,63.6,3,Business,Salaried,West,0,14144.15,0,0,0,31.23,Moderate,0.103
LN103998,2024-11-13,53,46800,3.7,202000,36,13.18,631,27.5,2,157000,128.7,2,Personal,Self-employed,North,0,6823.7,0,0,0,33.96,Moderate,0.1602
LN101781,2024-11-13,37,65300,16.3,1795000,48,12.74,775,27.1,1,2654000,67.6,1,Home,Salaried,South,0,47924.04,0,0,0,18.15,Low,0.0071
LN104411,2024-11-14,37,42100,6.4,209000,84,11.22,732,61.0,0,167000,125.1,0,Auto,Salaried,Central,1,3602.81,0,0,0,32.62,Moderate,0.1035
LN103002,2024-11-14,34,59800,12.8,146000,36,11.52,673,41.7,0,259000,56.4,1,Personal,Salaried,East,1,4815.89,0,0,0,25.02,Moderate,0.0306
LN100683,2024-11-14,42,66500,6.4,1618000,84,11.05,754,10.5,1,2305000,70.2,1,Home,Contract,East,2,27746.66,0,0,0,19.54,Low,0.0121
LN104244,2024-11-14,38,56300,14.3,242000,72,10.67,727,39.7,0,358000,67.6,2,Auto,Salaried,West,1,4565.45,0,0,0,22.88,Low,0.0178
LN100940,2024-11-14,26,34500,2.3,1050000,48,11.34,681,5.0,1,1576000,66.6,1,Education,Salaried,West,4,27311.49,0,0,0,25.27,Moderate,0.0206
LN103525,2024-11-14,27,39200,13.7,272000,84,8.47,681,15.3,2,421000,64.6,1,Auto,Salaried,East,4,4303.42,0,0,0,29.13,Moderate,0.0291
LN103810,2024-11-15,29,69700,13.4,2538000,36,11.45,690,39.1,1,3073000,82.6,2,Education,Government,Central,3,83632.76,15,0,0,31.55,Moderate,0.0565
LN102696,2024-11-15,48,106700,14.9,948000,36,11.65,706,36.0,2,1659000,57.1,2,Auto,Salaried,West,2,31328.93,0,0,0,27.87,Moderate,0.028
LN103881,2024-11-16,40,54400,6.4,772000,24,12.19,740,18.9,0,1293000,59.7,3,Business,Self-employed,South,0,36409.26,0,0,0,15.57,Low,0.0086
LN101635,2024-11-16,34,53800,18.7,248000,48,13.15,642,45.4,1,286000,86.7,0,Education,Salaried,South,1,6671.7,0,0,0,32.43,Moderate,0.0772
LN102719,2024-11-17,39,35900,7.2,217000,12,10.99,687,38.6,2,305000,71.1,1,Personal,Salaried,South,1,19177.81,10,0,0,29.13,Moderate,0.0494
LN101446,2024-11-17,33,45000,19.3,726000,60,13.12,714,37.3,1,863000,84.1,3,Education,Salaried,North,3,16563.36,0,0,0,30.07,Moderate,0.0399
LN101077,2024-11-17,34,42300,8.2,321000,60,12.52,672,29.7,1,515000,62.3,1,Home,Salaried,South,2,7225.1,5,0,0,26.93,Moderate,0.0313
LN102199,2024-11-17,42,32000,10.2,457000,36,11.41,818,45.4,0,753000,60.7,1,Home,Contract,East,2,15050.48,0,0,0,20.18,Low,0.014
LN103466,2024-11-17,34,86800,5.7,42000,72,10.96,670,54.6,0,40000,105.0,1,Business,Government,West,0,3949.4,0,0,0,30.95,Moderate,0.1002
LN102260,2024-11-18,42,168400,4.7,379000,84,11.22,603,50.6,1,313000,121.1,0,Auto,Contract,West,0,7100.87,0,0,0,37.31,Moderate,0.2871
LN100260,2024-11-18,30,118600,4.2,772000,84,14.55,759,33.7,0,1173000,65.8,3,Personal,Self-employed,West,0,14702.86,0,0,0,18.14,Low,0.0139
LN104957,2024-11-18,48,39600,7.8,245000,84,14.46,793,41.8,2,193000,126.9,2,Education,Salaried,South,1,4653.79,0,0,0,29.73,Moderate,0.0461
LN102566,2024-11-19,29,54700,4.4,978000,60,12.76,625,17.2,0,680000,143.8,3,Home,Salaried,West,1,22132.53,0,0,0,31.4,Moderate,0.0949
LN101632,2024-11-20,32,53800,14.2,964000,60,9.05,724,32.0,0,883000,109.2,0,Home,Salaried,South,3,20034.46,0,0,0,28.99,Moderate,0.0416
LN104263,2024-11-20,35,45000,14.9,812000,48,13.32,683,30.0,0,879000,92.4,1,Personal,Government,Central,1,21913.11,0,0,0,25.75,Moderate,0.0339
LN103119,2024-11-20,53,65300,4.4,285000,60,13.35,765,29.8,0,341000,83.6,2,Personal,Government,Central,0,6535.8,0,0,0,18.82,Low,0.0126
LN104098,2024-11-21,37,68400,11.5,695000,12,16.65,742,41.7,1,895000,77.7,2,Auto,Salaried,North,0,63271.92,0,0,0,23.83,Low,0.021
LN101600,2024-11-22,36,35000,13.8,661000,60,11.16,689,18.6,1,1090000,60.6,3,Home,Salaried,North,1,14424.54,0,0,0,21.97,Low,0.0136
LN101226,2024-11-22,38,32800,7.7,260000,48,9.4,684,20.3,1,315000,82.5,1,Home,Self-employed,Central,0,6519.61,0,0,0,23.1,Low,0.0253
LN101379,2024-11-22,54,67300,8.6,234000,60,16.36,690,6.5,0,337000,69.4,1,Business,Self-employed,South,0,5735.28,0,0,0,16.71,Low,0.0105
LN101200,2024-11-22,39,49900,8.4,309000,72,9.97,751,31.8,1,386000,80.1,0,Home,Government,Central,1,5719.81,0,0,0,23.28,Low,0.0178
LN103354,2024-11-22,33,186300,16.1,1533000,36,10.5,728,24.4,1,1907000,80.4,3,Personal,Salaried,South,3,49826.25,5,0,0,26.38,Moderate,0.0248
LN100738,2024-11-22,53,48100,11.8,709000,60,7.36,723,39.5,0,1189000,59.6,0,Home,Government,North,0,14159.78,0,0,0,20.58,Low,0.0139
LN100527,2024-11-23,38,65400,5.1,164000,72,10.46,584,50.6,1,140000,117.1,0,Home,Salaried,Central,0,3076.42,5,0,0,37.91,Moderate,0.2409
LN102908,2024-11-23,34,94200,12.0,236000,60,10.46,652,21.7,0,401000,58.9,1,Auto,Government,South,3,5067.89,0,0,0,25.71,Moderate,0.0253
LN100451,2024-11-23,47,68600,19.6,456000,48,9.04,547,43.4,0,568000,80.3,1,Business,Self-employed,North,0,11356.24,0,0,0,32.75,Moderate,0.1431
LN103725,2024-11-23,43,54200,4.3,735000,60,11.68,687,21.2,0,947000,77.6,1,Business,Contract,North,1,16231.06,0,0,0,22.3,Low,0.03
LN101382,2024-11-24,57,50800,7.1,846000,60,12.6,645,5.0,0,1294000,65.4,2,Auto,Government,North,3,19076.31,0,0,0,23.39,Low,0.0184
LN100512,2024-11-24,36,88300,5.8,292000,60,11.84,694,31.5,0,377000,77.5,1,Personal,Salaried,West,2,6471.79,0,0,0,25.64,Moderate,0.0336
LN100561,2024-11-24,57,64200,4.9,391000,24,11.27,690,21.5,0,377000,103.7,0,Personal,Salaried,East,1,18272.72,5,0,0,24.81,Low,0.0334
LN103182,2024-11-24,28,64900,6.2,795000,72,11.74,660,40.0,0,1238000,64.2,0,Auto,Salaried,Central,0,15435.12,0,0,0,24.48,Low,0.0308
LN104397,2024-11-24,29,51700,13.3,514000,72,10.25,690,23.2,0,580000,88.6,0,Education,Government,South,1,9587.21,0,0,0,23.64,Low,0.0214
LN102115,2024-11-24,33,52800,7.3,522000,24,9.5,724,39.7,1,758000,68.9,2,Personal,Salaried,North,0,23967.37,0,0,0,23.5,Low,0.0239
LN104509,2024-11-24,37,96800,6.7,517000,72,14.07,619,22.6,1,869000,59.5,0,Auto,Self-employed,North,0,10672.56,0,0,0,24.7,Low,0.0349
LN101240,2024-11-25,35,58600,13.4,286000,36,10.06,690,51.9,0,482000,59.3,2,Personal,Salaried,North,1,9236.47,0,0,0,26.45,Moderate,0.0382
LN103992,2024-11-25,21,60300,4.3,317000,60,8.39,800,43.4,0,483000,65.6,4,Personal,Government,North,2,6486.95,0,0,0,21.22,Low,0.0149
LN102185,2024-11-25,52,90400,6.8,508000,60,11.13,668,35.0,0,888000,57.2,1,Education,Salaried,South,0,11078.11,0,0,0,22.36,Low,0.0211
LN102664,2024-11-25,42,99800,5.5,2291000,48,10.51,607,20.8,1,1712000,133.8,2,Education,Salaried,West,1,58668.41,0,0,0,34.07,Moderate,0.125
LN102950,2024-11-26,49,32900,8.3,366000,48,10.78,636,28.1,0,307000,119.2,2,Auto,Contract,Central,3,9420.41,0,0,0,33.87,Moderate,0.1449
LN101167,2024-11-26,43,60400,10.5,377000,36,11.17,632,66.6,2,293000,128.7,1,Business,Salaried,South,1,12372.87,120,1,1,43.4,Moderate,0.387
LN103624,2024-11-26,55,106200,13.0,353000,84,14.42,688,45.8,0,530000,66.6,4,Business,Government,North,4,6697.4,0,0,0,31.06,Moderate,0.0593
LN100501,2024-11-26,55,84000,5.6,662000,48,11.25,789,62.5,0,464000,142.7,1,Auto,Salaried,West,1,17190.22,0,0,0,31.67,Moderate,0.0872
LN102641,2024-11-26,36,67800,4.9,302000,36,14.92,684,7.9,0,341000,88.6,1,Auto,Self-employed,South,5,10457.1,0,0,0,27.56,Moderate,0.038
LN101401,2024-11-26,43,44000,14.6,393000,84,7.01,742,35.9,0,481000,81.7,2,Home,Salaried,Central,0,5933.34,5,0,0,21.07,Low,0.0145
LN101622,2024-11-26,46,77500,3.1,1149000,60,11.17,683,70.4,0,1329000,86.5,0,Education,Salaried,East,0,25079.57,0,0,0,31.57,Moderate,0.1029
LN101482,2024-11-26,54,42500,8.7,777000,36,11.33,744,41.8,0,1272000,61.1,2,Business,Government,West,0,25559.58,0,0,0,20.08,Low,0.0145
LN102691,2024-11-27,36,48800,5.6,713000,36,10.54,543,61.7,1,1247000,57.2,2,Education,Salaried,South,0,23187.69,0,0,0,36.31,Moderate,0.1923
LN100458,2024-11-27,33,39500,6.8,306000,24,10.44,772,38.0,0,352000,86.9,2,Personal,Contract,East,0,14182.57,0,0,0,20.42,Low,0.0226
LN103529,2024-11-28,29,52500,8.3,510000,72,10.29,663,13.2,1,819000,62.3,3,Home,Government,Central,1,9522.93,0,0,0,22.44,Low,0.0163
LN104529,2024-11-28,33,60400,12.7,448000,84,10.35,647,41.9,0,445000,100.7,0,Personal,Salaried,West,2,7518.6,0,0,0,32.53,Moderate,0.0987
LN104567,2024-11-28,27,83300,6.3,804000,36,9.09,775,24.1,0,743000,108.2,2,Education,Government,South,1,25600.68,0,0,0,21.28,Low,0.015
LN103774,2024-11-28,22,129400,22.7,157000,72,10.68,749,54.2,1,227000,69.2,0,Home,Government,West,1,5844.57,15,0,0,26.77,Moderate,0.0261
LN100207,2024-11-28,43,51000,11.2,1105000,36,12.17,613,45.3,0,745000,148.3,1,Personal,Salaried,Central,0,36791.6,60,1,0,36.44,Moderate,0.2256
LN104510,2024-11-28,27,20600,15.1,280000,36,12.3,718,46.2,0,433000,64.7,0,Auto,Contract,Central,0,9340.18,0,0,0,22.7,Low,0.027
LN103304,2024-11-28,48,96900,6.4,185000,48,13.62,705,20.5,1,149000,124.2,2,Business,Self-employed,South,0,5020.2,0,0,0,26.2,Moderate,0.0482
LN102289,2024-11-28,51,64500,6.6,769000,36,12.13,627,62.9,1,1268000,60.6,0,Auto,Salaried,South,2,25589.58,0,0,0,35.78,Moderate,0.1386
LN104093,2024-11-28,40,120200,14.9,282000,24,9.67,736,28.3,0,241000,117.0,4,Home,Salaried,East,2,12969.96,0,0,0,26.73,Moderate,0.0312
LN101890,2024-11-29,43,105600,4.0,438000,84,6.79,753,44.3,1,507000,86.4,1,Home,Salaried,East,1,6565.72,5,0,0,26.3,Moderate,0.0319
LN103372,2024-11-29,51,73300,4.6,1034000,60,10.09,692,50.7,2,867000,119.3,1,Business,Self-employed,West,2,22015.26,0,0,0,37.77,Moderate,0.2147
LN104537,2024-11-29,35,106000,15.8,419000,60,14.83,730,45.1,0,578000,72.5,2,Auto,Salaried,South,0,9930.63,0,0,0,22.62,Low,0.0186
LN103192,2024-11-29,59,62800,2.7,133000,36,10.56,807,38.0,0,89000,149.4,2,Auto,Self-employed,North,1,4326.59,0,0,0,26.48,Moderate,0.0474
LN104985,2024-11-30,53,53800,7.6,258000,84,13.56,850,19.6,1,455000,56.7,2,Business,Salaried,East,2,4772.43,0,0,0,14.92,Low,0.0038
LN102942,2024-11-30,44,32500,13.4,181000,72,8.35,654,34.0,2,165000,109.7,0,Home,Self-employed,Central,2,3204.54,90,1,1,35.48,Moderate,0.1294
LN100980,2024-11-30,45,40300,2.8,387000,36,10.2,744,39.6,0,310000,124.8,1,Home,Self-employed,Central,1,12523.77,0,0,0,27.68,Moderate,0.0595
LN103206,2024-11-30,31,87200,20.0,454000,48,9.04,839,24.3,1,771000,58.9,2,Auto,Salaried,Central,2,11306.43,0,0,0,16.67,Low,0.004
LN102359,2024-11-30,42,165200,1.6,1107000,48,13.58,704,20.5,1,1056000,104.8,1,Auto,Salaried,North,2,30017.7,0,0,0,27.64,Moderate,0.0388
LN104040,2024-11-30,40,72100,20.1,435000,48,11.53,731,38.8,0,632000,68.8,0,Personal,Self-employed,West,5,11355.09,0,0,0,29.27,Moderate,0.0437
LN103891,2024-12-01,43,83900,10.5,387000,60,11.96,668,51.8,0,690000,56.1,2,Personal,Salaried,North,2,8600.78,0,0,0,28.94,Moderate,0.055
LN104020,2024-12-02,58,71200,10.5,485000,72,10.21,800,41.5,0,621000,78.1,0,Personal,Government,South,0,9036.48,0,0,0,18.76,Low,0.0111
LN101270,2024-12-02,48,54600,5.3,491000,36,8.96,667,35.8,0,585000,83.9,2,Home,Salaried,South,1,15604.53,0,0,0,26.9,Moderate,0.0424
LN101624,2024-12-03,55,47500,4.5,410000,36,15.21,671,47.9,1,649000,63.2,2,Personal,Salaried,East,0,14254.98,0,0,0,27.38,Moderate,0.0496
LN101584,2024-12-03,42,139700,10.9,311000,72,11.72,668,31.4,0,359000,86.6,2,Personal,Salaried,South,1,6034.92,0,0,0,26.24,Moderate,0.0393
LN101999,2024-12-03,31,78700,10.4,482000,72,9.07,806,48.2,0,791000,60.9,1,Home,Government,South,0,8705.06,15,0,0,18.06,Low,0.0086
LN104329,2024-12-03,34,87000,8.1,821000,72,9.71,697,28.2,1,1048000,78.3,1,Personal,Self-employed,Central,0,15089.92,5,0,0,23.57,Low,0.0303
LN102149,2024-12-04,23,45600,7.4,557000,60,12.17,708,48.1,0,919000,60.6,1,Business,Salaried,Central,3,12438.06,0,0,0,28.2,Moderate,0.0437
LN103331,2024-12-04,24,112500,4.4,954000,24,12.14,668,44.8,0,1199000,79.6,1,Education,Contract,Central,1,44970.49,180,1,1,28.22,Moderate,0.0741
LN101102,2024-12-05,57,37700,28.1,860000,24,13.43,644,34.0,1,814000,105.7,4,Home,Government,West,2,41059.88,0,0,0,33.61,Moderate,0.0745
LN103464,2024-12-05,40,104500,11.3,1448000,36,11.63,763,28.5,0,1700000,85.2,1,Education,Contract,North,1,47838.83,0,0,0,20.49,Low,0.0172
LN104016,2024-12-05,34,28700,7.3,868000,60,15.53,789,7.7,2,1302000,66.7,0,Business,Salaried,Central,0,20891.92,0,0,0,15.44,Low,0.0048
LN102377,2024-12-05,26,87100,16.9,508000,48,16.35,636,41.7,0,497000,102.2,1,Personal,Salaried,West,1,14488.09,0,0,0,31.56,Moderate,0.0891
LN104555,2024-12-06,35,170500,5.8,463000,48,8.97,733,17.3,0,493000,93.9,0,Auto,Government,East,1,11515.18,0,0,0,20.71,Low,0.014
LN102713,2024-12-06,25,76300,8.0,625000,72,10.36,850,14.4,1,901000,69.4,0,Education,Contract,West,1,11692.43,0,0,0,13.49,Low,0.0043
LN101796,2024-12-06,35,136100,7.6,468000,84,14.68,758,60.8,2,500000,93.6,1,Personal,Salaried,West,2,8947.06,0,0,0,33.72,Moderate,0.0902
LN100937,2024-12-06,44,30400,4.0,830000,60,11.35,702,42.4,0,972000,85.4,1,Personal,Salaried,East,2,18191.42,0,0,0,28.19,Moderate,0.0527
LN104836,2024-12-07,34,106300,3.7,367000,36,11.45,696,32.7,0,530000,69.2,0,Personal,Self-employed,West,1,12093.47,0,0,0,23.28,Low,0.0318
LN100425,2024-12-07,50,89100,22.4,164000,36,14.35,817,21.9,0,242000,67.8,1,Education,Salaried,South,1,5633.05,0,0,0,14.57,Low,0.0035
LN100200,2024-12-07,41,55500,9.3,717000,24,7.1,692,25.0,0,837000,85.7,4,Auto,Salaried,West,1,32134.45,20,0,0,23.6,Low,0.0225
LN104794,2024-12-07,37,48900,5.1,214000,48,7.57,580,35.4,3,254000,84.3,2,Personal,Salaried,West,3,5181.28,0,0,0,40.8,Moderate,0.2368
LN103397,2024-12-08,51,70500,6.4,350000,24,15.14,750,48.9,0,401000,87.3,1,Home,Self-employed,South,1,16993.62,0,0,0,25.47,Moderate,0.0383
LN102206,2024-12-08,51,74400,21.4,528000,60,9.15,700,37.3,1,835000,63.2,0,Personal,Salaried,North,0,10998.89,0,0,0,23.72,Low,0.0205
LN104063,2024-12-08,41,44500,2.0,831000,48,12.07,571,24.9,1,1280000,64.9,2,Home,Salaried,East,1,21911.99,0,0,0,29.91,Moderate,0.0672
LN100282,2024-12-08,52,106400,8.0,227000,72,13.97,689,29.3,1,211000,107.6,0,Education,Salaried,Central,0,4673.86,90,1,1,27.14,Moderate,0.0408
LN104960,2024-12-09,35,38900,7.5,714000,36,10.14,704,27.9,1,861000,82.9,2,Business,Salaried,East,1,23085.73,0,0,0,25.27,Moderate,0.0289
LN102427,2024-12-09,37,37100,2.1,169000,36,11.66,703,22.1,0,223000,75.8,1,Home,Salaried,North,0,5585.81,0,0,0,19.78,Low,0.0143
LN101105,2024-12-09,29,108300,2.8,325000,60,11.49,729,76.0,0,358000,90.8,1,Personal,Government,South,0,7145.97,20,0,0,30.69,Moderate,0.0973
LN101891,2024-12-10,38,353700,3.9,306000,72,16.05,713,34.6,1,468000,65.4,3,Business,Salaried,South,2,10198.35,0,0,0,26.05,Moderate,0.0308
LN100661,2024-12-10,33,41700,2.8,509000,72,8.55,697,28.4,1,620000,82.1,3,Education,Salaried,West,1,9061.73,15,0,0,25.66,Moderate,0.0302
LN104215,2024-12-10,43,115800,7.2,560000,48,13.32,676,36.5,0,948000,59.1,4,Business,Government,East,1,15112.49,15,0,0,24.09,Low,0.0277
LN100170,2024-12-10,30,75400,8.5,616000,60,12.63,661,36.2,1,714000,86.3,1,Auto,Self-employed,North,1,13899.5,10,0,0,29.54,Moderate,0.0674
LN102957,2024-12-11,36,183200,8.9,961000,84,13.22,789,48.0,0,1065000,90.2,2,Personal,Self-employed,North,0,17597.62,0,0,0,21.85,Low,0.0244
LN104078,2024-12-12,35,39000,12.5,588000,36,16.94,789,41.8,0,939000,62.6,0,Personal,Salaried,South,2,20946.25,0,0,0,21.18,Low,0.0132
LN101726,2024-12-12,33,44100,7.3,87000,72,12.07,759,33.1,0,98000,88.8,1,Business,Government,North,1,1704.04,0,0,0,21.98,Low,0.0185
LN103157,2024-12-12,39,39500,9.6,753000,72,15.1,680,38.1,1,1297000,58.1,2,Personal,Salaried,South,0,15963.12,0,0,0,24.43,Low,0.0278
LN100669,2024-12-12,48,123300,14.8,271000,36,10.35,700,46.0,0,212000,127.8,0,Home,Salaried,South,1,8789.01,10,0,0,31.59,Moderate,0.0801
LN102272,2024-12-12,32,100400,16.7,399000,24,12.22,820,24.0,0,418000,95.5,2,Auto,Salaried,North,2,18823.33,0,0,0,19.27,Low,0.0078
LN102451,2024-12-12,31,81700,5.2,1163000,60,12.91,766,42.5,1,819000,142.0,1,Auto,Salaried,North,1,26408.27,0,0,0,30.81,Moderate,0.0676
LN102570,2024-12-13,38,38600,4.7,853000,72,10.24,712,27.2,0,1358000,62.8,2,Personal,Salaried,South,0,15905.97,0,0,0,19.03,Low,0.0134
LN101802,2024-12-13,32,21000,8.5,689000,60,14.41,726,29.8,1,607000,113.5,2,Education,Government,East,1,16178.65,0,0,0,27.54,Moderate,0.038
LN102760,2024-12-13,44,122100,11.8,830000,24,12.04,709,33.3,0,1320000,62.9,3,Education,Government,Central,4,39086.49,0,0,0,27.08,Moderate,0.0277
LN101973,2024-12-13,40,113700,5.4,444000,84,6.5,611,27.2,0,758000,58.6,2,Auto,Salaried,Central,2,6593.15,0,0,0,27.29,Moderate,0.0417
LN104118,2024-12-14,34,62500,6.7,467000,84,13.54,698,40.7,0,338000,138.2,1,Home,Self-employed,West,2,8633.35,0,0,0,33.34,Moderate,0.1303
LN101023,2024-12-14,57,57000,6.9,356000,72,11.03,788,25.4,2,405000,87.9,2,Auto,Salaried,West,2,6781.6,0,0,0,24.49,Low,0.0169
LN103233,2024-12-15,55,49200,13.7,211000,72,8.11,673,43.0,0,330000,63.9,3,Home,Contract,West,1,3710.86,0,0,0,26.03,Moderate,0.0448
LN104929,2024-12-15,37,84500,6.9,211000,48,12.57,773,21.5,0,333000,63.4,1,Personal,Salaried,Central,2,5615.67,10,0,0,18.05,Low,0.0084
LN100263,2024-12-15,29,79400,14.7,489000,36,13.78,729,44.2,0,623000,78.5,2,Education,Salaried,Central,1,16660.66,0,0,0,24.76,Low,0.0246
LN101134,2024-12-15,36,44200,11.7,731000,84,9.33,637,40.3,1,884000,82.7,0,Business,Self-employed,Central,0,11883.91,0,0,0,29.61,Moderate,0.0804
LN103124,2024-12-15,37,55400,11.0,336000,72,14.07,646,26.1,1,551000,61.0,1,Home,Government,West,3,6936.13,0,0,0,29.12,Moderate,0.0398
LN103276,2024-12-15,49,211700,6.2,163000,12,9.83,679,18.1,1,152000,107.2,1,Education,Salaried,East,3,14317.41,0,0,0,30.39,Moderate,0.0527
LN101113,2024-12-15,42,42700,7.8,388000,72,11.83,709,35.2,0,678000,57.2,2,Education,Government,Central,0,7551.22,0,0,0,20.22,Low,0.014
LN103046,2024-12-16,48,48100,21.8,610000,84,13.53,704,20.1,0,641000,95.2,3,Home,Salaried,West,0,11273.62,0,0,0,21.27,Low,0.0139
LN100393,2024-12-16,54,69800,23.5,529000,24,12.13,704,18.9,0,709000,74.6,2,Home,Salaried,Central,1,24933.99,0,0,0,20.64,Low,0.0108
LN100463,2024-12-16,40,45400,4.6,1494000,72,11.35,607,38.2,1,1621000,92.2,1,Personal,Salaried,West,0,28705.46,0,0,0,31.72,Moderate,0.106
LN103628,2024-12-16,24,88700,4.8,851000,60,8.49,724,53.8,0,1107000,76.9,3,Personal,Salaried,West,0,17455.47,30,0,0,25.12,Moderate,0.0379
LN103639,2024-12-16,42,48400,2.8,635000,60,9.86,635,58.7,0,798000,79.6,1,Auto,Self-employed,West,0,13448.17,30,1,0,31.08,Moderate,0.1198
LN102578,2024-12-16,41,49600,13.7,803000,48,10.53,820,37.6,0,1202000,66.8,3,Home,Salaried,North,0,20571.15,0,0,0,15.79,Low,0.0055
LN102042,2024-12-16,33,81100,9.9,238000,60,9.53,686,8.6,0,188000,126.6,0,Home,Contract,Central,0,5001.93,30,0,0,23.06,Low,0.0327
LN102268,2024-12-16,33,71000,23.8,310000,24,10.39,663,20.6,2,516000,60.1,1,Business,Salaried,East,1,14360.79,20,0,0,25.7,Moderate,0.0216
LN100081,2024-12-17,41,69400,6.2,200000,60,7.95,686,54.8,0,198000,101.0,0,Personal,Contract,Central,0,4050.49,0,0,0,29.74,Moderate,0.1133
LN103690,2024-12-17,43,83100,4.5,281000,36,10.51,634,53.0,1,309000,90.9,0,Home,Government,East,1,9134.51,0,0,0,34.79,Moderate,0.1363
LN101465,2024-12-18,43,95800,6.9,408000,36,13.57,698,40.9,0,640000,63.7,5,Business,Salaried,West,1,13859.42,0,0,0,24.26,Low,0.0283
LN101125,2024-12-18,28,44700,27.0,273000,48,12.06,702,36.6,0,355000,76.9,0,Auto,Salaried,East,3,7197.18,0,0,0,27.85,Moderate,0.0285
LN102019,2024-12-18,27,66700,20.1,368000,36,13.21,776,25.9,1,636000,57.9,2,Personal,Salaried,West,0,12436.63,0,0,0,16.89,Low,0.006
LN100648,2024-12-18,36,130200,6.4,151000,60,10.18,705,23.0,0,260000,58.1,0,Auto,Salaried,West,2,3221.69,0,0,0,21.42,Low,0.0141
LN102313,2024-12-19,42,25500,6.7,1093000,60,9.05,686,22.4,0,1599000,68.4,0,Personal,Salaried,North,0,22715.41,0,0,0,20.0,Low,0.0157
LN102929,2024-12-19,47,31900,29.2,199000,36,8.01,718,14.6,1,240000,82.9,0,Home,Contract,North,2,6236.85,0,0,0,23.53,Low,0.0177
LN102319,2024-12-19,28,27300,6.2,475000,72,14.97,733,28.9,0,825000,57.6,2,Auto,Salaried,South,2,10036.14,0,0,0,21.07,Low,0.0131
LN101626,2024-12-19,34,77800,12.7,475000,48,13.32,783,6.2,0,459000,103.5,2,Home,Salaried,North,0,12818.63,20,0,0,15.14,Low,0.0052
LN100793,2024-12-20,27,69500,6.8,386000,84,9.47,776,41.9,0,691000,55.9,2,Business,Self-employed,East,4,6302.85,0,0,0,24.55,Low,0.0251
LN101629,2024-12-20,46,80300,2.6,1273000,60,14.23,783,32.3,0,1202000,105.9,0,Personal,Salaried,South,1,29772.5,0,0,0,22.26,Low,0.021
LN104360,2024-12-20,41,128800,7.1,698000,48,6.5,672,31.4,0,1118000,62.4,2,Personal,Salaried,North,1,16553.04,0,0,0,23.61,Low,0.0262
LN101013,2024-12-20,32,109900,21.2,429000,60,9.4,674,45.9,2,631000,68.0,0,Business,Salaried,South,1,8988.85,0,0,0,30.96,Moderate,0.0543
LN102768,2024-12-21,33,90700,4.0,334000,48,11.91,695,43.0,0,444000,75.2,2,Home,Salaried,South,0,8780.75,0,0,0,24.33,Low,0.0304
LN102399,2024-12-21,39,125200,4.7,270000,12,11.57,736,49.4,0,431000,62.6,3,Auto,Salaried,North,2,23934.89,0,0,0,25.51,Moderate,0.0286
LN100522,2024-12-21,32,93300,6.4,749000,48,11.85,736,33.2,0,1333000,56.2,1,Personal,Salaried,Central,1,19668.92,30,0,0,19.96,Low,0.0135
LN102534,2024-12-21,34,50400,4.2,165000,60,6.5,757,35.0,0,207000,79.7,0,Auto,Salaried,East,3,3228.41,5,0,0,24.89,Low,0.0231
LN102672,2024-12-22,40,76300,7.4,314000,24,13.08,642,43.9,0,437000,71.9,1,Personal,Government,East,2,14939.93,0,0,0,30.32,Moderate,0.0738
LN102065,2024-12-22,33,41400,1.1,1201000,60,11.86,712,40.1,1,1977000,60.7,1,Personal,Government,South,0,26630.69,0,0,0,23.4,Low,0.0258
LN100192,2024-12-22,40,84900,12.5,640000,60,14.04,627,28.9,0,909000,70.4,5,Business,Self-employed,Central,4,14904.96,10,0,0,31.29,Moderate,0.0795
LN102120,2024-12-22,60,52700,17.5,1219000,24,12.42,686,23.0,0,832000,146.5,2,Education,Contract,West,0,57621.95,10,0,0,27.93,Moderate,0.0666
LN103579,2024-12-22,28,79900,3.7,188000,72,13.07,835,25.7,0,287000,65.5,4,Personal,Self-employed,East,0,3780.88,0,0,0,12.48,Low,0.005
LN103064,2024-12-22,24,42600,3.4,256000,24,11.31,692,34.0,0,308000,83.1,4,Personal,Salaried,West,1,11968.48,0,0,0,25.14,Moderate,0.0357
LN102435,2024-12-23,35,74800,6.0,158000,72,9.21,702,31.8,0,268000,59.0,1,Personal,Salaried,Central,0,2864.53,0,0,0,20.1,Low,0.0159
LN100166,2024-12-23,45,51000,21.3,240000,60,15.68,659,52.8,0,198000,121.2,2,Education,Self-employed,East,0,5795.61,0,0,0,32.79,Moderate,0.1224
LN102783,2024-12-23,29,227200,8.2,353000,84,13.69,732,21.8,1,264000,133.7,1,Home,Salaried,North,1,6554.92,20,0,0,27.64,Moderate,0.039
LN101404,2024-12-23,47,83500,3.7,215000,84,9.67,785,26.8,1,251000,85.7,2,Home,Government,West,0,3532.7,0,0,0,19.37,Low,0.0106
LN103758,2024-12-24,40,70300,12.0,385000,36,12.12,832,60.4,0,396000,97.2,0,Home,Contract,Central,0,12809.59,0,0,0,22.75,Low,0.0267
LN103919,2024-12-24,37,96600,6.6,450000,72,11.43,812,19.9,0,352000,127.8,2,Home,Self-employed,West,2,8664.77,0,0,0,22.11,Low,0.0189
LN101137,2024-12-25,27,49400,5.9,283000,72,8.06,720,14.7,0,285000,99.3,2,Personal,Salaried,North,2,4970.2,0,0,0,23.09,Low,0.0215
LN102407,2024-12-25,45,90900,5.5,1056000,48,9.57,615,52.9,0,1362000,77.5,0,Auto,Salaried,West,1,26565.35,0,0,0,32.44,Moderate,0.1076
LN100537,2024-12-25,35,54900,4.1,939000,48,10.36,606,46.5,0,758000,123.9,1,Personal,Self-employed,Central,2,23978.14,0,0,0,37.94,Moderate,0.2945
LN103071,2024-12-25,53,89900,8.6,289000,24,8.26,616,17.3,2,320000,90.3,2,Auto,Salaried,West,2,13104.98,0,0,0,32.21,Moderate,0.0686
LN101527,2024-12-25,52,63700,6.2,434000,24,10.32,811,25.4,1,415000,104.6,1,Personal,Salaried,West,1,20091.06,0,0,0,21.27,Low,0.0142
LN102856,2024-12-25,32,36400,11.9,820000,84,14.39,681,35.1,0,1244000,65.9,1,Home,Salaried,West,2,15544.01,0,0,0,25.89,Moderate,0.0286
LN104657,2024-12-25,30,26900,10.8,1809000,72,13.07,657,28.3,0,1532000,118.1,0,Education,Salaried,South,2,36380.92,0,0,0,31.02,Moderate,0.0714
LN101745,2024-12-26,40,41800,34.1,190000,48,11.72,831,36.5,0,333000,57.1,0,Personal,Government,South,1,4977.35,0,0,0,15.68,Low,0.004
LN102495,2024-12-26,45,51100,2.7,429000,72,10.5,689,23.6,0,681000,63.0,3,Personal,Salaried,North,1,8056.18,0,0,0,21.21,Low,0.0183
LN100774,2024-12-26,44,75400,6.7,677000,60,12.49,682,55.0,0,494000,137.0,2,Home,Contract,West,1,15227.66,60,1,0,35.26,Moderate,0.2126
LN104110,2024-12-26,48,157800,8.4,452000,72,11.53,723,57.7,2,688000,65.7,1,Auto,Contract,East,3,8726.6,0,0,0,33.83,Moderate,0.1021
LN100304,2024-12-26,38,57400,2.8,828000,60,13.85,708,9.6,0,1195000,69.3,3,Personal,Salaried,West,0,19201.78,0,0,0,16.37,Low,0.0088
LN102505,2024-12-26,31,22200,5.8,152000,72,12.41,522,53.3,0,181000,84.0,1,Business,Government,West,2,3004.14,0,0,0,39.76,Moderate,0.3144
LN100650,2024-12-27,55,59700,12.4,459000,48,6.5,783,41.1,0,354000,129.7,0,Home,Contract,North,1,10885.16,0,0,0,26.4,Moderate,0.0464
LN104597,2024-12-27,50,63800,3.1,552000,24,10.82,696,37.6,0,597000,92.5,0,Home,Salaried,West,0,25681.42,0,0,0,24.92,Low,0.0344
LN102801,2024-12-27,62,46900,9.0,530000,36,11.42,710,44.7,0,779000,68.0,0,Auto,Government,South,0,17457.13,0,0,0,23.15,Low,0.0228
LN104870,2024-12-27,66,66900,13.7,314000,36,9.67,660,21.6,0,234000,134.2,0,Home,Salaried,North,1,10083.32,0,0,0,29.47,Moderate,0.0593
LN101800,2024-12-28,55,41200,8.2,246000,12,10.55,747,13.5,0,267000,92.1,0,Education,Government,Central,1,21690.29,0,0,0,19.03,Low,0.01
LN102995,2024-12-28,39,187800,10.3,650000,72,11.26,727,13.2,0,1160000,56.0,2,Home,Government,North,0,12458.88,0,0,0,14.75,Low,0.0051
LN101311,2024-12-28,45,116300,9.5,533000,84,11.57,679,27.8,0,887000,60.1,0,Personal,Salaried,West,2,9286.78,0,0,0,23.96,Low,0.0239
LN104140,2024-12-28,44,64900,28.5,679000,36,10.58,722,21.7,0,528000,128.6,4,Business,Government,North,0,22094.78,0,0,0,23.98,Low,0.0222
LN103251,2024-12-28,41,39200,3.0,388000,12,12.86,622,29.3,1,271000,143.2,1,Personal,Salaried,West,1,34629.62,0,0,0,35.92,Moderate,0.1867
LN104455,2024-12-28,41,45700,13.8,929000,36,15.81,715,32.5,0,1420000,65.4,1,Home,Government,Central,1,32573.81,0,0,0,21.85,Low,0.0152
LN102386,2024-12-29,36,55800,15.4,222000,48,9.43,703,34.8,0,386000,57.5,2,Business,Government,East,2,5569.92,0,0,0,23.83,Low,0.0207
LN104860,2024-12-29,34,86900,3.8,303000,36,11.7,758,17.6,0,371000,81.7,1,Home,Salaried,Central,2,10020.58,15,0,0,19.89,Low,0.011
LN100258,2024-12-30,42,29800,8.5,414000,60,8.22,720,49.7,0,733000,56.5,1,Personal,Salaried,North,0,8438.08,5,0,0,22.47,Low,0.0227
LN104229,2024-12-30,38,65600,17.7,242000,48,13.02,638,29.2,0,414000,58.5,2,Auto,Salaried,South,0,6494.66,20,0,0,22.91,Low,0.0202
LN100534,2024-12-30,32,60200,4.0,135000,36,11.64,734,39.2,0,161000,83.9,2,Home,Salaried,South,2,4460.75,0,0,0,25.7,Moderate,0.0302
LN104083,2024-12-31,21,75200,13.5,1630000,48,8.9,660,50.5,3,1804000,90.4,1,Business,Salaried,South,0,40485.27,0,0,0,35.2,Moderate,0.1173
LN100732,2024-12-31,42,106200,10.2,865000,12,10.73,764,37.0,1,1229000,70.4,0,Education,Salaried,South,0,76341.24,0,0,0,20.99,Low,0.0129
LN102271,2024-12-31,34,72800,1.7,370000,60,8.5,745,16.2,0,499000,74.1,1,Personal,Salaried,Central,2,7591.12,0,0,0,19.54,Low,0.0121
LN103940,2024-12-31,41,128200,10.4,654000,60,14.95,748,9.7,0,521000,125.5,2,Personal,Government,Central,1,15541.45,75,1,0,21.56,Low,0.0172
LN104330,2025-01-01,44,127900,9.9,192000,48,10.9,705,27.9,1,200000,96.0,2,Business,Salaried,East,2,4953.02,0,0,0,28.19,Moderate,0.0413
LN104666,2025-01-01,32,61600,11.6,944000,60,9.84,792,21.5,0,755000,125.0,0,Home,Government,West,1,19982.97,5,0,0,21.54,Low,0.0145
LN103536,2025-01-01,44,88300,2.8,1075000,60,7.54,812,22.0,0,1065000,100.9,1,Auto,Contract,West,3,21561.23,0,0,0,21.5,Low,0.0181
LN103009,2025-01-01,34,106600,5.4,490000,36,6.5,672,19.7,1,639000,76.7,0,Personal,Self-employed,North,1,15018.01,0,0,0,24.7,Low,0.0349
LN102061,2025-01-02,37,86600,7.7,100000,12,12.93,744,6.4,0,101000,99.0,2,Personal,Self-employed,West,1,8928.44,10,0,0,18.46,Low,0.0129
LN104107,2025-01-02,50,80600,5.6,471000,48,10.09,664,30.3,0,701000,67.2,0,Business,Salaried,West,1,11966.14,0,0,0,24.29,Low,0.0298
LN101594,2025-01-02,21,26900,12.8,207000,72,12.36,665,36.9,1,226000,91.6,3,Home,Salaried,North,1,4085.75,15,0,0,30.0,Moderate,0.0556
LN102635,2025-01-02,48,53200,2.1,498000,60,10.51,750,34.8,0,735000,67.8,4,Personal,Salaried,South,1,10706.43,0,0,0,20.7,Low,0.0163
LN103094,2025-01-02,30,66300,11.2,706000,60,12.78,834,46.0,0,854000,82.7,0,Auto,Government,Central,2,15984.27,0,0,0,21.65,Low,0.0126
LN103791,2025-01-03,34,53000,11.8,226000,48,11.87,698,34.1,0,363000,62.3,3,Auto,Salaried,North,1,5937.03,0,0,0,22.76,Low,0.0185
LN104442,2025-01-03,43,40800,18.9,841000,84,14.63,699,26.0,0,725000,116.0,3,Education,Salaried,North,1,16054.48,0,0,0,26.46,Moderate,0.0321
LN104989,2025-01-03,60,44900,16.4,497000,84,12.13,750,23.9,0,718000,69.2,0,Business,Government,South,2,8808.0,0,0,0,20.33,Low,0.0108
LN102000,2025-01-03,32,94800,2.0,316000,60,10.15,726,31.2,1,441000,71.7,1,Auto,Government,North,0,6737.41,20,0,0,21.97,Low,0.0177
LN100684,2025-01-03,27,49600,9.2,295000,60,10.59,702,29.4,0,380000,77.6,1,Auto,Self-employed,East,1,6353.86,0,0,0,23.14,Low,0.0255
LN100701,2025-01-04,47,58600,21.1,611000,12,8.78,712,30.2,0,413000,147.9,1,Home,Self-employed,South,2,53370.54,0,0,0,31.47,Moderate,0.0796
LN100652,2025-01-04,36,61000,14.0,860000,48,13.62,622,63.8,0,1185000,72.6,3,Home,Salaried,North,0,23337.17,0,0,0,32.09,Moderate,0.0997
LN103155,2025-01-04,23,54000,18.4,553000,48,10.75,584,48.3,0,705000,78.4,3,Auto,Contract,West,2,14225.53,180,1,1,34.92,Moderate,0.166
LN101621,2025-01-04,25,71300,14.9,432000,36,10.37,802,21.1,1,283000,152.7,1,Home,Self-employed,South,1,14014.59,10,0,0,25.43,Moderate,0.0303
LN104922,2025-01-05,43,28500,1.8,133000,60,11.43,600,45.1,0,170000,78.2,1,Auto,Salaried,North,0,2920.35,0,0,0,30.08,Moderate,0.087
LN102912,2025-01-05,31,58700,13.2,609000,60,17.51,689,54.0,0,654000,93.1,0,Auto,Contract,East,1,15302.72,0,0,0,30.3,Moderate,0.0909
LN101159,2025-01-05,35,30700,11.2,751000,48,10.92,639,47.7,0,985000,76.2,2,Personal,Government,South,1,19380.82,0,0,0,30.0,Moderate,0.074
LN100590,2025-01-05,39,49800,6.5,378000,60,9.28,771,24.1,1,631000,59.9,3,Home,Salaried,North,2,7898.13,0,0,0,20.33,Low,0.0096
LN103760,2025-01-05,41,103600,8.2,407000,48,13.8,617,41.2,1,294000,138.4,2,Auto,Salaried,Central,2,11081.09,5,0,0,39.75,Moderate,0.2479
LN102104,2025-01-05,27,88100,4.7,654000,12,13.95,627,18.2,1,518000,126.3,3,Auto,Salaried,Central,0,58705.39,5,0,0,30.08,Moderate,0.0731
LN103202,2025-01-05,40,50100,22.0,285000,48,11.56,677,39.3,1,315000,90.5,1,Auto,Salaried,South,2,7443.72,20,0,0,31.4,Moderate,0.0549
LN100173,2025-01-05,41,40300,12.7,640000,36,13.45,774,45.6,0,1047000,61.1,1,Education,Government,South,1,21703.11,0,0,0,20.92,Low,0.0126
LN101801,2025-01-05,37,42100,16.5,256000,60,11.31,766,34.5,0,392000,65.3,1,Personal,Salaried,North,0,5605.72,0,0,0,17.88,Low,0.0089
LN104741,2025-01-05,42,37200,21.3,209000,36,12.37,727,8.2,0,320000,65.3,1,Personal,Salaried,West,2,6978.78,0,0,0,18.02,Low,0.007
LN100041,2025-01-06,40,28800,10.5,836000,72,6.59,657,10.4,0,1168000,71.6,1,Personal,Salaried,East,0,14088.95,10,0,0,19.46,Low,0.0139
LN102766,2025-01-06,38,226300,4.2,209000,48,11.06,689,33.3,0,223000,93.7,1,Auto,Self-employed,East,3,6279.82,10,0,0,29.55,Moderate,0.0659
LN103622,2025-01-07,21,56700,9.8,1019000,48,15.0,761,20.8,0,1070000,95.2,2,Personal,Salaried,Central,3,28359.53,0,0,0,23.39,Low,0.0186
LN100136,2025-01-07,31,81800,10.9,106000,72,9.03,778,32.3,1,133000,79.7,1,Home,Self-employed,West,3,2201.78,0,0,0,25.24,Moderate,0.0235
LN102297,2025-01-07,51,39100,4.5,403000,84,8.47,732,40.5,1,659000,61.2,1,Auto,Salaried,West,0,6376.03,30,0,0,22.47,Low,0.0184
LN100138,2025-01-07,45,46600,11.9,374000,72,13.26,758,19.6,1,379000,98.7,1,Home,Salaried,West,2,7559.13,5,0,0,23.99,Low,0.0172
LN100715,2025-01-07,48,53000,15.3,459000,60,13.5,650,28.4,0,631000,72.7,1,Personal,Self-employed,North,3,10561.52,10,0,0,28.54,Moderate,0.0543
LN101029,2025-01-07,29,49000,9.8,925000,84,13.88,695,23.2,1,1312000,70.5,1,Home,Salaried,East,2,17273.25,0,0,0,25.23,Moderate,0.0226
LN101864,2025-01-08,50,64600,11.1,1175000,12,7.5,658,53.3,0,1795000,65.5,3,Business,Salaried,Central,1,101939.96,0,0,0,29.04,Moderate,0.0611
LN104265,2025-01-08,42,89800,4.7,698000,36,8.92,605,29.7,0,1208000,57.8,1,Personal,Government,East,0,22170.23,0,0,0,24.69,Low,0.038
LN101692,2025-01-08,46,58000,10.9,780000,36,15.51,769,43.1,1,521000,149.7,0,Auto,Government,South,1,27234.17,0,0,0,31.54,Moderate,0.0704
LN103406,2025-01-08,44,174100,19.8,401000,60,12.06,850,26.2,1,639000,62.8,0,Business,Government,Central,0,8932.19,0,0,0,13.52,Low,0.0031
LN104449,2025-01-08,51,92700,5.8,736000,48,7.13,728,54.2,0,941000,78.2,0,Auto,Salaried,Central,1,17668.86,0,0,0,26.79,Moderate,0.0395
LN101830,2025-01-09,44,80400,17.9,402000,36,8.47,711,33.0,2,571000,70.4,2,Education,Salaried,West,1,12684.56,0,0,0,26.67,Moderate,0.0245
LN101938,2025-01-09,48,52900,29.7,419000,84,10.91,545,27.7,0,432000,97.0,1,Auto,Salaried,North,2,7154.49,0,0,0,34.72,Moderate,0.1062
LN103381,2025-01-09,49,75300,3.8,400000,60,10.99,603,32.0,0,432000,92.6,0,Personal,Self-employed,North,0,8694.97,5,0,0,28.74,Moderate,0.0936
LN104304,2025-01-09,26,104800,12.1,481000,60,15.71,697,35.0,0,853000,56.4,1,Personal,Salaried,South,0,11623.0,0,0,0,20.74,Low,0.0163
LN103637,2025-01-09,41,37700,13.2,1287000,48,11.96,704,42.5,1,1054000,122.1,1,Auto,Salaried,Central,0,33866.38,180,1,1,30.44,Moderate,0.0652
LN101170,2025-01-09,45,42500,6.5,98000,60,13.45,812,41.9,0,102000,96.1,1,Home,Self-employed,West,2,2252.44,0,0,0,23.34,Low,0.023
LN100973,2025-01-09,32,23100,12.7,541000,72,7.94,579,65.1,1,969000,55.8,5,Auto,Government,North,2,9469.64,240,1,1,38.28,Moderate,0.1904
LN102452,2025-01-09,37,39000,1.3,223000,48,13.26,648,13.5,1,360000,61.9,1,Personal,Salaried,Central,3,6011.35,0,0,0,26.58,Moderate,0.0335
LN102946,2025-01-10,39,111300,6.2,1302000,72,12.42,775,35.6,0,1390000,93.7,2,Personal,Salaried,Central,2,25739.62,0,0,0,23.79,Low,0.0232
LN104503,2025-01-10,42,39700,19.8,299000,72,6.89,708,41.9,1,367000,81.5,2,Personal,Salaried,North,0,5081.87,0,0,0,26.05,Moderate,0.0313
LN102138,2025-01-10,27,50400,22.1,670000,84,12.64,769,37.7,0,657000,102.0,4,Personal,Government,East,2,12057.87,0,0,0,25.36,Moderate,0.0242
LN100184,2025-01-10,36,107100,9.0,175000,60,13.26,676,41.4,2,237000,73.8,0,Personal,Salaried,West,0,4005.12,20,0,0,28.87,Moderate,0.0518
LN103776,2025-01-10,22,55100,11.5,1887000,72,16.49,755,29.9,0,1504000,125.5,1,Home,Government,West,1,41443.27,0,0,0,25.23,Moderate,0.028
LN102740,2025-01-10,42,91400,16.6,315000,36,13.35,655,30.3,0,275000,114.5,0,Personal,Self-employed,South,2,10666.78,0,0,0,31.17,Moderate,0.0922
LN102219,2025-01-11,36,28200,5.7,512000,60,13.83,692,9.6,0,339000,151.0,0,Personal,Salaried,West,4,11868.27,20,0,0,31.95,Moderate,0.0815
LN101328,2025-01-11,27,126800,1.2,685000,60,12.75,739,38.8,0,828000,82.7,1,Education,Salaried,South,0,15498.33,0,0,0,21.91,Low,0.0204
LN104270,2025-01-11,37,133300,5.2,206000,60,16.41,650,41.8,1,347000,59.4,0,Personal,Self-employed,West,0,5054.51,0,0,0,26.89,Moderate,0.0565
LN101569,2025-01-11,33,120700,3.8,1345000,12,14.07,801,35.4,0,1289000,104.3,0,Home,Contract,South,1,120807.98,5,0,0,21.77,Low,0.0234
LN100350,2025-01-11,41,87300,9.6,367000,60,16.51,704,62.7,1,631000,58.2,2,Business,Salaried,East,1,9024.48,10,0,0,29.76,Moderate,0.0589
LN102717,2025-01-11,46,114400,19.7,289000,84,9.93,823,17.2,1,362000,79.8,1,Personal,Government,South,1,4787.3,20,0,0,16.52,Low,0.005
LN103610,2025-01-12,38,52100,3.5,261000,36,15.53,769,18.7,2,320000,81.6,0,Education,Salaried,West,1,9115.54,15,0,0,21.85,Low,0.0128
LN103775,2025-01-12,42,33600,12.7,265000,48,15.0,782,44.3,0,229000,115.7,1,Personal,Contract,Central,1,7375.15,0,0,0,25.7,Moderate,0.0458
LN103314,2025-01-13,35,98400,12.4,749000,24,10.69,717,24.8,0,1161000,64.5,4,Personal,Salaried,South,0,34801.57,0,0,0,18.45,Low,0.0108
LN101941,2025-01-13,34,103300,6.3,823000,48,13.01,700,33.7,0,1188000,69.3,2,Business,Self-employed,West,1,22083.11,0,0,0,23.28,Low,0.03
LN104384,2025-01-13,33,45900,9.1,259000,36,8.28,601,47.2,1,448000,57.8,2,Personal,Salaried,West,1,8149.62,0,0,0,32.07,Moderate,0.0941
LN103510,2025-01-13,49,65100,8.1,623000,36,10.46,710,60.6,1,830000,75.1,0,Personal,Self-employed,West,1,20237.27,0,0,0,30.71,Moderate,0.088
LN103603,2025-01-14,38,79500,7.0,178000,84,7.09,783,38.5,0,183000,97.3,0,Business,Salaried,South,0,2694.34,0,0,0,20.98,Low,0.0172
LN104430,2025-01-14,22,98300,9.0,470000,72,13.86,637,50.7,1,825000,57.0,1,Business,Salaried,Central,1,9649.5,10,0,0,30.78,Moderate,0.0735
LN104523,2025-01-14,57,184400,2.1,1583000,48,11.93,730,18.3,2,2309000,68.6,2,Personal,Salaried,Central,2,41632.08,15,0,0,24.21,Low,0.0201
LN103687,2025-01-14,40,126100,7.1,765000,36,10.75,704,55.3,0,940000,81.4,0,Auto,Self-employed,East,2,24954.65,0,0,0,30.26,Moderate,0.0776
LN101248,2025-01-14,40,28800,15.3,876000,24,12.31,673,36.1,1,1301000,67.3,0,Home,Salaried,East,2,41363.29,0,0,0,28.65,Moderate,0.0379
LN103542,2025-01-15,46,46800,6.1,1121000,60,10.27,661,26.8,0,1299000,86.3,2,Auto,Contract,West,0,23967.14,0,0,0,24.0,Low,0.0403
LN100338,2025-01-15,42,55000,16.9,999000,36,9.38,635,29.8,0,805000,124.1,3,Home,Salaried,North,2,31944.91,0,0,0,33.09,Moderate,0.0931
LN104689,2025-01-15,34,74800,23.3,178000,72,12.2,708,20.0,0,319000,55.8,1,Business,Salaried,North,1,3498.47,0,0,0,18.76,Low,0.0085
LN101558,2025-01-15,51,90300,11.0,116000,84,6.65,682,38.5,0,143000,81.1,1,Personal,Salaried,West,2,2897.12,0,0,0,28.04,Moderate,0.0471
LN104058,2025-01-16,47,31900,8.6,737000,72,7.18,720,15.9,1,515000,143.1,1,Auto,Contract,West,0,12628.92,0,0,0,26.37,Moderate,0.0494
LN100128,2025-01-16,39,69800,19.4,145000,72,10.26,698,22.8,2,239000,60.7,1,Business,Salaried,West,1,2705.3,0,0,0,24.34,Low,0.0178
LN101074,2025-01-16,47,147500,12.5,1241000,60,12.55,850,29.1,1,1532000,81.0,0,Business,Government,North,1,27951.51,0,0,0,17.59,Low,0.0064
LN103777,2025-01-17,27,112500,9.1,525000,48,10.72,723,41.6,0,900000,58.3,1,Auto,Self-employed,West,1,13497.62,0,0,0,22.54,Low,0.0225
LN100820,2025-01-17,33,66100,9.8,447000,60,7.46,841,25.5,0,619000,72.2,0,Auto,Salaried,North,3,8948.47,0,0,0,17.8,Low,0.0059
LN101414,2025-01-17,32,77400,6.1,687000,36,11.79,637,41.2,2,1054000,65.2,1,Personal,Self-employed,North,0,22749.39,45,1,0,30.04,Moderate,0.082
LN102804,2025-01-17,37,60200,11.8,160000,48,12.01,758,47.7,0,213000,75.1,2,Home,Salaried,North,0,4214.2,0,0,0,21.92,Low,0.0172
LN104884,2025-01-17,44,84400,6.5,348000,36,15.04,782,38.0,1,335000,103.9,0,Personal,Salaried,West,0,12070.35,0,0,0,23.59,Low,0.024
LN100569,2025-01-17,35,40300,9.3,463000,72,13.65,728,37.7,1,667000,69.4,1,Education,Salaried,East,0,9453.9,0,0,0,22.94,Low,0.0187
LN104758,2025-01-17,32,61200,3.7,239000,72,10.57,667,60.8,0,253000,94.5,2,Business,Self-employed,Central,3,4496.68,0,0,0,36.3,Moderate,0.2064
LN103947,2025-01-17,42,71000,6.0,657000,72,7.48,751,29.5,0,1123000,58.5,1,Personal,Salaried,South,2,11353.24,0,0,0,20.32,Low,0.0128
LN100867,2025-01-18,41,46500,11.1,218000,72,13.45,641,21.0,1,231000,94.4,0,Personal,Salaried,Central,2,4428.1,0,0,0,30.04,Moderate,0.0588
LN103973,2025-01-18,39,123000,3.5,563000,60,9.26,706,53.0,0,557000,101.1,4,Education,Salaried,South,1,11758.12,90,1,1,30.0,Moderate,0.0712
LN101858,2025-01-18,41,48300,5.3,502000,48,16.84,697,41.1,1,600000,83.7,0,Business,Salaried,North,2,14443.71,240,1,1,30.02,Moderate,0.0598
LN101990,2025-01-19,45,86200,8.7,1334000,48,13.52,761,36.2,1,1361000,98.0,2,Personal,Salaried,South,0,36133.13,0,0,0,23.75,Low,0.0241
LN103284,2025-01-19,24,40100,12.8,213000,60,12.94,667,48.2,0,157000,135.7,2,Education,Government,West,0,4839.86,5,0,0,32.9,Moderate,0.1148
LN101395,2025-01-19,40,95900,5.7,210000,24,9.89,765,9.8,0,348000,60.3,1,Auto,Self-employed,Central,1,9679.78,0,0,0,14.16,Low,0.0054
LN102301,2025-01-20,29,50800,5.4,244000,72,10.74,674,43.2,0,164000,148.8,3,Auto,Salaried,North,1,4611.89,0,0,0,34.5,Moderate,0.1467
LN100605,2025-01-20,55,72300,8.8,541000,84,11.39,670,22.9,1,883000,61.3,0,Personal,Government,West,0,9374.55,0,0,0,22.24,Low,0.0195
LN103955,2025-01-20,32,107600,5.2,794000,48,9.34,676,47.1,0,1356000,58.6,4,Auto,Government,Central,1,19887.16,5,0,0,26.16,Moderate,0.0368
LN104958,2025-01-21,38,88800,5.6,661000,60,10.2,630,20.2,1,492000,134.3,2,Home,Self-employed,West,1,14109.43,5,0,0,32.78,Moderate,0.1224
LN101452,2025-01-21,40,38400,7.9,232000,60,12.97,676,19.0,1,163000,142.3,1,Home,Self-employed,West,2,5275.15,30,0,0,32.58,Moderate,0.1014
LN101987,2025-01-22,43,177300,8.3,795000,84,15.19,654,44.8,0,1135000,70.0,3,Personal,Salaried,Central,0,15425.79,0,0,0,26.34,Moderate,0.0462
LN102180,2025-01-22,36,75600,8.2,803000,60,13.38,675,11.0,1,1042000,77.1,1,Auto,Contract,North,2,18427.3,0,0,0,24.51,Low,0.0293
LN102716,2025-01-22,44,46100,7.8,237000,36,15.83,630,46.2,0,347000,68.3,2,Personal,Government,South,1,8312.34,0,0,0,29.38,Moderate,0.0704
LN102627,2025-01-22,44,82300,9.1,231000,36,10.78,610,38.7,0,320000,72.2,2,Education,Self-employed,South,0,7538.6,0,0,0,27.67,Moderate,0.0646
LN100378,2025-01-22,58,87100,2.5,410000,60,10.35,696,21.2,0,423000,96.9,0,Business,Self-employed,North,0,8782.06,0,0,0,22.08,Low,0.0293
LN102610,2025-01-23,44,72800,14.1,725000,60,9.18,721,20.0,0,564000,128.5,1,Home,Government,South,1,15113.22,5,0,0,25.35,Moderate,0.0282
LN102364,2025-01-23,32,107000,6.4,104000,72,9.35,768,52.6,0,89000,116.9,2,Personal,Salaried,East,0,4690.17,75,1,0,26.55,Moderate,0.0465
LN100300,2025-01-23,31,58800,10.4,932000,12,13.7,682,36.1,0,703000,132.6,2,Auto,Salaried,South,2,83550.09,0,0,0,32.71,Moderate,0.0932
LN103995,2025-01-24,38,68200,11.6,530000,72,13.32,760,43.2,0,901000,58.8,1,Auto,Salaried,West,0,10729.0,5,0,0,19.28,Low,0.0108
LN101096,2025-01-24,39,37500,3.1,906000,48,9.63,709,18.3,0,1417000,63.9,3,Auto,Contract,North,0,22817.85,0,0,0,17.51,Low,0.0133
LN101684,2025-01-25,27,65500,4.4,285000,36,13.28,719,30.5,1,450000,63.3,2,Home,Self-employed,South,0,9641.26,0,0,0,21.37,Low,0.0191
LN104369,2025-01-25,40,77600,10.4,617000,36,15.85,850,39.0,0,877000,70.4,0,Personal,Government,South,0,21646.22,5,0,0,14.84,Low,0.0054
LN101607,2025-01-25,53,71100,10.8,590000,60,9.35,651,24.3,0,916000,64.4,0,Personal,Self-employed,South,2,12347.89,0,0,0,25.17,Moderate,0.0365
LN101479,2025-01-26,34,74900,10.7,1397000,24,10.95,636,28.0,0,2229000,62.7,1,Business,Salaried,West,0,65078.73,10,0,0,23.2,Low,0.026
LN103708,2025-01-26,42,128200,3.8,297000,24,7.57,781,12.4,0,248000,119.8,2,Personal,Salaried,South,1,13374.33,30,0,0,19.78,Low,0.0136
LN100970,2025-01-26,39,103800,8.5,1371000,12,10.12,727,22.8,0,1071000,128.0,1,Education,Self-employed,West,3,120609.21,0,0,0,28.87,Moderate,0.0549
LN101534,2025-01-26,34,46800,16.2,663000,72,18.06,772,25.5,0,448000,148.0,2,Auto,Salaried,South,1,15144.06,30,0,0,25.7,Moderate,0.0283
LN102659,2025-01-26,43,43400,9.0,639000,84,7.39,679,64.3,0,799000,80.0,0,Personal,Salaried,East,1,9766.5,0,0,0,31.58,Moderate,0.0958
LN104673,2025-01-27,29,30100,8.0,281000,36,6.5,655,32.5,0,223000,126.0,0,Auto,Salaried,East,0,8612.37,0,0,0,29.42,Moderate,0.0708
LN104060,2025-01-27,45,61900,8.6,717000,36,12.88,711,65.3,0,1180000,60.8,1,Personal,Salaried,South,1,24117.14,10,0,0,28.17,Moderate,0.0537
LN101640,2025-01-27,38,38400,6.9,184000,60,10.58,624,50.2,2,319000,57.7,1,Auto,Salaried,Central,2,3962.17,0,0,0,35.11,Moderate,0.1093
LN101024,2025-01-28,54,55800,14.2,176000,36,10.94,712,22.2,0,237000,74.3,0,Personal,Government,West,0,5757.01,0,0,0,19.18,Low,0.012
LN101443,2025-01-28,26,100200,9.9,365000,84,12.39,732,54.9,0,261000,139.8,1,Personal,Salaried,Central,3,6519.62,0,0,0,36.21,Moderate,0.157
LN103366,2025-01-29,33,85400,8.1,683000,24,12.27,793,59.7,0,926000,73.8,1,Home,Self-employed,West,0,32237.37,0,0,0,22.34,Low,0.0236
LN101614,2025-01-29,36,94000,4.6,430000,24,12.37,661,5.0,1,285000,150.9,2,Home,Self-employed,North,1,20315.97,0,0,0,29.67,Moderate,0.076
LN103029,2025-01-29,38,67600,9.4,197000,84,14.18,732,23.9,0,264000,74.6,1,Personal,Salaried,South,4,3711.4,0,0,0,25.15,Moderate,0.0229
LN101218,2025-01-29,30,57200,10.6,196000,60,13.6,674,37.2,1,279000,70.3,3,Auto,Salaried,East,1,4520.03,15,0,0,27.45,Moderate,0.0369
LN100370,2025-01-29,38,35800,8.3,184000,36,10.05,713,50.2,0,317000,58.0,1,Personal,Self-employed,East,4,5941.48,20,0,0,29.76,Moderate,0.0628
LN104722,2025-01-29,38,68300,13.5,789000,36,16.57,665,5.0,1,1237000,63.8,1,Home,Government,South,0,27961.44,0,0,0,19.17,Low,0.0096
LN103699,2025-01-29,36,36900,6.6,392000,48,11.6,797,64.0,0,676000,58.0,2,Personal,Salaried,North,1,10246.04,0,0,0,23.07,Low,0.022
LN100572,2025-01-30,41,55100,4.4,379000,60,15.91,673,34.6,0,603000,62.9,0,Auto,Government,North,1,9198.43,0,0,0,24.25,Low,0.027
LN100379,2025-01-30,31,49700,4.5,188000,60,13.56,754,16.3,0,229000,82.1,1,Business,Salaried,North,0,4331.66,0,0,0,16.55,Low,0.0084
LN102330,2025-01-30,35,266900,13.9,464000,48,9.18,707,10.3,0,457000,101.5,1,Personal,Salaried,South,1,11586.36,0,0,0,21.45,Low,0.0163
LN104855,2025-01-30,59,86300,5.4,234000,60,10.51,762,52.7,0,319000,73.4,1,Auto,Government,North,4,5030.73,0,0,0,29.21,Moderate,0.0421
LN104281,2025-01-30,24,68400,11.9,146000,36,12.33,685,30.7,0,260000,56.2,4,Personal,Salaried,Central,1,4872.33,0,0,0,22.16,Low,0.0188
LN103593,2025-01-31,25,69400,15.6,449000,60,9.88,743,39.8,0,363000,123.7,1,Personal,Salaried,East,0,9513.43,0,0,0,25.99,Moderate,0.0379
LN102461,2025-01-31,45,64000,4.5,152000,60,13.43,666,43.6,1,127000,119.7,2,Home,Self-employed,North,1,3492.02,0,0,0,34.1,Moderate,0.1472
LN102234,2025-01-31,27,48100,4.0,313000,72,14.63,667,16.5,1,484000,64.7,1,Business,Salaried,East,2,6555.66,0,0,0,24.79,Low,0.0256
LN103025,2025-01-31,35,60900,14.7,400000,72,8.0,776,5.0,0,538000,74.3,1,Education,Salaried,West,1,7013.3,0,0,0,14.01,Low,0.0037
LN103065,2025-01-31,41,67900,9.7,1235000,60,11.8,659,25.7,1,1163000,106.2,1,Personal,Salaried,North,3,27347.24,90,1,1,32.87,Moderate,0.0851
LN101101,2025-01-31,21,72600,13.2,869000,36,9.19,793,51.9,0,865000,100.5,2,Home,Government,West,2,27710.88,0,0,0,26.78,Moderate,0.0307
LN102511,2025-01-31,43,206200,3.6,290000,72,9.76,693,54.2,0,499000,58.1,1,Auto,Contract,North,2,9313.37,0,0,0,28.3,Moderate,0.0665
LN102931,2025-01-31,34,124000,6.2,228000,36,8.98,616,27.3,1,178000,128.1,1,Home,Salaried,East,0,7248.22,0,0,0,32.66,Moderate,0.1089
LN102966,2025-02-01,41,106600,2.6,374000,60,10.11,850,42.7,1,292000,128.1,4,Home,Salaried,East,0,7966.65,0,0,0,23.35,Low,0.0209
LN101308,2025-02-01,48,62900,2.3,447000,48,13.69,505,48.8,3,588000,76.0,2,Auto,Government,North,0,12145.54,0,0,0,41.62,Moderate,0.3277
LN101810,2025-02-02,34,80300,10.1,258000,60,10.9,678,19.8,0,234000,110.3,1,Personal,Salaried,West,2,5596.69,5,0,0,27.43,Moderate,0.0438
LN104262,2025-02-02,45,87200,6.5,1469000,72,13.07,709,27.7,1,1136000,129.3,1,Home,Contract,West,1,29543.16,0,0,0,29.6,Moderate,0.0779
LN104276,2025-02-02,33,53000,17.5,271000,24,9.78,746,29.6,0,360000,75.3,0,Auto,Self-employed,South,1,12477.78,0,0,0,20.62,Low,0.0142
LN104883,2025-02-02,42,80600,10.6,104000,72,12.6,762,42.2,0,122000,85.2,2,Personal,Salaried,Central,0,2834.43,0,0,0,21.62,Low,0.0187
LN104556,2025-02-02,29,32100,11.6,695000,72,12.11,669,21.8,0,1004000,69.2,3,Home,Salaried,North,1,13627.17,0,0,0,22.53,Low,0.0182
LN104683,2025-02-02,32,44800,4.4,540000,84,10.9,619,33.0,1,756000,71.4,2,Personal,Salaried,West,0,9217.75,10,0,0,27.97,Moderate,0.057
LN103500,2025-02-02,49,216400,11.6,758000,60,12.34,659,31.6,1,1284000,59.0,2,Personal,Contract,West,1,16991.81,0,0,0,26.0,Moderate,0.045
LN103803,2025-02-02,39,88200,7.8,318000,36,6.64,698,29.2,0,410000,77.6,2,Home,Salaried,North,1,9766.66,0,0,0,23.31,Low,0.0217
LN102582,2025-02-02,38,64100,9.9,167000,60,13.96,659,55.4,0,114000,146.5,1,Home,Salaried,South,1,3882.34,0,0,0,37.51,Moderate,0.2154
LN102967,2025-02-02,33,54200,12.6,920000,84,9.72,673,38.7,0,1100000,83.6,0,Personal,Salaried,West,0,15140.32,0,0,0,25.47,Moderate,0.0373
LN101277,2025-02-02,42,59500,19.0,990000,36,9.39,675,31.3,0,1189000,83.3,4,Home,Salaried,North,1,31661.74,0,0,0,25.52,Moderate,0.0274
LN102629,2025-02-03,34,78600,9.3,722000,60,9.08,690,20.3,1,998000,72.3,0,Auto,Government,North,1,15015.58,0,0,0,23.43,Low,0.0188
LN104177,2025-02-03,41,50300,12.8,277000,60,11.12,652,53.7,0,446000,62.1,1,Education,Salaried,East,1,6039.24,0,0,0,29.1,Moderate,0.055
LN102712,2025-02-03,42,57700,9.1,754000,60,9.17,811,44.7,0,1249000,60.4,0,Business,Salaried,West,3,15714.08,0,0,0,22.04,Low,0.0139
LN101623,2025-02-03,32,63800,16.4,1243000,84,11.28,635,33.1,0,1443000,86.1,3,Auto,Self-employed,West,1,21466.63,0,0,0,28.28,Moderate,0.0574
LN102342,2025-02-03,42,97800,14.1,1869000,24,12.17,670,29.0,0,1480000,126.3,1,Auto,Salaried,West,1,88128.77,5,0,0,29.63,Moderate,0.0599
LN100381,2025-02-03,33,48300,5.8,163000,60,16.2,632,39.4,0,125000,130.4,1,Business,Self-employed,Central,2,3981.19,0,0,0,35.79,Moderate,0.2124
LN100302,2025-02-04,45,98100,12.0,544000,48,12.76,594,26.2,0,730000,74.5,1,Home,Salaried,North,0,14529.44,0,0,0,26.24,Moderate,0.0402
LN101722,2025-02-04,45,76300,14.3,897000,24,10.58,707,42.0,0,987000,90.9,1,Auto,Salaried,Central,2,41632.54,30,0,0,28.39,Moderate,0.042
LN103987,2025-02-04,33,48400,18.7,181000,60,11.84,790,37.4,0,298000,60.7,3,Home,Salaried,North,3,4011.63,0,0,0,21.73,Low,0.0105
LN102655,2025-02-04,46,55400,9.4,191000,60,11.06,736,16.6,1,188000,101.6,1,Auto,Self-employed,East,1,4158.52,0,0,0,23.18,Low,0.0219
LN102829,2025-02-04,35,37400,9.6,1427000,36,6.5,747,5.0,0,971000,147.0,2,Personal,Salaried,West,0,43736.13,20,0,0,21.15,Low,0.0183
LN102325,2025-02-05,44,91300,6.9,551000,72,11.17,714,40.3,1,899000,61.3,2,Personal,Self-employed,South,1,10535.82,0,0,0,25.06,Moderate,0.0349
LN103078,2025-02-05,40,77200,20.9,615000,48,11.37,694,51.4,0,1006000,61.1,1,Personal,Salaried,North,0,16005.73,0,0,0,24.65,Low,0.0281
LN103863,2025-02-06,36,29300,3.8,2205000,60,14.3,710,40.5,1,1913000,115.3,1,Personal,Salaried,South,3,51650.08,0,0,0,34.04,Moderate,0.1077
LN100382,2025-02-06,21,42000,14.5,869000,84,12.9,666,16.7,0,1059000,82.1,1,Auto,Salaried,South,0,15761.61,0,0,0,21.29,Low,0.0159
LN102579,2025-02-06,54,32700,9.4,564000,84,12.43,720,45.3,0,559000,100.9,1,Auto,Salaried,South,2,10086.3,0,0,0,29.37,Moderate,0.0527
LN104086,2025-02-06,46,172700,13.0,465000,24,10.1,793,61.5,0,654000,71.1,4,Personal,Salaried,West,0,21478.86,0,0,0,22.43,Low,0.0202
LN101385,2025-02-06,41,119500,4.1,192000,72,9.12,635,23.8,1,141000,136.2,4,Auto,Salaried,North,2,3472.35,0,0,0,35.1,Moderate,0.1327
LN101243,2025-02-06,29,101500,10.4,373000,60,10.75,679,38.0,0,440000,84.8,1,Business,Salaried,East,1,8063.5,0,0,0,26.8,Moderate,0.0423
LN104704,2025-02-06,43,84300,12.2,512000,36,13.03,750,33.6,1,662000,77.3,2,Auto,Salaried,East,1,17258.7,0,0,0,23.41,Low,0.0172
LN101593,2025-02-07,46,48200,3.1,1581000,48,12.41,708,22.3,0,1033000,153.0,1,Home,Salaried,Central,0,41952.77,5,0,0,26.98,Moderate,0.0521
LN101982,2025-02-07,32,56900,9.6,521000,60,12.14,692,22.2,1,570000,91.4,0,Personal,Salaried,South,2,11626.25,5,0,0,27.28,Moderate,0.0366
LN102974,2025-02-07,46,67500,3.1,953000,36,12.59,739,43.8,0,1235000,77.2,4,Home,Self-employed,North,3,31922.46,0,0,0,27.36,Moderate,0.0446
LN102029,2025-02-07,34,75900,11.9,273000,60,13.14,679,11.0,0,414000,65.9,1,Auto,Salaried,Central,2,6231.17,15,0,0,21.18,Low,0.0128
LN101274,2025-02-08,49,53600,10.2,211000,36,8.3,617,57.3,0,307000,68.7,1,Auto,Salaried,South,3,6641.21,15,0,0,35.67,Moderate,0.1358
LN100668,2025-02-08,21,28300,10.7,283000,60,8.35,674,35.9,1,295000,95.9,1,Business,Government,North,1,5785.74,0,0,0,29.75,Moderate,0.0602
LN101689,2025-02-08,36,46600,15.1,261000,48,10.63,785,27.9,0,371000,70.4,1,Home,Salaried,East,1,6698.88,0,0,0,17.73,Low,0.0069
LN101556,2025-02-09,46,61700,17.2,192000,60,8.53,633,33.4,0,322000,59.6,1,Business,Government,South,1,3941.95,0,0,0,25.79,Moderate,0.033
LN104507,2025-02-10,40,92200,4.2,266000,36,8.25,725,62.8,0,230000,115.7,1,Education,Government,West,1,8366.19,0,0,0,32.41,Moderate,0.1032
LN104553,2025-02-10,29,58300,10.5,255000,24,9.86,650,35.7,0,169000,150.9,3,Home,Contract,South,4,11750.49,120,1,1,39.39,Moderate,0.2826
LN103787,2025-02-10,30,56300,4.3,243000,36,10.82,678,44.4,0,231000,105.2,0,Home,Self-employed,Central,1,7934.81,0,0,0,30.17,Moderate,0.0906
LN103413,2025-02-10,31,73700,3.0,751000,72,13.22,676,50.5,0,850000,88.4,0,Personal,Salaried,Central,0,15162.99,0,0,0,28.15,Moderate,0.0668
LN103278,2025-02-10,39,42900,21.0,291000,60,8.38,604,51.8,0,516000,56.4,1,Auto,Salaried,North,0,5953.49,45,1,0,29.02,Moderate,0.0554
LN103516,2025-02-11,31,41600,9.9,520000,36,11.79,739,32.0,2,836000,62.2,1,Home,Contract,North,2,17219.33,0,0,0,25.83,Moderate,0.0293
LN102784,2025-02-11,34,71300,9.1,508000,60,13.06,694,28.3,0,733000,69.3,0,Education,Salaried,West,0,11574.17,10,0,0,20.85,Low,0.0155
LN103443,2025-02-11,52,34600,12.9,422000,72,8.66,581,40.8,1,552000,76.4,1,Personal,Contract,Central,1,7535.76,0,0,0,33.71,Moderate,0.1597
LN104970,2025-02-12,52,41900,8.6,514000,72,12.69,826,20.0,0,358000,143.6,4,Personal,Salaried,Central,1,10234.18,0,0,0,21.3,Low,0.0161
LN101535,2025-02-12,24,96400,11.6,460000,60,12.01,801,24.5,0,790000,58.2,0,Auto,Government,Central,1,10234.77,0,0,0,14.98,Low,0.0045
LN103247,2025-02-12,31,53600,24.8,510000,48,13.54,651,19.9,0,764000,66.8,2,Auto,Salaried,West,0,13819.11,0,0,0,21.2,Low,0.0135
LN101289,2025-02-12,21,55900,10.7,979000,72,9.99,800,39.0,0,1477000,66.3,1,Business,Self-employed,East,0,18131.86,0,0,0,17.08,Low,0.01
LN104728,2025-02-13,52,52100,8.3,267000,36,15.19,651,30.1,0,183000,145.9,2,Personal,Government,West,0,9280.5,0,0,0,31.15,Moderate,0.1048
LN101772,2025-02-13,32,22400,10.8,199000,12,9.23,715,34.4,0,344000,57.8,0,Home,Self-employed,South,2,17424.08,0,0,0,23.14,Low,0.0219
LN100987,2025-02-13,46,66300,11.8,430000,36,7.33,754,24.1,1,744000,57.8,1,Auto,Salaried,Central,2,13342.13,0,0,0,21.02,Low,0.0101
LN101408,2025-02-13,35,52700,5.2,310000,36,8.51,589,32.1,1,363000,85.4,2,Education,Government,Central,0,9787.37,0,0,0,30.78,Moderate,0.0819
LN102795,2025-02-13,30,115300,7.7,464000,48,8.34,675,30.2,1,397000,116.9,0,Personal,Salaried,Central,4,11401.79,15,0,0,35.66,Moderate,0.1219
LN102391,2025-02-13,30,67500,14.4,100000,24,12.0,659,44.7,1,144000,69.4,2,Auto,Salaried,Central,1,4707.35,60,1,0,29.66,Moderate,0.0511
LN102347,2025-02-14,30,35000,6.3,700000,48,12.54,621,23.8,0,1220000,57.4,1,Auto,Government,North,1,18619.82,0,0,0,24.29,Low,0.0274
LN104188,2025-02-14,34,62300,19.4,699000,24,10.38,690,7.3,0,596000,117.3,2,Home,Salaried,South,0,32378.04,0,0,0,21.66,Low,0.0158
LN102465,2025-02-14,46,43000,3.5,1099000,36,11.18,691,45.9,0,1717000,64.0,2,Auto,Government,West,2,36073.6,0,0,0,27.33,Moderate,0.0409
LN104498,2025-02-14,21,67100,4.4,1089000,72,13.7,773,39.0,0,1315000,82.8,1,Personal,Self-employed,Central,2,22265.09,0,0,0,23.49,Low,0.0279
LN104891,2025-02-14,27,100900,4.7,297000,84,14.16,746,32.2,0,335000,88.7,2,Personal,Government,East,2,5592.07,0,0,0,24.15,Low,0.0257
LN104202,2025-02-14,29,51400,10.3,1471000,36,9.71,751,25.1,2,2487000,59.1,0,Home,Salaried,South,0,47265.0,0,0,0,20.17,Low,0.0096
LN101636,2025-02-14,29,78100,10.6,379000,60,13.76,695,37.9,0,274000,138.3,0,Business,Contract,Central,2,8771.58,0,0,0,32.95,Moderate,0.1427
LN102044,2025-02-15,31,95300,11.5,1091000,24,13.79,587,37.2,0,988000,110.4,0,Home,Salaried,West,1,52273.89,30,0,0,34.07,Moderate,0.132
LN100783,2025-02-15,43,178000,18.0,2131000,84,10.43,779,34.5,1,1514000,140.8,3,Business,Salaried,North,0,35852.39,0,0,0,26.74,Moderate,0.0346
LN102280,2025-02-15,22,44800,3.6,442000,36,13.34,581,29.7,0,342000,129.2,6,Home,Salaried,West,1,14965.21,5,0,0,34.77,Moderate,0.164
LN103455,2025-02-15,56,92400,6.6,692000,60,10.7,706,40.9,0,1181000,58.6,1,Auto,Salaried,North,2,14942.43,0,0,0,25.0,Low,0.026
LN100635,2025-02-15,23,91300,1.0,279000,72,10.77,660,28.8,0,475000,58.7,2,Home,Government,West,0,5277.7,30,0,0,21.69,Low,0.0206
LN103950,2025-02-16,43,72900,9.9,1007000,12,9.7,658,45.8,0,1341000,75.1,1,Auto,Salaried,East,1,88390.86,0,0,0,28.5,Moderate,0.052
LN101733,2025-02-16,35,46900,10.3,653000,36,13.7,661,42.3,2,1043000,62.6,2,Home,Salaried,Central,1,22222.96,0,0,0,30.39,Moderate,0.0528
LN104135,2025-02-16,35,50400,2.8,947000,24,9.71,612,30.9,1,1603000,59.1,2,Home,Government,West,1,43572.6,0,0,0,28.36,Moderate,0.0499
LN102320,2025-02-16,42,88200,12.4,1685000,60,8.96,730,35.4,0,2143000,78.6,0,Business,Self-employed,North,0,34945.13,10,0,0,21.29,Low,0.0214
LN102478,2025-02-16,26,163300,6.5,524000,60,10.47,710,25.1,1,667000,78.6,2,Business,Self-employed,Central,2,11255.02,0,0,0,25.63,Moderate,0.0344
LN102814,2025-02-16,54,68800,4.2,226000,48,12.32,677,31.2,2,400000,56.5,1,Education,Salaried,West,1,5987.02,0,0,0,26.72,Moderate,0.0306
LN103146,2025-02-16,32,87900,4.6,202000,60,16.37,797,21.8,1,143000,141.3,1,Auto,Salaried,South,2,4952.05,0,0,0,26.63,Moderate,0.0298
LN101471,2025-02-16,33,55900,17.9,215000,48,14.05,702,52.9,1,198000,108.6,0,Personal,Contract,North,2,5880.59,0,0,0,34.61,Moderate,0.1465
LN104227,2025-02-16,42,48100,18.2,737000,48,9.29,587,18.3,0,902000,81.7,1,Education,Self-employed,South,0,18441.93,0,0,0,25.75,Moderate,0.0422
LN103099,2025-02-16,43,70400,4.5,1275000,72,10.67,667,53.3,0,2228000,57.2,0,Home,Salaried,Central,1,24053.49,30,0,0,27.73,Moderate,0.0487
LN104406,2025-02-17,37,36600,6.1,328000,60,14.43,640,37.9,0,518000,63.3,1,Education,Salaried,East,2,7705.3,0,0,0,28.36,Moderate,0.0485
LN100972,2025-02-17,46,90300,8.3,564000,60,10.76,609,40.9,0,643000,87.7,3,Personal,Self-employed,East,1,12195.33,0,0,0,31.38,Moderate,0.1198
LN101715,2025-02-17,37,81100,9.7,606000,60,11.49,713,17.5,1,898000,67.5,3,Auto,Salaried,East,1,13324.48,0,0,0,21.17,Low,0.0124
LN104447,2025-02-17,39,49900,7.9,659000,48,11.49,661,36.3,0,500000,131.8,3,Personal,Salaried,Central,3,17189.44,10,0,0,35.45,Moderate,0.1499
LN101780,2025-02-17,25,115700,8.9,692000,48,9.78,697,46.7,1,1066000,64.9,1,Education,Salaried,North,0,17477.89,0,0,0,25.93,Moderate,0.032
LN103244,2025-02-17,36,46300,7.9,323000,48,8.38,694,31.3,2,334000,96.7,2,Business,Salaried,East,3,7943.12,0,0,0,33.19,Moderate,0.0764
LN101785,2025-02-18,25,53100,3.5,429000,36,12.28,613,49.8,2,605000,70.9,3,Personal,Salaried,Central,2,14306.38,60,1,0,36.93,Moderate,0.1689
LN102322,2025-02-18,42,52200,13.4,468000,24,10.48,767,40.1,1,516000,90.7,2,Home,Salaried,West,4,21699.65,75,1,0,30.15,Moderate,0.0382
LN100591,2025-02-18,34,57500,17.6,234000,36,9.61,813,41.0,0,381000,61.4,1,Business,Salaried,South,2,7507.75,0,0,0,19.63,Low,0.009
LN104243,2025-02-18,44,38200,5.6,190000,72,9.69,720,49.9,0,303000,62.7,3,Business,Salaried,West,1,3490.28,0,0,0,24.8,Low,0.0311
LN103900,2025-02-19,33,61500,4.1,317000,60,9.55,708,34.9,0,531000,59.7,3,Personal,Government,North,1,6665.34,0,0,0,22.13,Low,0.0207
LN101967,2025-02-19,37,62600,3.8,338000,72,13.03,684,38.5,3,393000,86.0,5,Personal,Salaried,Central,0,6790.4,15,0,0,31.09,Moderate,0.0697
LN100239,2025-02-19,46,97200,18.8,215000,72,14.61,723,30.4,0,381000,56.4,2,Home,Government,Central,2,4500.77,0,0,0,21.78,Low,0.0123
LN103831,2025-02-19,33,48600,12.1,425000,24,11.52,696,32.5,0,296000,143.6,1,Auto,Salaried,Central,3,19911.09,10,0,0,34.01,Moderate,0.1007
LN104574,2025-02-19,31,78900,6.3,778000,48,12.67,756,33.1,0,835000,93.2,2,Home,Salaried,South,0,20744.59,0,0,0,20.92,Low,0.0159
LN101174,2025-02-19,31,76400,10.6,402000,84,12.76,722,5.0,1,461000,87.2,1,Personal,Government,South,0,7260.82,15,0,0,18.5,Low,0.0097
LN103051,2025-02-19,32,36900,7.4,371000,60,11.31,782,18.7,2,581000,63.9,3,Business,Salaried,South,2,8123.91,0,0,0,21.06,Low,0.0102
LN103856,2025-02-21,25,71800,4.1,380000,36,13.51,564,7.3,0,455000,83.5,0,Home,Salaried,Central,0,12897.25,0,0,0,24.95,Low,0.0372
LN101528,2025-02-21,34,65600,11.2,314000,60,7.92,718,32.5,0,470000,66.8,1,Personal,Government,North,1,6354.77,10,0,0,21.83,Low,0.0177
LN103899,2025-02-21,41,87700,6.0,573000,36,10.13,810,5.0,0,565000,101.4,1,Personal,Salaried,South,3,18524.09,0,0,0,18.26,Low,0.0078
LN100007,2025-02-21,45,82100,12.9,508000,60,15.63,667,25.0,0,912000,55.7,2,Personal,Salaried,Central,1,12253.93,0,0,0,21.92,Low,0.0181
LN101063,2025-02-21,22,204500,26.9,269000,60,10.68,733,38.2,1,320000,84.1,0,Personal,Salaried,West,0,6509.92,0,0,0,24.24,Low,0.0204
LN102542,2025-02-21,36,95200,4.7,467000,48,11.12,666,14.6,1,634000,73.7,2,Auto,Salaried,North,1,12097.09,0,0,0,23.7,Low,0.0214
LN101458,2025-02-22,50,46500,2.8,382000,48,12.32,589,19.7,0,605000,63.1,1,Home,Self-employed,East,3,10119.65,0,0,0,29.07,Moderate,0.0656
LN102437,2025-02-22,45,63200,2.3,673000,24,13.23,664,44.5,0,863000,78.0,3,Personal,Salaried,Central,1,32068.4,0,0,0,28.21,Moderate,0.0616
LN104287,2025-02-22,40,78500,1.3,174000,36,11.78,722,28.3,0,253000,68.8,1,Business,Salaried,East,0,5761.02,0,0,0,19.32,Low,0.0145
LN102537,2025-02-22,46,23500,3.9,397000,60,11.82,703,26.0,2,589000,67.4,4,Education,Salaried,South,1,8794.98,5,0,0,25.39,Moderate,0.0242
LN104824,2025-02-23,37,59700,3.8,608000,24,10.34,659,25.9,1,467000,130.2,0,Home,Salaried,North,1,28151.62,0,0,0,31.98,Moderate,0.0889
LN100804,2025-02-23,34,114400,4.5,1418000,60,13.78,674,27.3,0,1993000,71.1,1,Auto,Salaried,North,3,32832.87,0,0,0,26.89,Moderate,0.0342
LN101887,2025-02-23,42,154600,9.3,237000,72,10.99,611,29.8,1,323000,73.4,4,Personal,Salaried,North,1,4509.86,0,0,0,29.62,Moderate,0.0633
LN101837,2025-02-23,39,27800,4.8,157000,60,12.42,659,41.7,0,232000,67.7,0,Personal,Salaried,West,1,3525.79,0,0,0,26.89,Moderate,0.0477
LN101565,2025-02-23,35,91300,2.7,676000,48,10.45,757,32.9,1,654000,103.4,2,Education,Salaried,South,3,17291.57,0,0,0,28.84,Moderate,0.0404
LN102240,2025-02-23,39,90400,7.0,1052000,48,10.51,629,5.0,0,1350000,77.9,1,Personal,Salaried,West,0,26939.84,0,0,0,20.49,Low,0.0178
LN101799,2025-02-24,38,117300,7.1,363000,48,9.02,803,43.3,1,369000,98.4,2,Auto,Salaried,South,2,9036.72,0,0,0,26.32,Moderate,0.0266
LN102545,2025-02-24,42,81500,5.0,532000,60,10.97,762,31.5,0,827000,64.3,1,Home,Salaried,West,1,11559.01,5,0,0,19.06,Low,0.0103
LN103079,2025-02-24,36,123300,14.4,168000,60,14.43,705,53.5,1,150000,112.0,1,Home,Salaried,Central,0,5497.12,0,0,0,31.58,Moderate,0.0767
LN102651,2025-02-24,52,54000,14.7,1032000,48,6.77,816,21.9,2,1010000,102.2,0,Auto,Contract,South,0,24602.55,5,0,0,20.4,Low,0.0129
LN103887,2025-02-24,37,61100,12.0,964000,72,12.03,700,50.0,1,1423000,67.7,5,Personal,Salaried,East,0,18861.43,0,0,0,26.71,Moderate,0.0391
LN100506,2025-02-24,33,39200,5.7,227000,36,14.95,834,59.3,0,339000,67.0,2,Auto,Salaried,South,3,7863.47,0,0,0,24.41,Low,0.0196
LN100223,2025-02-24,23,41600,14.3,203000,48,12.35,710,22.2,3,358000,56.7,0,Education,Government,North,1,5380.72,240,1,1,25.19,Moderate,0.0172
LN102807,2025-02-24,31,148600,2.6,264000,48,11.37,686,28.5,0,206000,128.2,0,Personal,Salaried,South,0,6870.75,0,0,0,27.2,Moderate,0.0582
LN100733,2025-02-24,23,59300,10.0,766000,48,10.46,778,40.6,0,919000,83.4,0,Business,Salaried,South,3,19597.39,0,0,0,25.27,Moderate,0.0247
LN103131,2025-02-25,38,86100,6.7,416000,60,9.73,672,37.5,1,590000,70.5,1,Business,Government,South,3,8783.61,0,0,0,30.97,Moderate,0.0624
LN104028,2025-02-25,52,74900,9.6,908000,48,10.29,731,40.6,0,1375000,66.0,1,Personal,Salaried,North,0,23155.89,0,0,0,21.02,Low,0.0174
LN100242,2025-02-25,43,93200,5.5,189000,36,11.72,715,5.0,1,209000,90.4,2,Personal,Government,West,1,6252.26,0,0,0,20.85,Low,0.0142
LN101939,2025-02-25,39,34800,5.5,493000,24,14.7,622,33.8,0,763000,64.6,0,Business,Salaried,Central,1,23833.71,5,0,0,26.96,Moderate,0.048
LN102621,2025-02-25,45,51000,15.5,463000,36,14.02,701,40.6,0,509000,91.0,3,Home,Salaried,South,1,15828.74,0,0,0,26.77,Moderate,0.0351
LN101049,2025-02-25,50,43000,1.2,364000,36,10.32,722,44.1,0,264000,137.9,1,Personal,Self-employed,South,0,11800.02,10,0,0,29.39,Moderate,0.1014
LN102087,2025-02-25,37,26300,5.1,135000,24,13.03,612,19.2,0,133000,101.5,2,Auto,Contract,North,2,6420.05,5,0,0,29.92,Moderate,0.0913
LN103747,2025-02-26,40,57000,7.6,825000,84,12.77,691,29.2,1,1162000,71.0,1,Personal,Self-employed,Central,1,14905.4,0,0,0,25.02,Moderate,0.0351
LN100565,2025-02-26,34,90500,13.4,623000,60,7.88,603,43.5,0,564000,110.5,2,Business,Self-employed,South,2,12596.45,75,1,0,36.16,Moderate,0.206
LN100252,2025-02-26,57,52000,4.1,1102000,72,13.37,727,38.7,1,1901000,58.0,1,Personal,Government,North,2,22337.45,0,0,0,25.39,Moderate,0.0276
LN104334,2025-02-26,42,83000,3.9,671000,60,11.07,725,47.1,0,987000,68.0,0,Home,Salaried,South,2,14612.6,0,0,0,26.17,Moderate,0.0327
LN101164,2025-02-27,47,138700,8.8,385000,36,9.5,701,35.7,1,400000,96.2,2,Auto,Salaried,South,2,12332.69,30,0,0,29.98,Moderate,0.0516
LN100685,2025-02-28,44,31700,16.2,152000,72,14.17,630,41.7,1,110000,138.2,0,Auto,Salaried,South,1,3145.93,0,0,0,37.47,Moderate,0.1786
LN100507,2025-02-28,30,19300,18.9,344000,60,9.92,723,28.9,2,589000,58.4,2,Personal,Salaried,South,1,7295.45,0,0,0,24.01,Low,0.0169
LN102392,2025-02-28,25,34700,5.1,529000,72,12.05,764,21.1,1,621000,85.2,1,Business,Government,North,0,10355.81,0,0,0,19.29,Low,0.0115
LN100932,2025-02-28,25,68300,14.8,417000,72,12.39,688,13.1,0,652000,64.0,2,Home,Salaried,East,0,8237.25,0,0,0,17.6,Low,0.0082
LN103310,2025-02-28,27,42100,20.6,265000,48,13.07,781,35.3,3,181000,146.4,3,Personal,Salaried,West,1,7118.5,0,0,0,33.02,Moderate,0.0655
LN102924,2025-02-28,39,55800,3.7,450000,36,8.5,648,38.9,0,703000,64.0,1,Personal,Contract,Central,1,14205.39,75,1,0,26.54,Moderate,0.064
LN103859,2025-02-28,36,27200,10.7,272000,48,8.47,729,12.9,2,194000,140.2,1,Auto,Salaried,North,1,6700.49,0,0,0,28.67,Moderate,0.039
LN100054,2025-03-01,47,36200,6.2,602000,72,14.88,771,16.0,0,963000,62.5,2,Personal,Contract,East,1,12690.1,15,0,0,15.3,Low,0.0083
LN103496,2025-03-01,45,84000,16.9,371000,36,12.36,717,23.6,0,436000,85.1,3,Home,Self-employed,Central,2,12386.4,0,0,0,23.6,Low,0.022
LN101459,2025-03-02,44,69000,21.7,284000,36,15.34,608,46.1,2,226000,125.7,1,Business,Self-employed,North,0,9892.3,0,0,0,38.6,Moderate,0.2461
LN101647,2025-03-02,47,41500,7.7,819000,36,15.76,656,40.0,0,1292000,63.4,2,Auto,Salaried,West,3,28696.66,5,0,0,29.61,Moderate,0.0519
LN100336,2025-03-02,31,50800,14.9,405000,36,10.88,610,52.3,0,626000,64.7,2,Home,Self-employed,West,3,13236.18,0,0,0,34.64,Moderate,0.1326
LN102573,2025-03-02,38,132500,4.9,263000,36,11.56,721,29.3,0,453000,58.1,0,Personal,Self-employed,North,2,8680.2,0,0,0,21.83,Low,0.0214
LN101514,2025-03-02,37,69700,2.1,566000,72,11.68,847,23.6,0,485000,116.7,0,Personal,Government,West,0,10971.45,10,0,0,16.55,Low,0.0085
LN103720,2025-03-03,47,56000,8.5,625000,36,10.54,745,15.9,0,928000,67.3,1,Home,Salaried,Central,1,20325.82,0,0,0,17.14,Low,0.0071
LN104386,2025-03-03,32,44400,4.5,460000,48,9.25,662,60.4,1,700000,65.7,5,Education,Salaried,East,2,11501.8,0,0,0,33.94,Moderate,0.1052
LN101120,2025-03-03,48,61500,11.6,459000,72,11.67,758,57.7,0,547000,83.9,1,Home,Salaried,North,1,8894.97,0,0,0,26.47,Moderate,0.0338
LN104890,2025-03-03,31,118500,4.5,182000,24,8.6,602,45.1,0,143000,127.3,2,Personal,Self-employed,West,1,8281.26,0,0,0,36.55,Moderate,0.2674
LN100391,2025-03-03,42,70200,4.4,215000,24,13.29,750,25.2,0,308000,69.8,1,Business,Self-employed,South,2,10250.8,0,0,0,20.65,Low,0.017
LN103330,2025-03-03,46,58600,7.5,53000,84,11.03,757,29.1,1,82000,64.6,2,Personal,Salaried,East,2,1421.05,10,0,0,22.54,Low,0.0158
LN103591,2025-03-03,43,29600,4.2,599000,72,10.28,850,15.1,0,515000,116.3,3,Personal,Self-employed,South,3,11181.74,0,0,0,19.65,Low,0.0125
LN100978,2025-03-04,24,72900,11.2,123000,84,8.49,710,20.8,0,183000,67.2,3,Personal,Self-employed,North,1,1947.27,0,0,0,19.96,Low,0.016
LN101061,2025-03-04,21,91900,8.7,859000,60,11.92,688,30.4,2,1274000,67.4,1,Auto,Salaried,North,2,19073.27,10,0,0,28.73,Moderate,0.0361
LN104012,2025-03-04,29,19400,18.6,371000,60,8.14,812,56.5,1,262000,141.6,3,Home,Salaried,Central,1,7547.42,90,1,1,31.14,Moderate,0.0572
LN101472,2025-03-04,37,69200,10.0,220000,36,10.83,588,36.5,1,393000,56.0,1,Auto,Contract,West,1,7184.82,0,0,0,30.44,Moderate,0.0891
LN102674,2025-03-04,29,43500,10.9,514000,24,11.36,743,33.5,0,427000,120.4,2,Personal,Salaried,West,1,24042.43,10,0,0,26.07,Moderate,0.0368
LN102863,2025-03-04,44,47700,3.2,381000,60,10.58,747,44.9,0,275000,138.5,2,Home,Contract,Central,0,8204.28,0,0,0,28.28,Moderate,0.0821
LN103359,2025-03-05,29,48900,8.2,282000,48,11.01,699,57.2,0,466000,60.5,3,Business,Salaried,South,1,7289.81,0,0,0,27.15,Moderate,0.0451
LN100027,2025-03-05,41,52600,9.1,1706000,60,9.91,615,37.8,0,3008000,56.7,2,Education,Self-employed,North,0,36171.96,0,0,0,25.67,Moderate,0.046
LN101962,2025-03-05,43,82600,5.1,194000,48,12.83,725,24.7,0,147000,132.0,1,Home,Government,South,1,5188.18,0,0,0,26.42,Moderate,0.0386
LN104893,2025-03-05,37,58600,5.8,620000,24,7.88,621,20.2,1,455000,136.3,1,Auto,Salaried,South,0,28007.0,20,0,0,31.79,Moderate,0.0956
LN102660,2025-03-05,27,125600,4.2,287000,60,7.46,609,9.1,0,250000,114.8,0,Personal,Salaried,Central,1,5745.44,15,0,0,27.73,Moderate,0.0585
LN102790,2025-03-06,43,68700,14.6,417000,72,11.31,631,28.4,0,412000,101.2,0,Home,Salaried,North,2,8003.58,0,0,0,30.73,Moderate,0.0652
LN101895,2025-03-06,35,50200,15.2,449000,48,15.1,651,47.9,0,560000,80.2,0,Education,Salaried,East,1,12518.78,30,0,0,29.8,Moderate,0.0602
LN100678,2025-03-06,46,77300,5.4,472000,36,8.75,677,48.9,0,790000,59.7,1,Home,Salaried,Central,2,14954.62,0,0,0,28.24,Moderate,0.0468
LN103121,2025-03-06,32,36900,6.4,263000,12,14.42,757,50.2,0,394000,66.8,1,Personal,Self-employed,North,2,23666.02,0,0,0,24.98,Low,0.035
LN101782,2025-03-06,24,66800,13.0,83000,60,12.16,740,25.4,0,141000,58.9,1,Home,Contract,East,1,1853.01,0,0,0,18.46,Low,0.0118
LN101316,2025-03-07,28,198400,12.4,722000,60,8.59,639,52.5,0,850000,84.9,1,Personal,Salaried,North,2,14844.27,0,0,0,33.49,Moderate,0.115
LN101477,2025-03-07,42,42000,6.3,463000,84,14.05,732,28.7,2,655000,70.7,4,Business,Self-employed,North,1,8689.42,0,0,0,24.72,Low,0.028
LN101953,2025-03-08,32,47200,14.2,976000,24,9.46,665,46.5,0,1525000,64.0,1,Auto,Salaried,Central,0,44794.58,0,0,0,25.49,Moderate,0.0325
LN104064,2025-03-08,29,80900,5.6,1182000,72,9.66,760,26.9,0,1791000,66.0,0,Personal,Salaried,South,1,21695.42,0,0,0,18.41,Low,0.0103
LN102454,2025-03-08,44,39200,5.3,1105000,60,9.56,743,29.6,1,1915000,57.7,1,Personal,Salaried,South,0,23239.47,0,0,0,19.35,Low,0.0118
LN100944,2025-03-08,55,82300,22.4,254000,60,13.26,766,36.7,0,168000,151.2,2,Home,Salaried,North,0,5813.14,10,0,0,26.79,Moderate,0.0356
LN102025,2025-03-08,40,78700,6.4,500000,48,6.5,770,29.2,0,858000,58.3,0,Business,Salaried,North,2,11857.48,5,0,0,19.24,Low,0.0102
LN103209,2025-03-08,42,76600,6.6,171000,84,13.41,653,47.0,0,195000,87.7,3,Business,Salaried,South,2,3149.07,0,0,0,31.93,Moderate,0.0949
LN103551,2025-03-09,24,45500,12.0,420000,60,7.72,765,46.3,0,387000,108.5,3,Auto,Self-employed,Central,1,8459.92,0,0,0,26.28,Moderate,0.0404
LN103054,2025-03-09,54,50200,9.6,817000,84,6.94,555,50.2,1,1412000,57.9,1,Personal,Government,West,0,12306.77,5,0,0,33.45,Moderate,0.1318
LN103349,2025-03-09,37,120400,11.7,288000,48,8.62,620,49.4,0,216000,133.3,2,Auto,Salaried,Central,0,7115.04,0,0,0,35.39,Moderate,0.1741
LN104299,2025-03-10,31,39000,12.0,185000,48,11.93,687,28.2,0,267000,69.3,3,Education,Salaried,North,1,4865.4,5,0,0,22.87,Low,0.019
LN100725,2025-03-10,36,36300,6.8,959000,36,14.35,791,41.6,1,1166000,82.2,1,Auto,Government,Central,1,32939.61,0,0,0,23.33,Low,0.0179
LN102926,2025-03-10,37,42100,1.8,515000,72,7.19,768,12.0,0,862000,59.7,3,Personal,Salaried,Central,0,8827.3,0,0,0,12.71,Low,0.0045
LN104823,2025-03-10,38,52100,16.3,403000,60,11.24,773,35.8,0,520000,77.5,1,Auto,Government,Central,1,8810.51,0,0,0,20.65,Low,0.0115
LN102889,2025-03-11,41,57200,7.2,363000,24,13.02,617,39.7,0,543000,66.9,2,Education,Government,Central,0,17261.09,0,0,0,26.97,Moderate,0.0477
LN104742,2025-03-13,38,32200,9.6,394000,36,9.22,653,20.2,0,258000,152.7,2,Education,Salaried,North,1,12569.48,0,0,0,31.14,Moderate,0.0872
LN103056,2025-03-13,33,67500,3.9,369000,60,6.5,723,34.1,0,389000,94.9,5,Personal,Salaried,North,2,7219.91,0,0,0,26.37,Moderate,0.0385
LN102356,2025-03-13,35,75300,2.5,509000,48,10.13,710,32.8,0,757000,67.2,1,Auto,Salaried,Central,2,12941.36,0,0,0,24.03,Low,0.0234
LN103652,2025-03-13,42,85200,24.7,246000,72,11.85,719,19.3,2,333000,73.9,3,Personal,Salaried,West,0,4790.18,0,0,0,22.19,Low,0.0128
LN101269,2025-03-13,49,82400,6.4,1729000,24,13.95,698,33.0,0,1506000,114.8,1,Auto,Salaried,South,1,82973.44,0,0,0,27.79,Moderate,0.0481
LN100597,2025-03-13,29,56900,3.5,571000,24,11.21,734,36.5,0,839000,68.1,0,Home,Self-employed,West,2,26668.78,20,0,0,23.58,Low,0.0261
LN100752,2025-03-13,29,126700,10.9,612000,84,13.5,694,44.2,0,826000,74.1,2,Home,Salaried,North,0,11300.51,0,0,0,24.51,Low,0.0284
LN101505,2025-03-14,34,57400,13.0,544000,48,14.52,657,32.5,0,704000,77.3,4,Home,Government,East,0,15007.89,0,0,0,24.45,Low,0.028
LN104911,2025-03-14,50,103400,11.7,159000,84,6.5,661,31.2,0,244000,65.2,2,Home,Salaried,North,0,2688.4,0,0,0,22.77,Low,0.0213
LN101388,2025-03-14,38,97400,2.6,631000,72,11.71,576,27.7,0,573000,110.1,1,Home,Government,West,0,12241.22,0,0,0,31.06,Moderate,0.1036
LN102097,2025-03-14,28,63000,12.2,1065000,60,11.1,679,28.4,0,1287000,82.8,0,Personal,Contract,Central,1,23208.83,0,0,0,24.68,Low,0.0411
LN104352,2025-03-14,36,40100,4.5,274000,48,10.61,755,50.8,0,390000,70.3,1,Personal,Salaried,Central,1,7029.89,0,0,0,23.89,Low,0.027
LN101519,2025-03-15,55,76500,13.5,467000,48,9.76,657,47.5,1,449000,104.0,1,Personal,Self-employed,North,3,11790.57,0,0,0,37.12,Moderate,0.1872
LN101549,2025-03-15,49,85900,5.3,742000,36,11.78,744,26.5,1,910000,81.5,2,Personal,Salaried,East,2,24567.12,0,0,0,24.4,Low,0.0229
LN102286,2025-03-16,45,108900,21.8,1658000,48,10.87,659,14.9,2,1206000,137.5,1,Education,Self-employed,Central,2,42747.28,0,0,0,34.18,Moderate,0.0953
LN100533,2025-03-16,27,71900,11.5,375000,24,10.73,720,25.3,0,451000,83.1,0,Business,Salaried,Central,2,17430.97,20,0,0,23.59,Low,0.021
LN101455,2025-03-16,22,40100,7.4,862000,36,10.1,702,32.1,0,1396000,61.7,1,Home,Self-employed,Central,0,27854.8,0,0,0,20.43,Low,0.0182
LN100531,2025-03-16,23,45400,4.9,292000,84,12.74,674,19.0,0,265000,110.2,2,Personal,Contract,West,2,5270.87,0,0,0,27.47,Moderate,0.0663
LN104359,2025-03-16,44,75400,2.7,220000,24,11.73,766,33.7,0,392000,56.1,2,Auto,Self-employed,North,0,10328.45,0,0,0,16.8,Low,0.0099
LN101638,2025-03-17,57,53700,9.4,302000,72,11.18,824,28.8,0,490000,61.6,0,Home,Contract,West,1,5776.17,20,0,0,14.96,Low,0.0064
LN100175,2025-03-17,45,154300,2.3,485000,60,7.74,683,42.4,1,345000,140.6,2,Business,Salaried,West,1,9773.81,10,0,0,35.05,Moderate,0.1571
LN101739,2025-03-17,53,39700,21.3,484000,60,13.02,677,20.6,0,416000,116.3,2,Home,Self-employed,Central,0,11017.44,0,0,0,24.91,Low,0.0334
LN102176,2025-03-17,24,114900,9.8,285000,72,9.92,733,31.4,0,239000,119.2,2,Personal,Self-employed,Central,1,5268.37,0,0,0,26.06,Moderate,0.0464
LN104621,2025-03-17,54,50900,20.7,319000,48,10.63,591,45.4,0,398000,80.2,1,Home,Salaried,East,3,8187.52,0,0,0,35.81,Moderate,0.1237
LN104454,2025-03-18,49,94400,4.2,979000,84,10.97,711,39.5,0,1692000,57.9,0,Personal,Salaried,West,3,16747.43,0,0,0,26.05,Moderate,0.0323
LN103001,2025-03-18,30,51000,6.8,416000,72,13.83,727,39.1,0,490000,84.9,0,Auto,Contract,North,1,8534.17,0,0,0,24.49,Low,0.0371
LN100723,2025-03-18,45,48600,4.1,390000,48,12.31,593,43.5,1,600000,65.0,2,Home,Salaried,North,1,10329.66,0,0,0,32.47,Moderate,0.0972
LN103480,2025-03-18,35,55700,8.5,130000,60,14.76,729,35.7,0,85000,152.9,3,Home,Contract,West,1,3076.34,0,0,0,30.21,Moderate,0.1001
LN100675,2025-03-18,31,65600,6.8,511000,60,12.01,764,22.1,0,742000,68.9,1,Personal,Self-employed,East,0,11369.5,20,0,0,15.86,Low,0.009
LN103198,2025-03-19,35,187400,2.0,568000,72,11.73,651,23.6,1,584000,97.3,4,Personal,Salaried,North,1,11024.92,5,0,0,28.65,Moderate,0.0588
LN103337,2025-03-19,37,34000,10.0,216000,24,12.17,685,51.4,1,343000,63.0,1,Business,Salaried,Central,2,10185.03,0,0,0,30.65,Moderate,0.062
LN104630,2025-03-19,24,170100,3.6,742000,60,8.41,808,38.8,0,960000,77.3,2,Business,Self-employed,East,0,15191.1,0,0,0,17.71,Low,0.0124
LN101268,2025-03-19,31,103400,18.7,928000,24,9.68,713,25.0,0,763000,121.6,0,Business,Salaried,Central,0,42685.56,0,0,0,24.41,Low,0.0277
LN102082,2025-03-19,25,44700,11.1,537000,48,10.52,611,36.3,1,387000,138.8,2,Business,Salaried,Central,1,13754.2,0,0,0,37.46,Moderate,0.2079
LN100236,2025-03-20,21,33200,14.2,317000,84,10.29,688,24.9,1,460000,68.9,1,Education,Contract,Central,1,5310.2,180,1,1,24.11,Low,0.0276
LN104679,2025-03-20,40,64800,9.2,319000,24,11.56,613,33.5,0,485000,65.8,1,Personal,Salaried,North,1,14950.97,0,0,0,27.49,Moderate,0.0511
LN100643,2025-03-20,24,124800,7.5,245000,24,12.49,701,54.8,0,424000,57.8,1,Personal,Self-employed,South,3,11589.14,20,0,0,29.63,Moderate,0.0695
LN104602,2025-03-21,53,71200,3.1,580000,48,13.37,633,54.6,0,474000,122.4,3,Personal,Self-employed,South,1,15666.67,0,0,0,36.31,Moderate,0.2588
LN100291,2025-03-21,34,80900,18.2,562000,72,9.54,799,38.4,1,713000,78.8,0,Auto,Salaried,Central,0,10281.63,0,0,0,20.26,Low,0.0098
LN101376,2025-03-21,32,77200,9.5,229000,72,14.11,720,55.7,0,287000,79.8,3,Personal,Self-employed,South,3,4732.21,0,0,0,31.0,Moderate,0.0842
LN103718,2025-03-21,36,83600,6.1,794000,72,8.93,722,32.0,1,1043000,76.1,1,Personal,Self-employed,North,2,14284.71,0,0,0,26.12,Moderate,0.038
LN104900,2025-03-22,34,101800,17.5,749000,60,7.79,589,52.2,0,747000,100.3,2,Auto,Self-employed,South,2,15111.85,0,0,0,37.62,Moderate,0.2227
LN103531,2025-03-22,55,32500,8.8,371000,36,11.87,600,41.1,1,656000,56.6,2,Home,Salaried,West,0,12299.49,0,0,0,29.12,Moderate,0.0582
LN102786,2025-03-22,31,68400,11.7,601000,48,11.74,736,39.4,2,553000,108.7,4,Auto,Self-employed,Central,1,15750.02,15,0,0,30.45,Moderate,0.0624
LN104910,2025-03-23,33,72200,3.8,355000,60,12.5,692,40.5,1,318000,111.6,2,Home,Salaried,Central,1,7986.77,0,0,0,31.29,Moderate,0.0772
LN100779,2025-03-23,44,90900,7.0,248000,48,7.64,807,19.3,1,225000,110.2,4,Auto,Salaried,East,2,6012.58,5,0,0,22.49,Low,0.0138
LN102617,2025-03-23,39,133200,10.4,568000,60,13.82,751,34.2,0,620000,91.6,1,Home,Contract,West,1,13163.42,0,0,0,22.91,Low,0.0266
LN101557,2025-03-23,31,110900,6.6,1093000,60,8.57,660,12.5,1,931000,117.4,3,Personal,Contract,West,0,22461.46,0,0,0,26.3,Moderate,0.058
LN103320,2025-03-23,40,24800,27.3,501000,60,11.18,649,38.7,0,381000,131.5,1,Education,Salaried,East,1,10937.98,0,0,0,33.2,Moderate,0.0905
LN100344,2025-03-23,34,55500,15.4,673000,72,6.82,655,27.7,0,964000,69.8,0,Auto,Salaried,Central,1,11415.9,0,0,0,24.51,Low,0.0245
LN103518,2025-03-23,50,47900,9.4,539000,48,9.77,641,26.8,0,819000,65.8,0,Home,Self-employed,West,0,13610.97,10,0,0,23.0,Low,0.0288
LN103577,2025-03-23,32,40500,9.6,426000,72,11.54,624,45.5,1,580000,73.4,3,Auto,Contract,East,4,8226.83,10,0,0,37.07,Moderate,0.1809
LN102433,2025-03-24,36,41700,6.1,289000,36,10.59,650,40.5,0,197000,146.7,1,Business,Salaried,East,0,9405.48,45,1,0,33.36,Moderate,0.1489
LN100434,2025-03-24,52,90400,14.4,601000,24,10.86,736,6.7,1,1058000,56.8,4,Personal,Salaried,South,1,27972.26,0,0,0,16.72,Low,0.0059
LN104191,2025-03-25,40,27300,19.2,163000,72,10.25,736,26.0,2,259000,62.9,1,Education,Salaried,North,1,3040.3,0,0,0,23.19,Low,0.0129
LN103474,2025-03-25,32,81800,8.9,681000,60,9.68,781,52.4,0,583000,116.8,1,Education,Salaried,North,4,14362.25,0,0,0,32.48,Moderate,0.0693
LN101996,2025-03-25,38,94000,12.2,222000,36,7.15,623,45.4,1,184000,120.7,2,Home,Self-employed,West,1,6869.95,10,0,0,36.83,Moderate,0.204
LN103556,2025-03-25,44,54900,8.2,347000,72,10.91,678,24.6,1,341000,101.8,2,Home,Contract,North,1,6588.84,120,1,1,27.87,Moderate,0.0579
LN100806,2025-03-25,40,21500,11.4,416000,72,11.03,802,17.8,0,442000,94.1,0,Auto,Salaried,Central,1,7924.57,10,0,0,17.18,Low,0.0067
LN103392,2025-03-25,37,138400,15.1,412000,60,15.35,850,45.7,0,607000,67.9,3,Auto,Salaried,North,2,9877.31,15,0,0,19.26,Low,0.0077
LN104123,2025-03-26,40,65400,11.4,269000,72,6.5,709,42.9,1,347000,77.5,0,Home,Salaried,North,1,4521.87,0,0,0,27.46,Moderate,0.0358
LN102918,2025-03-26,39,46700,6.7,747000,60,12.42,715,55.7,1,1136000,65.8,1,Auto,Salaried,South,0,16775.58,0,0,0,26.87,Moderate,0.0382
LN102096,2025-03-26,44,238800,2.2,853000,60,11.12,632,19.9,0,1465000,58.2,1,Auto,Government,Central,0,18597.38,0,0,0,21.34,Low,0.0195
LN102925,2025-03-26,40,86700,5.3,459000,84,14.29,716,13.3,0,728000,63.0,2,Auto,Salaried,Central,0,8675.37,0,0,0,16.05,Low,0.007
LN103217,2025-03-26,33,24300,5.3,180000,48,14.13,682,47.8,0,275000,65.5,3,Education,Salaried,South,1,4930.51,0,0,0,26.67,Moderate,0.04
LN102444,2025-03-26,33,27700,11.2,421000,36,10.12,647,40.0,0,634000,66.4,3,Personal,Contract,East,3,13608.22,5,0,0,30.39,Moderate,0.0876
LN100680,2025-03-27,44,41200,8.9,508000,48,11.4,655,36.2,0,855000,59.4,1,Personal,Salaried,West,1,13228.42,20,0,0,25.17,Moderate,0.0337
LN100904,2025-03-27,40,42300,8.9,320000,60,13.42,732,41.5,0,233000,137.3,1,Business,Contract,Central,2,7349.97,5,0,0,31.61,Moderate,0.1161
LN102707,2025-03-27,38,63500,10.9,231000,60,15.53,650,28.3,1,394000,58.6,1,Auto,Salaried,East,2,5559.95,0,0,0,27.44,Moderate,0.0333
LN103962,2025-03-27,38,73500,7.6,597000,36,13.67,572,34.1,0,805000,74.2,0,Home,Salaried,South,0,20308.49,30,1,0,28.96,Moderate,0.0682
LN104007,2025-03-28,32,104000,14.8,1376000,60,12.1,592,19.2,0,2474000,55.6,2,Personal,Contract,Central,0,30677.94,0,0,0,23.06,Low,0.0353
LN104618,2025-03-28,38,106400,4.5,399000,60,9.66,722,39.8,2,570000,70.0,2,Personal,Government,Central,2,8410.97,0,0,0,29.07,Moderate,0.0446
LN100760,2025-03-29,33,65900,8.5,97000,60,11.37,710,39.5,1,168000,57.7,1,Personal,Salaried,North,0,2169.21,0,0,0,23.08,Low,0.022
LN102703,2025-03-29,47,104800,7.7,1373000,60,16.83,625,48.5,0,2079000,66.0,0,Home,Government,West,1,33997.21,30,0,0,29.88,Moderate,0.0685
LN101578,2025-03-29,31,73400,4.7,336000,72,10.98,797,38.3,1,595000,56.5,1,Personal,Self-employed,Central,0,6392.01,20,0,0,18.12,Low,0.0115
LN104095,2025-03-29,29,70000,5.2,104000,84,14.71,690,45.9,1,116000,89.7,1,Personal,Government,North,0,2677.5,0,0,0,28.62,Moderate,0.0603
LN102586,2025-03-29,26,39500,7.9,364000,48,10.18,754,25.5,0,420000,86.7,3,Personal,Salaried,East,2,9263.48,20,0,0,22.19,Low,0.0174
LN103254,2025-03-29,41,68700,7.3,239000,24,13.09,657,30.2,0,369000,64.8,2,Business,Salaried,North,2,11372.6,15,0,0,26.07,Moderate,0.0354
LN101367,2025-03-30,30,21500,12.4,985000,84,8.63,647,46.1,0,1643000,60.0,0,Personal,Salaried,South,1,15663.41,10,0,0,27.63,Moderate,0.0487
LN100585,2025-03-30,40,45900,5.5,592000,48,9.78,752,32.4,1,555000,106.7,3,Personal,Salaried,West,2,14952.18,0,0,0,27.67,Moderate,0.04
LN101811,2025-03-30,39,32700,11.0,396000,24,10.82,792,33.7,1,444000,89.2,0,Home,Salaried,Central,0,18423.63,0,0,0,20.73,Low,0.012
LN101662,2025-03-31,21,98400,14.5,481000,60,9.84,655,61.8,0,333000,144.4,1,Personal,Contract,East,2,10182.0,30,1,0,40.46,Moderate,0.381
LN104812,2025-03-31,44,78200,7.1,315000,60,14.51,785,40.8,0,467000,67.5,0,Business,Salaried,South,1,7413.05,0,0,0,20.02,Low,0.0128
LN103387,2025-03-31,39,77600,16.5,174000,24,9.83,693,10.8,1,121000,143.8,2,Education,Salaried,North,2,8015.57,0,0,0,30.19,Moderate,0.0492
LN100956,2025-04-01,41,61300,13.5,488000,24,9.8,688,24.3,0,607000,80.4,3,Auto,Salaried,West,3,22473.7,0,0,0,26.48,Moderate,0.0278
LN103357,2025-04-01,21,42400,5.1,223000,48,13.69,711,14.0,0,257000,86.8,0,Auto,Self-employed,Central,0,6059.18,10,0,0,18.84,Low,0.0144
LN102477,2025-04-01,51,71400,10.9,670000,36,9.59,599,28.6,1,1095000,61.2,3,Education,Contract,North,1,21490.27,0,0,0,28.79,Moderate,0.0672
LN104903,2025-04-01,35,63700,9.6,497000,72,10.03,621,36.8,1,768000,64.7,0,Home,Contract,West,1,9214.86,0,0,0,29.62,Moderate,0.0772
LN101462,2025-04-01,36,60000,16.9,760000,48,10.9,604,40.1,0,1174000,64.7,2,Education,Salaried,North,2,19605.71,0,0,0,30.85,Moderate,0.0644
LN102035,2025-04-02,63,117000,4.5,280000,72,13.75,657,17.4,1,277000,101.1,1,Home,Contract,North,1,5732.19,0,0,0,27.47,Moderate,0.0579
LN103740,2025-04-02,32,45300,3.9,252000,60,10.96,768,11.2,2,445000,56.6,3,Personal,Salaried,South,1,5474.06,0,0,0,17.91,Low,0.0071
LN101456,2025-04-02,45,36900,6.5,981000,84,8.95,572,22.5,0,1445000,67.9,1,Auto,Salaried,Central,1,15758.5,0,0,0,27.67,Moderate,0.0503
LN101008,2025-04-02,47,112400,8.6,804000,60,9.45,718,28.8,1,1286000,62.5,1,Home,Salaried,West,1,16865.86,0,0,0,22.66,Low,0.0162
LN100094,2025-04-02,34,61500,5.2,201000,72,11.6,690,29.0,1,172000,116.9,0,Personal,Salaried,South,1,3887.9,5,0,0,29.63,Moderate,0.0648
LN100991,2025-04-02,21,75300,5.6,1470000,60,14.39,626,53.7,1,1336000,110.0,2,Home,Salaried,Central,1,34502.27,0,0,0,37.27,Moderate,0.1955
LN102227,2025-04-03,33,63400,6.6,375000,48,13.81,782,45.2,0,348000,107.8,1,Auto,Government,West,3,10211.72,0,0,0,28.42,Moderate,0.0404
LN102998,2025-04-03,41,143700,13.5,225000,72,8.47,740,26.0,0,310000,72.6,2,Auto,Self-employed,South,2,3996.81,0,0,0,21.62,Low,0.0161
LN100201,2025-04-03,43,50900,3.3,312000,60,7.72,709,25.9,0,316000,98.7,1,Auto,Salaried,North,1,6284.51,0,0,0,24.18,Low,0.027
LN104433,2025-04-03,33,47900,4.7,353000,72,12.84,841,43.9,0,327000,108.0,2,Personal,Salaried,West,2,7056.38,0,0,0,23.39,Low,0.0212
LN100261,2025-04-04,37,44700,4.1,661000,24,9.18,701,53.8,1,888000,74.4,4,Auto,Self-employed,East,3,30252.23,0,0,0,33.09,Moderate,0.0998
LN102547,2025-04-04,33,40600,11.3,449000,36,11.58,627,48.6,0,386000,116.3,2,Auto,Salaried,West,1,14823.32,0,0,0,34.82,Moderate,0.1449
LN103454,2025-04-04,21,38300,13.7,246000,72,9.86,806,66.0,1,379000,64.9,2,Home,Salaried,West,1,4540.01,10,0,0,25.69,Moderate,0.0237
LN102989,2025-04-04,60,85900,11.2,115000,48,11.98,751,16.4,0,120000,95.8,0,Education,Salaried,South,3,3027.26,0,0,0,23.1,Low,0.0155
LN101305,2025-04-04,30,104000,10.8,922000,36,12.28,626,18.1,1,662000,139.3,0,Home,Salaried,Central,1,30747.04,0,0,0,33.08,Moderate,0.0988
LN102346,2025-04-05,34,43800,9.8,408000,60,11.74,783,25.2,1,571000,71.5,1,Home,Self-employed,South,1,9022.22,30,0,0,19.4,Low,0.0108
LN104730,2025-04-05,27,35200,7.0,430000,60,11.27,567,6.2,0,412000,104.4,0,Home,Salaried,East,2,9407.25,0,0,0,30.0,Moderate,0.0673
LN103908,2025-04-05,43,85200,11.1,185000,48,13.21,717,45.6,1,163000,113.5,3,Personal,Salaried,North,2,4982.39,75,1,0,32.84,Moderate,0.0889
LN100888,2025-04-05,43,21900,3.8,1041000,84,11.38,743,43.3,2,1690000,61.6,1,Auto,Contract,East,0,18033.13,0,0,0,24.48,Low,0.0316
LN101968,2025-04-05,36,63200,8.5,1163000,60,13.02,585,54.6,0,855000,136.0,0,Business,Contract,West,2,26473.73,10,0,0,41.88,Moderate,0.4704
LN103005,2025-04-06,26,85500,2.6,492000,36,11.34,817,31.8,1,856000,57.5,1,Business,Self-employed,Central,1,16186.78,0,0,0,17.52,Low,0.0093
LN104322,2025-04-06,49,68100,6.4,1424000,48,11.3,732,9.6,0,1629000,87.4,2,Home,Salaried,East,1,37011.83,20,0,0,18.57,Low,0.0096
LN104307,2025-04-06,45,77700,3.1,277000,72,13.97,628,40.0,1,484000,57.2,1,Business,Contract,North,2,5703.34,0,0,0,30.81,Moderate,0.1
LN103116,2025-04-07,36,39900,13.3,483000,72,11.55,681,49.9,1,564000,85.6,2,Education,Salaried,South,1,9330.1,0,0,0,31.15,Moderate,0.0659
LN103268,2025-04-07,40,45300,11.9,283000,36,9.34,738,61.5,0,235000,120.4,2,Personal,Salaried,Central,1,9044.17,180,1,1,31.94,Moderate,0.0955
LN104672,2025-04-07,42,39700,5.2,1470000,60,10.45,707,33.5,0,1623000,90.6,1,Business,Salaried,North,2,31559.64,0,0,0,26.66,Moderate,0.0394
LN104897,2025-04-07,28,57100,4.2,317000,48,12.12,670,46.8,0,446000,71.1,3,Auto,Contract,Central,0,8366.52,120,1,1,26.0,Moderate,0.057
LN101885,2025-04-07,41,44000,3.9,473000,84,12.5,737,24.3,1,503000,94.0,2,Auto,Salaried,North,0,8476.75,0,0,0,22.24,Low,0.0181
LN103853,2025-04-07,28,24900,5.9,540000,72,9.48,700,39.1,0,819000,65.9,2,Auto,Salaried,South,0,9862.93,0,0,0,22.35,Low,0.021
LN103645,2025-04-07,28,25200,3.4,225000,36,12.48,764,29.2,1,309000,72.8,3,Home,Salaried,West,4,7524.91,0,0,0,26.34,Moderate,0.023
LN102259,2025-04-07,40,210900,10.5,379000,48,11.77,606,23.2,0,616000,61.5,2,Personal,Self-employed,West,0,9937.78,20,0,0,23.71,Low,0.0367
LN103323,2025-04-08,40,142900,19.3,499000,36,12.07,650,33.3,0,355000,140.6,4,Auto,Self-employed,North,1,16590.63,0,0,0,32.97,Moderate,0.1189
LN101769,2025-04-08,43,48100,8.7,610000,36,13.48,611,31.4,0,712000,85.7,2,Auto,Government,East,1,20694.62,0,0,0,29.17,Moderate,0.0613
LN103710,2025-04-09,25,61600,4.4,454000,84,16.92,696,29.5,0,307000,147.9,2,Business,Contract,North,0,9256.88,0,0,0,28.84,Moderate,0.1005
LN104470,2025-04-09,41,79200,8.7,576000,36,16.49,594,37.2,0,608000,94.7,0,Personal,Salaried,West,3,20390.07,0,0,0,35.46,Moderate,0.1527
LN103648,2025-04-09,45,73200,22.7,470000,72,12.67,785,30.8,0,460000,102.2,2,Auto,Government,West,1,9353.17,0,0,0,21.49,Low,0.0121
LN100457,2025-04-10,29,56900,5.6,602000,72,13.52,760,20.3,1,638000,94.4,2,Personal,Salaried,West,1,12250.46,20,0,0,21.93,Low,0.0166
LN100907,2025-04-11,45,16200,17.9,201000,48,11.8,709,48.5,1,190000,105.8,0,Auto,Contract,South,1,5273.38,30,0,0,31.41,Moderate,0.0881
LN101521,2025-04-11,43,62700,6.7,249000,24,10.86,715,44.3,0,281000,88.6,1,Home,Salaried,South,2,11589.17,0,0,0,28.2,Moderate,0.045
LN103252,2025-04-11,44,26400,4.7,775000,60,8.71,782,15.2,0,921000,84.1,1,Personal,Salaried,Central,4,15978.87,0,0,0,21.72,Low,0.0132
LN102657,2025-04-11,46,23300,7.9,594000,72,11.21,775,8.2,2,945000,62.9,2,Auto,Salaried,East,1,11370.24,0,0,0,17.57,Low,0.0056
LN104815,2025-04-12,36,71700,4.4,127000,24,10.97,763,17.6,0,149000,85.2,0,Personal,Salaried,North,1,5917.43,0,0,0,18.31,Low,0.0104
LN103232,2025-04-12,28,24400,10.2,617000,36,8.17,688,27.7,0,745000,82.8,0,Auto,Salaried,East,1,19382.96,0,0,0,24.06,Low,0.0241
LN103055,2025-04-12,30,81300,13.4,414000,48,9.13,781,37.3,0,464000,89.2,2,Home,Salaried,West,1,10327.98,15,0,0,21.7,Low,0.0143
LN103999,2025-04-12,41,95500,6.9,589000,60,7.79,730,46.2,0,982000,60.0,0,Personal,Salaried,Central,2,11883.69,0,0,0,24.93,Low,0.0283
LN103933,2025-04-12,45,40500,15.4,415000,36,6.84,652,24.8,0,457000,90.8,0,Home,Salaried,South,0,12783.66,0,0,0,24.52,Low,0.0277
LN104070,2025-04-12,43,101200,3.0,560000,36,13.56,680,15.8,0,887000,63.1,1,Home,Salaried,East,3,19020.02,0,0,0,23.47,Low,0.0193
LN103745,2025-04-13,36,46600,8.1,412000,84,6.83,736,27.4,0,618000,66.7,3,Personal,Contract,East,1,6184.0,0,0,0,19.85,Low,0.0183
LN104301,2025-04-13,26,97600,8.0,927000,60,12.5,737,19.5,0,1175000,78.9,1,Auto,Government,Central,2,20855.59,0,0,0,21.11,Low,0.0129
LN103263,2025-04-13,49,62400,15.3,266000,48,9.7,624,34.5,1,391000,68.0,1,Auto,Self-employed,Central,0,6708.19,0,0,0,27.66,Moderate,0.0508
LN100609,2025-04-13,51,66200,4.1,558000,60,11.76,746,49.2,0,578000,96.5,2,Auto,Government,South,1,12344.83,0,0,0,26.66,Moderate,0.0394
LN101698,2025-04-13,43,37800,21.0,958000,36,12.16,605,45.6,0,1055000,90.8,2,Business,Contract,North,1,31892.57,0,0,0,32.84,Moderate,0.1401
LN103685,2025-04-14,30,76100,11.5,764000,48,10.29,772,50.0,1,1273000,60.0,3,Auto,Salaried,South,1,19483.59,0,0,0,23.8,Low,0.0181
LN103096,2025-04-15,47,113100,5.7,450000,60,10.57,670,29.6,2,437000,103.0,0,Personal,Self-employed,East,0,9687.87,0,0,0,29.75,Moderate,0.0783
LN102416,2025-04-15,43,94600,8.7,1245000,48,10.75,687,28.9,0,1109000,112.3,1,Auto,Government,South,0,32026.73,0,0,0,25.64,Moderate,0.0363
LN102880,2025-04-15,21,34500,6.6,613000,60,11.95,639,61.7,0,567000,108.1,1,Auto,Salaried,South,1,13620.36,0,0,0,35.99,Moderate,0.1804
LN104349,2025-04-16,33,55400,5.3,1076000,36,12.52,618,17.6,0,934000,115.2,0,Auto,Salaried,North,1,36006.42,0,0,0,28.99,Moderate,0.063
LN104581,2025-04-16,29,33000,12.7,992000,24,11.35,709,28.7,1,1281000,77.4,1,Personal,Salaried,West,2,46396.34,0,0,0,26.28,Moderate,0.029
LN101806,2025-04-16,40,42000,8.4,544000,72,6.72,638,23.5,0,846000,64.3,2,Education,Salaried,East,2,9201.69,10,0,0,25.69,Moderate,0.03
LN104061,2025-04-16,41,66200,9.3,236000,60,12.02,771,41.4,1,379000,62.3,1,Home,Self-employed,West,2,5252.08,0,0,0,24.03,Low,0.0217
LN103590,2025-04-16,48,130700,5.1,244000,60,7.38,663,28.4,0,197000,123.9,2,Home,Self-employed,West,2,4875.36,0,0,0,31.3,Moderate,0.0987
LN101098,2025-04-16,46,72700,11.6,4680000,72,9.85,711,36.6,0,7715000,60.7,1,Personal,Salaried,West,2,86347.33,0,0,0,24.08,Low,0.0232
LN101601,2025-04-17,50,66800,6.1,243000,48,10.52,670,22.6,0,178000,136.5,2,Personal,Contract,North,3,6223.97,60,1,0,32.7,Moderate,0.1366
LN100602,2025-04-17,46,58700,7.8,433000,84,10.63,652,24.3,1,291000,148.8,2,Business,Self-employed,South,1,7330.05,0,0,0,33.89,Moderate,0.1521
LN103533,2025-04-18,27,126300,7.5,436000,48,10.43,682,60.8,0,685000,63.6,0,Home,Self-employed,South,1,11148.34,0,0,0,29.08,Moderate,0.0711
LN100002,2025-04-18,44,27500,5.4,1870000,36,15.57,665,7.9,1,2160000,86.6,0,Home,Salaried,West,1,65347.36,0,0,0,23.7,Low,0.0213
LN100176,2025-04-18,38,34800,9.3,504000,60,11.64,765,37.3,0,748000,67.4,2,Business,Salaried,East,0,11119.73,0,0,0,18.7,Low,0.0112
LN104786,2025-04-18,45,71300,7.6,178000,72,12.53,690,25.7,0,125000,142.4,2,Auto,Salaried,South,1,3529.19,0,0,0,29.52,Moderate,0.0641
LN100395,2025-04-18,34,95600,2.6,502000,36,11.73,639,37.2,0,611000,82.2,3,Home,Government,East,2,16608.92,0,0,0,30.16,Moderate,0.0693
LN102546,2025-04-18,26,65400,3.5,780000,48,9.1,608,13.6,0,867000,90.0,0,Auto,Self-employed,North,2,19447.39,0,0,0,27.87,Moderate,0.0592
LN104648,2025-04-18,23,75600,11.2,277000,36,10.44,635,27.0,0,291000,95.2,1,Personal,Salaried,South,1,8995.34,0,0,0,27.97,Moderate,0.0537
LN101256,2025-04-19,53,126700,4.8,2022000,12,11.74,687,44.4,0,2355000,85.9,1,Auto,Government,East,0,179406.41,0,0,0,26.1,Moderate,0.041
LN103132,2025-04-20,22,74400,7.0,939000,72,10.68,783,37.9,0,872000,107.7,1,Education,Self-employed,South,1,17719.48,0,0,0,23.56,Low,0.0271
LN102983,2025-04-20,41,161000,6.4,1244000,60,13.37,784,24.8,1,880000,141.4,1,Education,Government,South,0,28541.0,10,0,0,24.59,Low,0.0258
LN104308,2025-04-20,36,72200,10.1,251000,48,13.04,713,33.8,1,419000,59.9,0,Personal,Salaried,South,1,6738.69,30,1,0,23.67,Low,0.0212
LN103723,2025-04-21,22,75800,4.6,1653000,72,11.01,728,30.7,1,1868000,88.5,1,Home,Contract,North,1,31471.8,0,0,0,25.12,Moderate,0.0369
LN100055,2025-04-21,46,37900,5.5,420000,36,11.33,785,5.0,0,682000,61.6,0,Home,Contract,West,0,13815.99,0,0,0,10.6,Low,0.0037
LN102273,2025-04-21,38,58300,4.0,699000,60,11.03,591,50.0,0,616000,113.5,3,Personal,Salaried,East,1,15208.41,10,0,0,36.73,Moderate,0.2338
LN102907,2025-04-21,28,56900,11.8,853000,60,8.06,708,14.8,0,760000,112.2,1,Business,Salaried,East,3,17320.27,15,0,0,26.7,Moderate,0.0326
LN100294,2025-04-21,41,122600,3.4,1717000,60,12.7,779,34.7,2,2666000,64.4,2,Home,Salaried,East,0,38803.85,0,0,0,21.14,Low,0.0124
LN100986,2025-04-22,52,44300,18.7,632000,12,11.6,769,26.1,0,434000,145.6,1,Personal,Salaried,East,0,56034.24,0,0,0,24.07,Low,0.0259
LN103757,2025-04-22,56,74900,8.1,281000,72,9.83,761,16.8,0,288000,97.6,1,Home,Salaried,North,1,5181.7,0,0,0,19.5,Low,0.0108
LN101284,2025-04-22,31,48900,6.1,498000,72,10.18,609,40.0,0,377000,132.1,0,Personal,Salaried,South,0,9271.14,0,0,0,33.97,Moderate,0.1689
LN104833,2025-04-22,44,54800,16.2,808000,84,13.57,715,9.7,0,851000,94.9,0,Home,Salaried,South,0,14950.65,0,0,0,18.58,Low,0.0094
LN103453,2025-04-22,33,48200,11.1,702000,72,14.43,732,28.4,1,573000,122.5,1,Personal,Salaried,West,3,14627.36,0,0,0,31.18,Moderate,0.0608
LN101447,2025-04-22,43,52100,8.4,459000,36,13.0,723,31.9,1,528000,86.9,0,Home,Salaried,Central,1,15465.52,0,0,0,25.46,Moderate,0.0265
LN100462,2025-04-22,32,109700,5.4,3023000,60,11.15,802,46.0,0,2203000,137.2,4,Home,Salaried,Central,0,65953.71,5,0,0,25.46,Moderate,0.0345
LN103026,2025-04-22,40,37600,7.3,711000,36,17.33,797,19.5,0,1114000,63.8,1,Auto,Salaried,North,1,25466.01,5,0,0,14.75,Low,0.0046
LN104021,2025-04-23,25,140600,5.1,226000,60,11.29,654,32.4,0,151000,149.7,0,Auto,Salaried,East,0,4946.54,0,0,0,31.83,Moderate,0.1093
LN100576,2025-04-23,40,47200,6.9,413000,24,12.75,680,44.8,0,357000,115.7,1,Education,Salaried,North,1,19586.31,0,0,0,31.2,Moderate,0.0845
LN104925,2025-04-23,33,50600,21.8,108000,84,8.89,784,18.3,0,151000,71.5,1,Business,Self-employed,West,0,1731.6,0,0,0,14.3,Low,0.0053
LN103906,2025-04-23,50,92500,6.6,210000,72,15.65,630,60.0,0,351000,59.8,2,Education,Salaried,South,0,4625.0,0,0,0,29.63,Moderate,0.0736
LN104155,2025-04-23,36,52100,15.7,262000,36,10.57,687,7.7,1,387000,67.7,2,Personal,Salaried,South,2,8524.29,15,0,0,22.27,Low,0.0141
LN101725,2025-04-24,48,115500,15.6,282000,48,10.42,781,36.8,2,402000,70.1,1,Auto,Salaried,Central,1,7209.26,0,0,0,23.69,Low,0.0144
LN100021,2025-04-24,36,45700,6.6,656000,48,13.27,807,46.6,0,535000,122.6,1,Auto,Salaried,South,0,17686.87,0,0,0,23.86,Low,0.0256
LN101744,2025-04-24,30,40200,5.5,1267000,48,13.01,697,46.0,0,1062000,119.3,4,Personal,Salaried,Central,0,33996.73,0,0,0,29.23,Moderate,0.0769
LN100186,2025-04-24,42,54500,5.7,635000,72,10.16,697,31.8,0,1090000,58.3,1,Home,Salaried,South,1,11815.21,0,0,0,21.96,Low,0.0176
LN103266,2025-04-24,30,97100,5.4,416000,72,8.41,601,24.0,1,302000,137.7,0,Auto,Self-employed,South,3,7377.39,0,0,0,38.75,Moderate,0.2456
LN101675,2025-04-25,35,94400,13.0,578000,72,13.1,595,44.4,1,476000,121.4,3,Home,Government,South,0,11633.36,75,1,0,36.52,Moderate,0.1801
LN104217,2025-04-25,34,74000,9.2,416000,72,9.48,582,43.7,0,592000,70.3,3,Home,Self-employed,South,2,7598.11,0,0,0,33.29,Moderate,0.1309
LN101380,2025-04-26,44,174500,8.5,1336000,36,10.39,663,36.7,0,1933000,69.1,2,Education,Salaried,West,1,43354.0,15,0,0,25.82,Moderate,0.0336
LN104885,2025-04-26,34,38400,4.7,585000,60,10.04,640,36.0,0,419000,139.6,2,Personal,Salaried,South,0,12441.04,120,1,1,32.28,Moderate,0.1315
LN104119,2025-04-27,29,125900,5.9,882000,60,11.97,822,9.8,0,1318000,66.9,3,Personal,Contract,Central,1,19606.23,0,0,0,11.8,Low,0.0044
LN101884,2025-04-27,38,70900,13.8,357000,72,11.12,642,49.5,0,444000,80.4,1,Business,Contract,South,1,6817.13,0,0,0,30.62,Moderate,0.1065
LN102119,2025-04-27,36,90400,7.9,139000,84,10.76,620,31.8,0,166000,83.7,1,Education,Contract,West,1,2395.6,20,0,0,28.57,Moderate,0.0774
LN101762,2025-04-27,39,75000,8.8,371000,60,11.99,693,34.5,0,414000,89.6,2,Auto,Salaried,North,2,8250.82,0,0,0,27.51,Moderate,0.0395
LN100823,2025-04-27,35,115500,5.3,652000,36,12.68,564,53.9,0,875000,74.5,1,Personal,Salaried,Central,1,21868.1,0,0,0,35.04,Moderate,0.1821
LN104328,2025-04-28,53,72400,4.0,1141000,36,13.3,716,45.5,0,1678000,68.0,0,Home,Self-employed,North,3,38609.88,0,0,0,27.99,Moderate,0.0496
LN102164,2025-04-28,52,45500,9.1,1141000,72,14.61,745,33.4,0,1518000,75.2,3,Home,Salaried,East,1,23885.46,0,0,0,21.43,Low,0.0149
LN102507,2025-04-28,49,44800,4.2,143000,60,13.46,763,28.0,1,253000,56.5,1,Personal,Salaried,Central,3,3287.46,5,0,0,22.86,Low,0.0156
LN104261,2025-04-29,35,133100,10.7,908000,72,12.64,703,5.8,0,1576000,57.6,3,Auto,Government,West,1,18055.22,0,0,0,16.37,Low,0.0062
LN102094,2025-04-29,47,89900,12.2,329000,60,6.55,676,35.6,2,547000,60.1,1,Education,Salaried,East,1,6444.97,60,1,0,28.01,Moderate,0.0341
LN102915,2025-04-29,55,65100,1.2,434000,12,14.1,715,35.2,0,638000,68.0,4,Auto,Government,Central,1,38988.03,0,0,0,22.65,Low,0.021
LN100278,2025-04-29,39,44800,8.4,525000,12,8.99,848,30.3,0,357000,147.1,1,Home,Salaried,Central,1,45909.59,20,0,0,22.54,Low,0.0175
LN104305,2025-04-29,24,101900,13.3,634000,60,12.4,755,57.8,1,811000,78.2,1,Home,Salaried,East,1,14231.47,0,0,0,28.08,Moderate,0.0374
LN103693,2025-04-29,48,61400,7.1,697000,60,11.19,762,23.3,2,861000,81.0,0,Business,Salaried,North,2,15220.6,0,0,0,24.75,Low,0.0198
LN102506,2025-04-30,65,71700,3.1,560000,72,15.21,661,32.2,1,379000,147.8,0,Business,Salaried,East,1,11905.17,180,1,1,34.89,Moderate,0.1546
LN104410,2025-04-30,32,63900,10.4,1534000,84,13.25,596,70.5,2,2418000,63.4,2,Home,Salaried,North,0,28115.39,120,1,1,37.89,Moderate,0.1951
LN102144,2025-04-30,36,75400,11.1,627000,36,13.27,626,47.3,0,968000,64.8,3,Business,Contract,North,2,21207.74,0,0,0,31.13,Moderate,0.1087
LN100714,2025-04-30,38,78600,21.9,237000,72,9.19,768,25.9,0,170000,139.4,2,Education,Salaried,North,0,4294.44,0,0,0,23.46,Low,0.0198
LN103113,2025-05-01,27,35300,9.1,280000,60,11.59,727,23.3,1,235000,119.1,1,Business,Self-employed,North,3,6170.59,15,0,0,30.08,Moderate,0.0631
LN100521,2025-05-01,43,47300,11.9,546000,36,16.01,719,59.0,2,476000,114.7,3,Auto,Contract,East,1,19198.44,0,0,0,35.87,Moderate,0.1654
LN101608,2025-05-01,41,44500,7.7,1021000,72,16.17,646,37.5,1,1478000,69.1,3,Home,Salaried,South,1,22243.04,0,0,0,28.88,Moderate,0.0498
LN103696,2025-05-02,33,200400,9.9,323000,84,11.78,795,34.0,0,474000,68.1,1,Home,Salaried,South,1,5678.0,0,0,0,18.19,Low,0.0081
LN101727,2025-05-02,45,58400,10.6,650000,60,11.3,678,28.7,0,512000,127.0,0,Personal,Government,South,0,14230.02,0,0,0,27.55,Moderate,0.0553
LN101190,2025-05-02,39,109300,3.8,433000,72,11.81,688,26.6,0,358000,120.9,2,Education,Salaried,North,0,8422.51,0,0,0,25.99,Moderate,0.0415
LN102695,2025-05-02,51,130700,2.8,552000,12,17.56,716,8.4,1,848000,65.1,0,Personal,Salaried,North,2,50491.84,0,0,0,20.62,Low,0.0125
LN102540,2025-05-02,32,87100,11.4,243000,60,9.54,655,44.0,1,391000,62.1,3,Personal,Salaried,North,1,5108.2,0,0,0,29.0,Moderate,0.0535
LN101703,2025-05-02,48,33200,4.7,493000,84,8.52,684,20.3,0,597000,82.6,0,Auto,Government,Central,1,7812.35,0,0,0,22.77,Low,0.021
LN103545,2025-05-02,41,163900,17.6,542000,72,10.85,807,57.0,0,900000,60.2,3,Education,Self-employed,South,2,10274.88,0,0,0,23.03,Low,0.0182
LN102251,2025-05-02,52,45600,7.5,467000,48,15.78,645,26.6,0,399000,117.0,3,Personal,Self-employed,North,3,13182.35,5,0,0,32.87,Moderate,0.124
LN103060,2025-05-03,41,68400,7.4,702000,48,14.01,639,36.7,3,531000,132.2,2,Business,Salaried,Central,1,19186.71,0,0,0,39.4,Moderate,0.2198
LN102952,2025-05-03,42,57100,13.7,537000,48,13.96,710,6.4,0,758000,70.8,1,Personal,Salaried,West,2,14663.55,0,0,0,19.11,Low,0.0096
LN104252,2025-05-03,40,52700,18.8,105000,72,14.58,684,33.0,0,112000,93.8,0,Education,Salaried,West,0,2196.35,0,0,0,24.77,Low,0.0269
LN100224,2025-05-04,34,266000,9.0,322000,36,12.32,717,33.6,0,266000,121.1,1,Auto,Self-employed,North,1,10744.29,0,0,0,27.54,Moderate,0.0542
LN103165,2025-05-04,22,273400,9.9,319000,48,11.31,802,37.9,1,298000,107.0,3,Education,Self-employed,West,1,8634.88,0,0,0,24.49,Low,0.0259
LN100586,2025-05-04,34,47700,12.7,807000,60,12.84,781,41.7,1,623000,129.5,2,Auto,Contract,East,1,18295.7,0,0,0,28.61,Moderate,0.0579
LN102991,2025-05-05,43,64200,5.2,476000,60,8.64,734,32.6,2,716000,66.5,2,Education,Salaried,North,1,9798.02,15,0,0,24.98,Low,0.0217
LN100655,2025-05-05,39,44200,2.2,1195000,84,11.92,850,55.7,0,1258000,95.0,3,Home,Contract,North,1,21043.92,0,0,0,22.31,Low,0.0252
LN102363,2025-05-05,48,49800,6.7,991000,72,11.76,677,35.2,0,1154000,85.9,2,Education,Self-employed,North,5,19250.78,20,0,0,33.12,Moderate,0.0926
LN103744,2025-05-05,29,174000,16.7,658000,36,14.16,731,14.6,1,745000,88.3,2,Education,Government,South,0,22540.05,0,0,0,20.05,Low,0.0103
LN100494,2025-05-05,52,79900,10.9,373000,72,7.7,717,31.8,1,309000,120.7,1,Auto,Salaried,North,2,6485.4,5,0,0,30.8,Moderate,0.0574
LN103050,2025-05-05,26,38700,4.7,1300000,72,14.25,655,18.3,0,1427000,91.1,1,Auto,Self-employed,East,1,26961.8,0,0,0,24.76,Low,0.0373
LN104995,2025-05-05,38,121400,15.1,676000,84,10.15,773,35.9,0,1091000,62.0,0,Personal,Salaried,East,0,11274.86,20,0,0,17.46,Low,0.0084
LN101394,2025-05-06,35,42100,8.0,614000,60,11.81,636,17.9,0,569000,107.9,2,Home,Salaried,North,2,13599.21,0,0,0,29.03,Moderate,0.0541
LN103452,2025-05-06,37,42500,13.0,932000,84,9.55,663,36.8,1,1565000,59.6,0,Auto,Salaried,West,1,15256.47,0,0,0,26.89,Moderate,0.0325
LN101926,2025-05-06,21,65700,9.5,382000,36,14.93,693,46.4,0,445000,85.8,2,Home,Salaried,East,4,13229.06,0,0,0,32.84,Moderate,0.0763
LN100139,2025-05-06,27,47400,6.8,218000,72,11.93,827,40.1,0,238000,91.6,2,Home,Salaried,West,2,4254.01,0,0,0,21.73,Low,0.0138
LN102100,2025-05-06,41,58500,13.7,337000,36,7.43,719,35.7,0,348000,96.8,2,Business,Contract,West,1,10471.96,0,0,0,25.42,Moderate,0.0438
LN101173,2025-05-07,37,34500,8.9,362000,60,15.0,672,21.0,0,308000,117.5,4,Business,Salaried,West,1,8611.95,30,0,0,27.04,Moderate,0.0459
LN102943,2025-05-07,36,80500,6.2,241000,36,12.16,695,25.3,1,319000,75.5,0,Home,Salaried,West,3,8023.08,0,0,0,27.82,Moderate,0.0333
LN100958,2025-05-08,43,52500,6.4,219000,84,10.24,643,36.4,0,219000,100.0,1,Home,Salaried,East,1,3662.87,30,1,0,29.91,Moderate,0.0703
LN101292,2025-05-08,38,82900,11.1,225000,60,11.75,734,44.3,0,332000,67.8,2,Business,Salaried,North,2,4976.62,0,0,0,25.11,Moderate,0.027
LN101490,2025-05-08,33,68500,18.6,230000,48,10.08,728,21.9,0,356000,64.6,3,Auto,Self-employed,West,0,5842.23,10,0,0,17.3,Low,0.0088
LN101577,2025-05-08,48,40100,3.7,377000,36,13.37,625,34.4,0,453000,83.2,1,Business,Contract,South,3,12769.91,240,1,1,32.11,Moderate,0.1274
LN104114,2025-05-09,53,65400,17.9,156000,48,12.45,659,34.3,0,145000,107.6,2,Auto,Salaried,North,1,4142.63,0,0,0,29.4,Moderate,0.0546
LN103932,2025-05-09,46,65700,7.9,716000,72,9.89,766,31.9,1,1062000,67.4,3,Home,Salaried,North,1,13224.82,0,0,0,21.23,Low,0.0124
LN104408,2025-05-09,43,53900,9.5,530000,60,15.19,660,41.1,0,707000,75.0,1,Home,Salaried,West,1,12661.58,0,0,0,27.45,Moderate,0.0438
LN104993,2025-05-10,43,31700,10.7,289000,36,10.04,750,12.3,0,489000,59.1,1,Personal,Contract,South,2,9330.65,0,0,0,17.0,Low,0.0095
LN104198,2025-05-10,21,19700,3.7,144000,72,7.04,629,64.8,1,214000,67.3,2,Personal,Salaried,East,1,2457.82,15,0,0,35.06,Moderate,0.1576
LN100152,2025-05-10,32,83400,8.7,365000,72,11.23,777,63.8,1,498000,73.3,3,Personal,Self-employed,East,0,6990.51,0,0,0,25.95,Moderate,0.0424
LN103996,2025-05-11,21,113800,15.4,333000,72,12.57,756,35.9,0,354000,94.1,1,Business,Contract,Central,1,6609.34,0,0,0,23.23,Low,0.0287
LN100593,2025-05-11,41,78100,3.7,1638000,60,11.49,673,59.4,0,2583000,63.4,1,Personal,Salaried,South,3,36015.67,0,0,0,32.59,Moderate,0.0984
LN101373,2025-05-11,23,119800,2.1,513000,72,12.32,656,19.9,0,431000,119.0,2,Auto,Government,North,1,10114.82,0,0,0,27.82,Moderate,0.053
LN100611,2025-05-12,37,151800,1.9,346000,84,12.06,652,36.1,0,335000,103.3,0,Auto,Government,West,0,6118.95,0,0,0,28.03,Moderate,0.0609
LN100744,2025-05-12,43,27800,5.0,177000,60,7.8,692,41.7,0,194000,91.2,2,Home,Government,West,1,3572.0,0,0,0,27.49,Moderate,0.0464
LN104697,2025-05-12,49,87300,1.7,564000,72,9.2,815,50.7,0,523000,107.8,2,Personal,Self-employed,South,3,10222.48,0,0,0,27.77,Moderate,0.0526
LN100686,2025-05-12,36,118700,7.6,787000,48,6.5,747,58.5,1,1135000,69.3,0,Home,Government,South,0,18663.67,0,0,0,26.08,Moderate,0.0323
LN100105,2025-05-13,42,71600,6.5,128000,60,10.52,740,14.4,0,98000,130.6,1,Home,Self-employed,North,3,2752.49,0,0,0,26.76,Moderate,0.0394
LN101538,2025-05-13,27,50700,0.6,707000,60,13.18,634,29.4,0,610000,115.9,2,Personal,Salaried,South,1,16151.64,0,0,0,30.57,Moderate,0.0959
LN102744,2025-05-13,21,78200,15.7,270000,48,11.66,729,22.8,0,344000,78.5,0,Home,Salaried,Central,0,7065.15,15,0,0,18.82,Low,0.0097
LN102300,2025-05-13,47,47300,7.1,98000,48,16.45,685,50.7,1,172000,57.0,3,Personal,Contract,West,0,2799.99,30,1,0,26.58,Moderate,0.0575
LN100526,2025-05-13,23,111200,14.2,184000,48,9.47,738,30.2,1,299000,61.5,2,Education,Government,North,1,4620.02,0,0,0,21.79,Low,0.0126
LN102733,2025-05-13,30,65100,9.9,506000,60,11.7,734,26.2,1,832000,60.8,0,Business,Government,East,1,11179.13,0,0,0,21.13,Low,0.0133
LN104072,2025-05-14,24,30200,21.1,776000,72,10.34,695,36.1,0,684000,113.5,1,Business,Salaried,Central,0,14509.46,0,0,0,26.78,Moderate,0.0403
LN101398,2025-05-14,49,99200,12.3,774000,24,14.34,670,35.0,2,822000,94.2,1,Auto,Salaried,Central,1,37286.41,0,0,0,31.62,Moderate,0.0633
LN100053,2025-05-14,44,57100,18.7,332000,84,11.71,645,45.4,1,338000,98.2,2,Personal,Salaried,Central,2,5809.34,240,1,1,35.09,Moderate,0.1188
LN103909,2025-05-14,31,90300,5.7,376000,48,12.37,740,70.4,0,352000,106.8,1,Personal,Self-employed,Central,0,9969.97,0,0,0,30.58,Moderate,0.1121
LN103431,2025-05-15,50,62600,8.7,554000,12,10.45,782,14.4,0,428000,129.4,0,Personal,Salaried,North,1,48821.43,45,1,0,21.09,Low,0.0159
LN101821,2025-05-15,39,156800,5.5,630000,60,10.98,535,20.8,0,970000,64.9,2,Auto,Self-employed,East,3,13691.44,15,0,0,32.33,Moderate,0.1104
LN101506,2025-05-15,44,119500,7.5,263000,60,13.1,713,46.0,0,323000,81.4,4,Business,Salaried,South,0,5997.53,0,0,0,24.59,Low,0.033
LN104587,2025-05-15,46,85900,7.6,310000,60,9.96,750,21.7,0,459000,67.5,2,Business,Contract,Central,0,6580.48,15,0,0,16.38,Low,0.011
LN103783,2025-05-16,27,37200,9.7,347000,60,9.03,775,46.7,0,577000,60.1,3,Personal,Self-employed,Central,0,7208.2,0,0,0,19.32,Low,0.0155
LN103150,2025-05-16,46,81300,6.0,434000,84,12.41,671,32.9,0,590000,73.6,2,Auto,Government,South,0,7756.77,0,0,0,23.42,Low,0.0257
LN103554,2025-05-17,21,102200,10.9,835000,48,11.76,714,39.0,0,850000,98.2,2,Home,Salaried,North,1,21890.49,0,0,0,26.49,Moderate,0.0355
LN102048,2025-05-17,35,35300,12.7,475000,60,9.73,745,70.7,0,374000,127.0,1,Personal,Salaried,West,0,10029.36,0,0,0,32.4,Moderate,0.112
LN103903,2025-05-17,30,70200,26.7,469000,12,11.1,701,23.9,0,338000,138.8,1,Education,Self-employed,West,3,41472.88,5,0,0,31.55,Moderate,0.0675
LN100203,2025-05-17,47,94100,10.9,317000,36,15.92,680,27.3,0,382000,83.0,0,Home,Salaried,Central,0,11132.26,0,0,0,22.76,Low,0.0214
LN104738,2025-05-17,26,101200,18.4,338000,48,9.68,768,27.8,1,371000,91.1,0,Auto,Salaried,Central,2,8520.7,20,0,0,24.34,Low,0.0164
LN102008,2025-05-18,44,124100,5.9,1111000,72,10.88,758,19.4,0,980000,113.4,0,Auto,Salaried,North,2,21078.64,0,0,0,23.42,Low,0.0199
LN101842,2025-05-18,33,159600,9.9,266000,72,10.57,731,52.3,0,176000,151.1,1,Auto,Salaried,North,2,6955.9,5,0,0,35.09,Moderate,0.1349
LN103655,2025-05-18,41,37000,2.3,472000,84,12.42,768,43.6,1,437000,108.0,0,Personal,Self-employed,Central,1,8438.48,30,0,0,27.53,Moderate,0.0555
LN100069,2025-05-18,32,74700,0.7,253000,12,14.14,699,45.1,1,357000,70.9,0,Auto,Salaried,Central,3,22732.81,10,0,0,31.1,Moderate,0.062
LN100658,2025-05-19,40,126000,1.8,413000,60,13.06,780,36.7,1,505000,81.8,1,Auto,Salaried,North,2,9409.71,0,0,0,24.56,Low,0.0215
LN102815,2025-05-19,45,69900,5.3,406000,48,9.69,722,36.3,0,648000,62.7,2,Home,Salaried,North,0,10236.87,15,0,0,20.31,Low,0.0146
LN104248,2025-05-19,42,123100,14.0,350000,72,12.38,804,24.3,0,295000,118.6,0,Auto,Salaried,North,0,6911.93,0,0,0,19.16,Low,0.0102
LN104253,2025-05-20,28,34600,15.4,385000,72,10.41,713,49.9,0,288000,133.7,1,Business,Self-employed,South,0,7212.31,0,0,0,30.6,Moderate,0.0999
LN101354,2025-05-20,33,24000,9.7,99000,60,10.7,719,18.6,1,115000,86.1,0,Business,Contract,Central,1,2137.72,0,0,0,22.93,Low,0.0262
LN101219,2025-05-20,57,125500,12.8,794000,84,12.09,683,61.0,1,1178000,67.4,1,Education,Contract,East,1,14054.51,0,0,0,31.45,Moderate,0.095
LN100625,2025-05-20,33,62000,15.2,460000,36,9.2,654,10.7,0,562000,81.9,0,Personal,Salaried,East,1,14670.73,0,0,0,22.37,Low,0.0193
LN100631,2025-05-21,52,98400,13.3,400000,60,13.08,764,62.3,0,503000,79.5,2,Auto,Self-employed,North,2,9117.62,0,0,0,28.3,Moderate,0.0494
LN100264,2025-05-21,36,115100,6.9,419000,60,10.8,844,14.2,0,533000,78.6,2,Auto,Salaried,South,2,9068.34,0,0,0,14.35,Low,0.0038
LN101562,2025-05-21,21,59200,9.0,218000,24,12.43,592,37.1,1,366000,59.6,0,Auto,Government,South,0,10305.85,0,0,0,29.04,Moderate,0.0577
LN100600,2025-05-21,45,59400,6.1,254000,36,17.29,850,30.6,0,237000,107.2,2,Education,Salaried,North,0,9092.49,0,0,0,16.84,Low,0.0074
LN103205,2025-05-22,32,52500,12.5,282000,60,8.01,798,27.6,1,247000,114.2,1,Home,Self-employed,North,1,5719.29,0,0,0,23.36,Low,0.0207
LN104294,2025-05-22,49,166000,15.8,739000,60,10.87,676,22.3,0,1036000,71.3,3,Home,Government,West,1,16019.78,0,0,0,22.47,Low,0.0169
LN102481,2025-05-22,53,74900,4.7,295000,48,12.9,650,35.9,0,363000,81.3,3,Personal,Salaried,Central,1,7899.48,0,0,0,27.56,Moderate,0.0541
LN100938,2025-05-22,40,118100,10.3,683000,60,11.9,652,17.3,0,475000,143.8,2,Personal,Salaried,West,1,15158.47,0,0,0,29.99,Moderate,0.0765
LN104148,2025-05-22,33,50700,8.3,530000,48,11.06,701,48.1,0,869000,61.0,2,Auto,Salaried,North,2,13713.58,0,0,0,26.94,Moderate,0.0355
LN104440,2025-05-22,26,28000,4.1,861000,60,11.36,708,37.6,0,1289000,66.8,1,Auto,Salaried,East,0,18875.18,0,0,0,21.72,Low,0.0192
LN102357,2025-05-23,39,58200,17.2,626000,72,9.95,628,46.2,0,855000,73.2,1,Personal,Salaried,Central,0,11581.4,0,0,0,28.31,Moderate,0.0577
LN103694,2025-05-23,46,63900,28.7,790000,60,11.81,752,58.7,0,703000,112.4,0,Home,Salaried,Central,1,17497.36,0,0,0,29.83,Moderate,0.0473
LN104210,2025-05-23,36,32400,2.5,826000,60,10.19,602,6.4,1,784000,105.4,2,Home,Contract,West,0,17627.38,0,0,0,26.95,Moderate,0.0632
LN104928,2025-05-24,26,90400,5.6,696000,84,12.69,654,26.0,0,767000,90.7,4,Business,Self-employed,Central,1,12544.6,0,0,0,26.31,Moderate,0.0526
LN104678,2025-05-24,46,74500,5.6,242000,60,10.75,753,42.4,1,196000,123.5,0,Business,Salaried,South,1,5231.54,0,0,0,29.63,Moderate,0.0608
LN102782,2025-05-25,27,68500,18.6,278000,48,13.55,733,30.2,0,378000,73.5,1,Education,Government,Central,1,7534.16,15,0,0,21.25,Low,0.0126
LN103250,2025-05-25,43,53400,8.7,135000,72,8.35,682,19.6,1,113000,119.5,1,Home,Salaried,Central,1,2390.13,0,0,0,28.43,Moderate,0.0455
LN100388,2025-05-25,47,34300,6.1,280000,36,9.75,684,12.6,0,183000,153.0,1,Education,Salaried,West,1,9001.98,0,0,0,27.97,Moderate,0.0538
LN100108,2025-05-26,40,38800,14.2,328000,36,10.97,740,35.2,1,235000,139.6,0,Business,Salaried,North,1,10733.64,5,0,0,30.49,Moderate,0.0631
LN101141,2025-05-26,50,63600,5.5,476000,72,9.54,750,49.4,2,377000,126.3,1,Personal,Salaried,Central,3,8708.28,0,0,0,36.8,Moderate,0.1382
LN101451,2025-05-26,53,103600,5.9,214000,36,12.7,595,31.4,1,250000,85.6,2,Home,Government,South,0,7179.62,0,0,0,30.34,Moderate,0.0753
LN104952,2025-05-26,45,42400,9.2,684000,36,11.19,599,16.8,0,741000,92.3,0,Home,Contract,Central,4,22454.88,120,1,1,32.54,Moderate,0.1073
LN103315,2025-05-26,42,94000,15.9,410000,48,13.54,767,44.5,0,639000,64.2,1,Home,Government,South,0,11109.48,0,0,0,19.71,Low,0.0109
LN100863,2025-05-26,54,27500,3.5,107000,36,13.45,760,30.9,1,131000,81.7,2,Personal,Salaried,Central,1,3628.49,0,0,0,22.78,Low,0.0196
LN104208,2025-05-26,30,73200,7.8,242000,72,14.27,754,25.5,1,216000,112.0,1,Auto,Salaried,North,2,5021.64,0,0,0,26.72,Moderate,0.0294
LN100909,2025-05-27,57,42200,7.7,2060000,36,14.13,691,10.9,1,3227000,63.8,2,Home,Salaried,West,3,70536.06,0,0,0,23.98,Low,0.0169
LN100671,2025-05-27,21,66500,6.3,416000,72,10.85,533,46.6,1,698000,59.6,0,Home,Salaried,North,1,7886.25,15,0,0,35.73,Moderate,0.161
LN101680,2025-05-27,42,55900,15.4,266000,24,11.75,629,52.4,1,248000,107.3,2,Personal,Salaried,West,5,12490.51,0,0,0,43.24,Moderate,0.3004
LN102146,2025-05-27,24,86300,3.8,331000,84,6.53,630,5.0,0,317000,104.4,0,Home,Salaried,East,1,4919.97,0,0,0,24.75,Low,0.0313
LN104494,2025-05-28,46,41700,4.9,183000,60,12.4,763,29.6,1,122000,150.0,2,Business,Contract,North,0,4107.82,10,0,0,27.53,Moderate,0.0674
LN101163,2025-05-29,23,31100,12.0,445000,48,14.5,747,24.4,1,670000,66.4,2,Home,Salaried,East,1,12272.19,0,0,0,20.64,Low,0.0107
LN104277,2025-05-29,29,78700,11.9,908000,60,10.9,629,63.7,0,1347000,67.4,3,Personal,Salaried,Central,0,19696.87,0,0,0,31.18,Moderate,0.0983
LN103647,2025-05-29,40,58500,7.0,684000,72,9.77,790,16.4,0,922000,74.2,2,Home,Salaried,Central,2,12592.48,10,0,0,17.21,Low,0.0064
LN101672,2025-05-29,34,77600,10.8,1024000,48,16.46,808,49.8,0,1656000,61.8,0,Home,Contract,Central,3,29262.26,0,0,0,23.36,Low,0.0217
LN100910,2025-05-29,35,82900,9.1,401000,84,12.83,815,21.7,1,661000,60.7,0,Personal,Salaried,West,1,7257.97,0,0,0,15.93,Low,0.0052
LN100178,2025-05-30,36,61200,8.9,469000,72,9.42,654,43.3,1,838000,56.0,0,Home,Salaried,North,0,8552.07,5,0,0,26.64,Moderate,0.037
LN100746,2025-05-31,40,54100,5.7,822000,72,16.13,738,26.8,0,988000,83.2,3,Home,Salaried,North,1,17889.58,0,0,0,21.28,Low,0.0154
LN104054,2025-05-31,29,28100,5.7,165000,84,12.43,739,41.9,0,292000,56.5,2,Personal,Salaried,South,2,2950.78,0,0,0,23.24,Low,0.0214
LN100614,2025-05-31,60,50900,8.2,165000,84,6.64,818,24.7,0,258000,64.0,2,Personal,Contract,Central,3,2461.36,0,0,0,18.03,Low,0.0101
LN102914,2025-05-31,44,55300,8.5,342000,60,9.58,737,39.3,0,355000,96.3,3,Personal,Salaried,Central,4,7196.01,0,0,0,30.14,Moderate,0.0542
LN100560,2025-06-01,41,39400,7.2,1979000,72,6.5,640,45.4,1,1342000,147.5,3,Auto,Salaried,South,0,33266.85,15,0,0,36.95,Moderate,0.202
LN103842,2025-06-01,47,62800,3.7,677000,72,11.56,650,21.3,1,454000,149.1,0,Personal,Salaried,East,1,13081.09,0,0,0,33.42,Moderate,0.1261
LN102028,2025-06-01,40,37300,9.9,702000,60,11.44,673,59.2,1,462000,151.9,0,Personal,Self-employed,Central,1,15417.67,0,0,0,39.88,Moderate,0.3402
LN102205,2025-06-01,42,70100,4.7,471000,84,13.89,731,35.7,1,825000,57.1,1,Business,Salaried,West,1,8797.95,0,0,0,22.82,Low,0.0192
LN103759,2025-06-02,38,131100,3.5,599000,12,10.09,570,23.6,0,988000,60.6,2,Personal,Salaried,South,3,52686.69,0,0,0,30.6,Moderate,0.0769
LN103841,2025-06-02,32,91800,9.6,434000,48,9.25,699,40.6,0,405000,107.2,2,Personal,Salaried,North,1,10851.7,0,0,0,28.5,Moderate,0.0577
LN101955,2025-06-02,50,28000,8.9,263000,84,11.34,711,37.6,0,300000,87.7,1,Personal,Salaried,East,2,4550.35,10,0,0,26.98,Moderate,0.04
LN101377,2025-06-02,47,67000,16.6,215000,48,11.59,725,31.6,2,242000,88.8,4,Personal,Salaried,North,1,5618.59,0,0,0,27.48,Moderate,0.0322
LN104286,2025-06-02,34,79800,2.6,522000,12,14.17,720,34.8,0,536000,97.4,1,Education,Salaried,North,0,46910.64,0,0,0,23.58,Low,0.0272
LN100234,2025-06-02,57,75400,5.8,370000,48,15.38,739,9.2,0,263000,140.7,3,Personal,Salaried,West,1,10368.79,0,0,0,23.45,Low,0.0258
LN100072,2025-06-02,38,87100,4.5,766000,60,12.96,720,45.1,0,1174000,65.2,2,Home,Salaried,East,0,17413.17,0,0,0,22.42,Low,0.0213
LN104924,2025-06-02,42,66500,6.4,560000,36,13.04,703,51.2,0,572000,97.9,0,Personal,Government,East,2,18879.4,15,0,0,31.15,Moderate,0.083
LN104131,2025-06-02,38,170900,5.0,377000,24,12.01,710,52.2,1,346000,109.0,1,Auto,Self-employed,South,0,17748.46,0,0,0,30.75,Moderate,0.0931
LN101986,2025-06-03,45,33200,15.1,880000,60,13.9,818,71.9,1,588000,149.7,2,Auto,Salaried,North,1,20430.47,0,0,0,34.71,Moderate,0.1067
LN104962,2025-06-03,37,90500,9.4,1499000,48,11.96,607,27.6,1,1723000,87.0,1,Business,Self-employed,South,0,39444.99,0,0,0,29.08,Moderate,0.0781
LN102128,2025-06-03,44,71300,8.6,298000,48,9.54,743,17.3,0,212000,140.6,3,Education,Salaried,West,2,7492.39,0,0,0,26.52,Moderate,0.0332
LN103786,2025-06-03,41,87900,8.3,245000,48,13.02,692,45.5,2,231000,106.1,0,Personal,Government,North,1,6575.17,0,0,0,33.74,Moderate,0.1041
LN101588,2025-06-03,31,42600,9.7,452000,48,9.61,752,50.8,0,542000,83.4,3,Auto,Self-employed,North,0,11379.42,0,0,0,23.69,Low,0.03
LN104271,2025-06-03,33,120100,2.6,1066000,36,9.02,690,33.7,0,1558000,68.4,2,Personal,Salaried,North,1,33908.44,0,0,0,23.72,Low,0.0282
LN101587,2025-06-04,35,57400,9.5,330000,60,9.98,701,37.7,0,582000,56.7,2,Home,Self-employed,East,2,7008.28,15,0,0,24.43,Low,0.0281
LN101155,2025-06-04,47,80600,4.7,731000,84,13.82,710,24.2,1,1248000,58.6,2,Business,Contract,Central,0,13626.36,0,0,0,20.11,Low,0.0193
LN101016,2025-06-04,32,185000,5.7,265000,84,9.73,605,28.5,0,219000,121.0,2,Education,Salaried,South,2,4393.75,10,0,0,34.1,Moderate,0.129
LN104892,2025-06-04,33,54600,6.8,989000,12,17.27,757,43.1,1,983000,100.6,1,Auto,Salaried,East,0,90328.27,5,0,0,25.6,Moderate,0.0304
LN101052,2025-06-05,42,54600,2.0,538000,48,14.01,699,24.1,0,750000,71.7,1,Personal,Contract,South,6,14704.34,0,0,0,29.98,Moderate,0.0662
LN102448,2025-06-05,31,117700,4.4,242000,84,10.58,773,41.8,0,291000,83.2,3,Education,Self-employed,North,4,4099.88,0,0,0,27.42,Moderate,0.039
LN100394,2025-06-05,49,33000,6.9,442000,84,11.04,649,38.7,1,785000,56.3,2,Personal,Salaried,South,0,7577.42,20,0,0,26.01,Moderate,0.0386
LN104022,2025-06-05,21,39500,15.4,875000,36,13.21,731,34.2,0,934000,93.7,3,Personal,Government,West,0,29570.79,5,0,0,22.51,Low,0.0209
LN103396,2025-06-06,43,101300,5.1,225000,36,13.59,621,38.4,0,168000,133.9,2,Business,Salaried,North,2,7645.24,10,0,0,36.53,Moderate,0.2006
LN100845,2025-06-06,42,50000,11.3,415000,36,14.32,696,26.9,0,474000,87.6,1,Personal,Self-employed,South,1,14248.3,0,0,0,23.96,Low,0.0323
LN102285,2025-06-06,42,39100,5.8,287000,72,10.01,608,38.8,0,214000,134.1,2,Business,Self-employed,Central,3,5318.36,0,0,0,38.98,Moderate,0.3004
LN100392,2025-06-07,26,68300,15.2,198000,72,8.66,725,24.7,1,315000,62.9,1,Home,Salaried,North,1,3535.74,10,0,0,21.51,Low,0.012
LN101779,2025-06-07,32,60100,2.4,113000,36,7.44,746,26.3,0,167000,67.7,0,Personal,Salaried,West,1,3511.89,5,0,0,19.2,Low,0.0125
LN102393,2025-06-07,32,55100,11.0,56000,60,14.02,823,34.9,0,49000,114.3,0,Personal,Salaried,South,1,1602.49,5,0,0,21.51,Low,0.0159
LN103617,2025-06-07,35,92100,19.3,302000,72,10.78,637,60.6,0,280000,107.9,2,Business,Salaried,South,2,5714.32,10,0,0,37.52,Moderate,0.1906
LN103448,2025-06-07,35,44600,9.3,448000,60,12.51,739,23.2,0,803000,55.8,1,Auto,Self-employed,South,1,10081.36,0,0,0,17.76,Low,0.0097
LN103021,2025-06-07,34,49600,3.7,194000,72,9.35,636,35.4,2,300000,64.7,5,Personal,Self-employed,Central,1,3530.75,0,0,0,30.55,Moderate,0.083
LN104303,2025-06-07,44,27800,8.0,354000,72,10.83,691,14.5,1,378000,93.7,0,Auto,Self-employed,South,0,6707.28,0,0,0,22.69,Low,0.0235
LN103834,2025-06-08,29,91200,6.1,938000,72,9.59,718,27.6,0,1148000,81.7,1,Education,Government,South,1,17183.93,5,0,0,22.34,Low,0.0186
LN101498,2025-06-08,47,63000,5.7,2048000,60,12.0,617,40.6,0,3404000,60.2,1,Business,Salaried,South,1,45556.63,0,0,0,28.14,Moderate,0.0584
LN101279,2025-06-08,35,66800,6.2,120000,36,6.82,697,38.0,1,103000,116.5,2,Home,Government,Central,3,3695.38,0,0,0,34.35,Moderate,0.0992
LN103738,2025-06-08,35,132100,6.9,334000,36,13.56,748,14.5,0,382000,87.4,1,Home,Salaried,East,0,11344.08,0,0,0,17.04,Low,0.0081
LN102563,2025-06-08,40,98800,12.8,123000,60,11.05,794,38.9,0,193000,63.7,1,Business,Government,Central,0,3202.77,0,0,0,17.11,Low,0.0079
LN100435,2025-06-08,39,48400,7.6,674000,60,12.69,544,13.6,0,1101000,61.2,2,Business,Salaried,Central,1,15228.83,0,0,0,26.71,Moderate,0.0471
LN101178,2025-06-08,29,139500,5.4,464000,48,12.68,616,38.1,1,644000,72.0,1,Personal,Salaried,West,1,12374.39,10,0,0,30.87,Moderate,0.0815
LN100844,2025-06-09,39,91900,9.8,1223000,12,10.85,673,35.7,0,2101000,58.2,2,Personal,Salaried,West,0,108005.22,0,0,0,22.33,Low,0.0225
LN101905,2025-06-09,42,74600,8.8,1067000,60,10.97,781,29.0,0,1348000,79.2,0,Education,Self-employed,Central,0,23183.2,0,0,0,17.37,Low,0.01
LN100819,2025-06-09,48,57200,8.1,1396000,24,12.26,759,32.5,1,1444000,96.7,1,Education,Contract,South,0,65884.2,0,0,0,22.99,Low,0.0268
LN101100,2025-06-09,47,49000,8.4,1133000,72,11.69,712,26.9,0,1663000,68.1,3,Business,Contract,East,0,21968.14,0,0,0,19.5,Low,0.0191
LN103044,2025-06-09,44,102700,14.4,1143000,36,10.69,618,17.2,0,780000,146.5,2,Auto,Salaried,North,3,37252.78,0,0,0,35.37,Moderate,0.1271
LN102663,2025-06-10,29,89300,12.2,849000,84,10.69,715,45.8,1,1429000,59.4,1,Auto,Government,East,0,14398.93,0,0,0,24.25,Low,0.0225
LN103924,2025-06-10,36,38000,11.5,728000,12,12.46,636,59.0,0,1030000,70.7,0,Home,Salaried,South,2,64838.68,0,0,0,33.53,Moderate,0.1048
LN102598,2025-06-10,49,104800,8.2,909000,72,9.33,658,64.3,0,624000,145.7,1,Auto,Salaried,West,2,16534.49,5,0,0,40.93,Moderate,0.3143
LN104562,2025-06-11,30,85500,5.7,423000,84,8.12,719,5.0,0,306000,138.2,3,Home,Government,West,1,6618.29,20,0,0,23.42,Low,0.0231
LN103879,2025-06-11,36,47600,14.2,340000,48,9.3,769,20.7,1,529000,64.3,2,Personal,Salaried,South,0,8509.43,0,0,0,16.86,Low,0.0066
LN100627,2025-06-11,37,102700,3.5,416000,84,11.86,734,47.7,0,660000,63.0,3,Auto,Self-employed,North,1,7312.43,0,0,0,23.65,Low,0.0293
LN103840,2025-06-11,32,46300,14.5,275000,72,7.22,775,5.7,0,340000,80.9,0,Home,Government,South,2,4717.58,0,0,0,16.53,Low,0.0052
LN100341,2025-06-12,40,79800,6.8,187000,72,11.88,744,20.5,0,308000,60.7,0,Personal,Self-employed,South,0,3644.23,0,0,0,15.78,Low,0.009
LN104619,2025-06-12,37,47600,4.2,335000,48,8.24,760,49.3,1,552000,60.7,2,Business,Contract,South,3,8216.12,0,0,0,27.69,Moderate,0.049
LN103483,2025-06-13,37,34400,4.2,3029000,24,11.48,689,31.6,1,3039000,99.7,3,Auto,Government,West,1,141851.11,0,0,0,28.48,Moderate,0.0482
LN103045,2025-06-13,21,94900,6.4,215000,60,9.24,690,42.3,1,348000,61.8,2,Home,Salaried,East,0,4488.13,10,0,0,25.11,Moderate,0.0289
LN104500,2025-06-13,29,57200,7.0,338000,24,8.43,719,39.6,1,454000,74.4,0,Home,Salaried,South,1,15353.2,10,0,0,25.96,Moderate,0.0293
LN100449,2025-06-13,28,33100,6.5,334000,72,11.8,723,50.9,0,224000,149.1,1,Personal,Salaried,South,1,6495.08,0,0,0,33.48,Moderate,0.1333
LN103279,2025-06-13,43,112100,9.3,180000,24,11.41,696,41.3,0,240000,75.0,0,Personal,Contract,West,0,8423.72,30,0,0,23.91,Low,0.0413
LN101673,2025-06-13,30,69000,5.5,199000,48,12.43,630,25.2,1,284000,70.1,5,Business,Salaried,West,2,5282.55,0,0,0,29.03,Moderate,0.0527
LN103234,2025-06-14,26,107900,3.4,206000,72,10.46,768,32.7,1,227000,90.7,2,Business,Salaried,North,2,3864.28,0,0,0,25.28,Moderate,0.0265
LN104091,2025-06-14,51,55000,14.2,541000,48,11.7,681,20.7,0,404000,133.9,0,Personal,Salaried,South,2,14167.05,0,0,0,29.81,Moderate,0.0619
LN100515,2025-06-14,45,31400,9.3,582000,72,13.39,699,43.4,1,939000,62.0,3,Business,Salaried,North,2,11803.27,0,0,0,28.21,Moderate,0.0413
LN102549,2025-06-15,57,145600,5.2,578000,36,9.3,641,34.8,0,712000,81.2,2,Personal,Salaried,West,2,18461.05,0,0,0,29.48,Moderate,0.0667
LN102748,2025-06-15,41,92300,8.3,209000,60,12.94,750,52.4,0,242000,86.4,2,Auto,Salaried,North,1,4748.98,20,0,0,26.08,Moderate,0.0334
LN104516,2025-06-15,34,157800,20.3,185000,60,13.58,761,55.3,1,152000,121.7,2,Auto,Salaried,North,1,7271.95,0,0,0,31.61,Moderate,0.0619
LN101346,2025-06-15,21,52800,9.6,367000,72,7.48,750,44.0,0,301000,121.9,1,Business,Salaried,North,0,6341.92,240,1,1,26.28,Moderate,0.0423
LN103889,2025-06-16,46,57300,7.4,432000,84,6.8,842,12.6,0,739000,58.5,1,Personal,Salaried,East,3,6477.88,0,0,0,13.79,Low,0.0034
LN101140,2025-06-16,35,51500,18.6,467000,72,13.49,799,20.2,0,579000,80.7,1,Home,Contract,Central,4,9495.81,0,0,0,21.48,Low,0.0127
LN104809,2025-06-16,34,58900,12.0,595000,36,13.05,695,44.2,1,483000,123.2,1,Personal,Contract,North,1,20062.23,5,0,0,33.03,Moderate,0.1388
LN100352,2025-06-17,46,70400,5.9,890000,36,9.35,798,34.1,0,852000,104.5,1,Home,Government,South,1,28446.96,0,0,0,21.69,Low,0.0159
LN103703,2025-06-17,30,88300,2.1,207000,36,11.79,677,30.0,0,164000,126.2,1,Personal,Self-employed,West,2,6854.62,0,0,0,31.11,Moderate,0.1101
LN103089,2025-06-17,39,50600,27.9,530000,48,9.38,781,41.1,0,572000,92.7,3,Auto,Salaried,West,1,13284.91,0,0,0,22.81,Low,0.014
LN102704,2025-06-17,40,45100,4.0,422000,84,10.35,638,41.1,0,344000,122.7,1,Business,Self-employed,North,1,7082.25,45,1,0,33.38,Moderate,0.1676
LN104748,2025-06-18,30,46900,6.2,338000,60,14.85,658,37.7,0,262000,129.0,2,Education,Self-employed,West,0,8014.41,20,0,0,30.6,Moderate,0.107
LN102763,2025-06-18,32,87000,3.3,1074000,60,12.51,719,20.9,1,1655000,64.9,1,Personal,Contract,West,1,24168.25,0,0,0,21.27,Low,0.0219
LN103764,2025-06-18,40,63000,9.0,222000,72,11.01,597,57.2,0,322000,68.9,3,Personal,Government,South,2,4226.7,20,0,0,35.06,Moderate,0.1554
LN104968,2025-06-18,35,67000,4.4,695000,60,6.5,681,26.5,0,706000,98.4,4,Home,Salaried,South,1,13598.47,0,0,0,25.75,Moderate,0.0353
LN102824,2025-06-18,38,103200,9.9,426000,72,12.34,714,55.0,0,458000,93.0,1,Education,Salaried,North,2,8403.89,10,0,0,30.83,Moderate,0.0666
LN101081,2025-06-18,35,75800,0.5,335000,60,12.71,747,24.8,0,514000,65.2,5,Home,Salaried,North,0,7572.64,0,0,0,16.93,Low,0.0086
LN102222,2025-06-19,45,58900,6.3,699000,60,6.5,611,26.3,0,1158000,60.4,5,Education,Salaried,West,1,13676.74,10,0,0,25.62,Moderate,0.0347
LN100608,2025-06-19,22,100100,10.0,441000,36,10.83,690,26.5,1,721000,61.2,0,Business,Government,Central,1,14402.3,0,0,0,23.56,Low,0.0208
LN103517,2025-06-19,42,120600,4.4,331000,24,8.85,660,24.4,0,475000,69.7,1,Home,Contract,North,2,15098.88,0,0,0,25.24,Moderate,0.0408
LN100874,2025-06-19,38,119600,10.5,135000,72,11.86,765,46.9,0,231000,58.4,0,Home,Salaried,West,0,4674.37,5,0,0,19.72,Low,0.0118
LN101901,2025-06-19,35,66700,4.3,809000,72,11.32,687,22.8,1,1056000,76.6,2,Auto,Salaried,North,0,15531.49,0,0,0,22.85,Low,0.0205
LN102737,2025-06-19,41,83400,31.3,869000,60,9.22,764,56.4,1,639000,136.0,0,Auto,Salaried,Central,0,18131.94,30,0,0,31.43,Moderate,0.0575
LN100697,2025-06-19,27,45500,7.8,175000,84,10.65,729,43.1,1,287000,61.0,1,Personal,Contract,South,1,2964.32,0,0,0,24.79,Low,0.037
LN104431,2025-06-20,21,43600,6.1,303000,84,10.86,730,19.4,0,239000,126.8,0,Home,Salaried,South,1,5165.82,0,0,0,24.58,Low,0.0276
LN103943,2025-06-20,21,76800,10.7,905000,48,13.31,616,54.2,0,658000,137.5,2,Auto,Salaried,North,0,24418.36,0,0,0,36.98,Moderate,0.2212
LN100877,2025-06-21,40,78000,6.6,162000,24,12.29,667,46.7,1,278000,58.3,4,Home,Salaried,East,0,7647.86,0,0,0,26.86,Moderate,0.0394
LN104859,2025-06-21,37,174200,5.5,913000,60,10.91,633,35.9,0,1027000,88.9,4,Education,Self-employed,North,2,19809.88,15,0,0,30.89,Moderate,0.0923
LN103173,2025-06-21,45,44600,10.3,525000,60,16.31,664,36.1,0,635000,82.7,1,Auto,Salaried,Central,2,12853.62,0,0,0,28.67,Moderate,0.0478
LN103299,2025-06-21,48,106700,5.1,177000,36,12.28,596,34.9,0,160000,110.6,1,Personal,Salaried,West,2,5902.63,0,0,0,34.82,Moderate,0.1605
LN103677,2025-06-22,37,80500,9.0,963000,36,9.53,777,50.9,0,1678000,57.4,0,Home,Salaried,East,1,30861.24,0,0,0,21.45,Low,0.0145
LN102080,2025-06-22,38,76600,8.5,506000,60,10.89,719,19.3,0,658000,76.9,1,Personal,Salaried,North,1,10973.93,45,1,0,20.15,Low,0.0138
LN101116,2025-06-22,60,96500,5.4,703000,36,13.85,682,25.9,1,887000,79.3,0,Personal,Government,West,0,23975.69,0,0,0,24.0,Low,0.0277
LN102788,2025-06-22,34,63200,6.3,341000,60,8.36,644,32.6,0,368000,92.7,1,Home,Salaried,North,0,6973.15,0,0,0,26.7,Moderate,0.0459
LN101989,2025-06-22,42,63200,27.4,569000,36,15.7,672,47.9,0,838000,67.9,2,Personal,Contract,South,3,19920.18,5,0,0,30.79,Moderate,0.0736
LN104599,2025-06-22,50,55600,13.3,509000,48,11.21,787,37.5,0,439000,115.9,3,Home,Contract,West,3,13207.34,0,0,0,27.43,Moderate,0.0435
LN102822,2025-06-23,38,51300,5.9,476000,60,9.6,759,38.9,0,668000,71.3,4,Auto,Salaried,West,2,10020.16,20,0,0,23.06,Low,0.0183
LN103657,2025-06-23,21,143400,23.2,365000,60,8.97,681,43.9,0,450000,81.1,2,Personal,Government,South,3,7571.49,0,0,0,30.84,Moderate,0.0567
LN102269,2025-06-23,37,43600,6.8,244000,60,12.46,774,32.8,0,389000,62.7,0,Personal,Contract,Central,1,5484.53,0,0,0,18.52,Low,0.0144
LN102211,2025-06-23,43,54200,6.5,427000,48,10.3,727,34.6,1,562000,76.0,3,Home,Self-employed,West,1,10891.45,0,0,0,24.7,Low,0.0294
LN102334,2025-06-24,46,73000,11.9,412000,72,7.34,672,28.8,1,651000,63.3,1,Business,Salaried,North,1,7091.65,0,0,0,25.18,Moderate,0.0271
LN100466,2025-06-24,44,74800,7.0,238000,60,11.96,723,49.9,1,169000,140.8,1,Home,Salaried,West,0,5289.37,0,0,0,32.78,Moderate,0.103
LN101210,2025-06-25,27,104200,4.3,654000,24,6.5,813,38.2,0,1036000,63.1,0,Home,Salaried,Central,1,29133.25,0,0,0,17.58,Low,0.0078
LN101572,2025-06-25,41,181800,4.5,169000,12,15.44,737,44.4,2,216000,78.2,0,Home,Contract,East,3,15288.77,0,0,0,31.68,Moderate,0.0761
LN104651,2025-06-25,44,90000,7.4,385000,36,13.65,639,25.2,0,691000,55.7,0,Personal,Salaried,North,1,13093.04,0,0,0,23.45,Low,0.0259
LN103621,2025-06-26,41,90600,4.2,1101000,60,14.2,743,52.2,1,891000,123.6,0,Personal,Salaried,Central,0,25732.65,0,0,0,30.46,Moderate,0.0808
LN100406,2025-06-26,28,31200,5.7,433000,60,10.98,748,24.0,0,442000,98.0,3,Personal,Self-employed,West,0,9410.15,5,0,0,20.0,Low,0.0192
LN103768,2025-06-26,44,66700,1.8,789000,72,7.39,786,59.9,0,1409000,56.0,1,Business,Salaried,Central,0,13599.91,0,0,0,20.97,Low,0.0181
LN101940,2025-06-26,41,52900,16.0,807000,60,7.25,713,28.5,1,1000000,80.7,3,Auto,Salaried,South,0,16074.92,0,0,0,23.02,Low,0.0175
LN101131,2025-06-26,42,50000,3.8,420000,60,11.68,781,44.3,0,652000,64.4,1,Education,Self-employed,North,0,9274.89,0,0,0,18.95,Low,0.0141
LN102503,2025-06-26,32,68200,4.6,314000,36,10.77,699,5.0,0,529000,59.4,1,Auto,Salaried,East,0,10245.79,0,0,0,14.93,Low,0.0059
LN102040,2025-06-27,32,93900,4.9,575000,72,9.62,624,69.6,0,486000,118.3,2,Home,Government,Central,1,10542.5,0,0,0,39.38,Moderate,0.2936
LN101611,2025-06-27,24,103200,5.0,828000,48,8.92,693,52.2,0,1100000,75.3,1,Home,Salaried,South,1,20573.38,5,0,0,27.95,Moderate,0.0496
LN100124,2025-06-27,43,90500,4.4,317000,60,12.31,724,19.6,0,323000,98.1,1,Auto,Salaried,North,1,7101.25,0,0,0,22.07,Low,0.0183
LN101497,2025-06-27,49,114600,2.9,189000,48,15.68,644,5.0,0,289000,65.4,3,Home,Salaried,East,0,5325.39,0,0,0,18.45,Low,0.0116
LN101765,2025-06-28,30,79300,3.1,616000,72,13.8,753,53.6,2,640000,96.2,1,Home,Salaried,West,0,12627.26,0,0,0,29.48,Moderate,0.0532
LN104868,2025-06-28,39,78000,13.9,477000,12,8.04,782,31.9,0,773000,61.7,0,Home,Salaried,Central,1,41502.3,0,0,0,17.82,Low,0.0072
LN100536,2025-06-28,30,39200,7.1,197000,36,8.98,770,22.5,1,246000,80.1,2,Personal,Salaried,East,1,6262.71,0,0,0,20.41,Low,0.0123
LN103931,2025-06-28,52,70800,10.7,122000,36,12.93,701,56.1,0,174000,70.1,2,Home,Salaried,South,0,4106.55,0,0,0,26.12,Moderate,0.0371
LN100691,2025-06-28,48,28100,4.5,567000,60,8.39,749,53.2,0,502000,112.9,1,Business,Salaried,East,0,11602.84,0,0,0,27.28,Moderate,0.0535
LN101825,2025-06-29,42,48800,25.7,1128000,24,13.0,671,37.0,0,1960000,57.6,0,Education,Salaried,East,0,53627.18,45,1,0,22.64,Low,0.0167
LN103179,2025-06-29,43,57600,7.4,214000,36,13.67,699,44.9,1,164000,130.5,3,Auto,Government,East,3,7279.76,5,0,0,37.02,Moderate,0.148
LN103626,2025-06-29,30,55200,4.6,189000,48,12.64,674,64.3,0,133000,142.1,0,Auto,Salaried,East,1,5036.69,0,0,0,38.05,Moderate,0.244
LN102485,2025-06-30,46,48100,16.5,750000,72,12.59,607,38.5,0,1020000,73.5,3,Personal,Self-employed,South,1,14893.77,10,0,0,29.58,Moderate,0.0804
LN100062,2025-06-30,28,55300,6.7,177000,36,7.7,657,5.0,0,130000,136.2,1,Home,Salaried,Central,2,5522.07,0,0,0,28.17,Moderate,0.0477
LN103627,2025-06-30,45,103100,5.4,243000,36,14.85,600,25.8,0,305000,79.7,2,Auto,Salaried,West,0,8405.84,10,0,0,26.37,Moderate,0.0451
LN104641,2025-06-30,39,77800,2.1,189000,24,8.91,808,63.1,0,226000,83.6,2,Education,Salaried,South,1,8626.61,15,0,0,24.87,Low,0.0285
LN100722,2025-06-30,26,45000,8.2,756000,60,13.71,662,18.7,1,1058000,71.5,3,Auto,Salaried,North,1,17477.34,0,0,0,24.51,Low,0.0234
LN104713,2025-06-30,41,55500,7.7,237000,60,13.3,726,39.1,1,298000,79.5,0,Personal,Salaried,West,2,5428.94,15,0,0,27.67,Moderate,0.0389
LN103451,2025-07-01,27,80800,18.7,134000,60,9.69,656,21.1,2,225000,59.6,0,Auto,Government,West,1,2826.71,0,0,0,26.12,Moderate,0.0228
LN102122,2025-07-01,38,51700,7.0,322000,72,14.72,653,53.1,0,348000,92.5,1,Business,Salaried,North,0,6759.83,0,0,0,30.3,Moderate,0.0894
LN104443,2025-07-01,44,67500,19.1,1225000,60,13.15,713,22.9,1,1452000,84.4,1,Personal,Salaried,East,0,27966.67,5,0,0,22.27,Low,0.0165
LN102626,2025-07-01,51,110300,13.2,143000,48,13.43,779,18.5,0,226000,63.3,3,Personal,Self-employed,East,0,3866.92,0,0,0,13.79,Low,0.0056
LN101056,2025-07-01,38,67400,5.0,1445000,36,9.73,722,20.8,0,2078000,69.5,3,Home,Salaried,Central,1,46443.13,10,0,0,19.55,Low,0.0116
LN101797,2025-07-02,31,138300,15.1,426000,60,11.03,582,26.5,0,496000,85.9,5,Personal,Self-employed,West,1,9268.65,0,0,0,29.74,Moderate,0.0861
LN104879,2025-07-02,47,147900,8.2,154000,72,12.81,800,19.0,1,234000,65.8,2,Personal,Self-employed,North,3,3075.99,0,0,0,20.03,Low,0.0109
LN103595,2025-07-02,48,59100,8.7,393000,84,14.1,697,34.7,1,598000,65.7,1,Personal,Salaried,West,1,7386.55,0,0,0,25.28,Moderate,0.0289
LN100901,2025-07-02,34,19400,17.8,1077000,84,12.28,784,30.9,0,1130000,95.3,4,Auto,Salaried,West,2,19173.64,5,0,0,22.54,Low,0.0139
LN102252,2025-07-02,25,107900,5.3,596000,72,9.34,729,42.9,0,667000,89.4,1,Home,Contract,Central,0,10844.07,20,0,0,23.93,Low,0.0385
LN101495,2025-07-02,56,78100,5.1,217000,24,9.53,725,17.8,1,309000,70.2,0,Auto,Contract,South,2,9966.44,30,0,0,22.53,Low,0.021
LN100058,2025-07-02,41,60800,11.1,493000,60,15.34,709,23.4,0,560000,88.0,4,Business,Salaried,West,5,11816.6,10,0,0,29.28,Moderate,0.0406
LN101888,2025-07-03,34,48000,5.3,359000,48,13.25,765,54.0,1,286000,125.5,2,Education,Self-employed,North,1,9675.68,0,0,0,31.52,Moderate,0.0919
LN101228,2025-07-03,47,96800,8.6,566000,36,9.64,690,5.0,0,508000,111.4,3,Personal,Salaried,East,0,18167.71,0,0,0,20.61,Low,0.0173
LN102480,2025-07-03,33,58300,5.4,869000,60,18.76,788,50.3,2,1191000,73.0,0,Business,Self-employed,East,1,22427.74,20,0,0,26.31,Moderate,0.0357
LN103271,2025-07-03,30,108000,4.9,845000,60,10.46,594,34.4,0,1302000,64.9,6,Home,Self-employed,South,1,18145.61,0,0,0,28.59,Moderate,0.0723
LN100787,2025-07-03,42,165100,5.2,810000,48,8.12,657,5.0,0,649000,124.8,0,Auto,Salaried,Central,0,19820.12,0,0,0,23.7,Low,0.0283
LN103613,2025-07-04,42,60000,2.8,566000,24,7.2,640,28.4,1,757000,74.8,2,Business,Salaried,East,0,25392.63,0,0,0,26.28,Moderate,0.0426
LN102307,2025-07-04,36,129500,14.8,187000,60,13.68,820,42.8,0,213000,87.8,2,Personal,Government,West,2,4618.83,0,0,0,22.26,Low,0.0152
LN100146,2025-07-04,27,61200,7.3,235000,60,7.88,655,21.2,0,410000,57.3,2,Auto,Salaried,South,1,4751.47,0,0,0,21.96,Low,0.0177
LN102864,2025-07-04,42,52200,11.7,315000,36,10.24,743,64.7,2,212000,148.6,2,Auto,Salaried,North,1,10199.69,30,0,0,39.13,Moderate,0.1984
LN101303,2025-07-04,31,111700,5.6,193000,72,14.3,627,22.5,0,151000,127.8,2,Auto,Salaried,South,2,4007.98,0,0,0,32.42,Moderate,0.0983
LN104089,2025-07-04,35,49300,6.2,443000,72,9.63,656,33.1,0,449000,98.7,2,Auto,Government,Central,1,8124.53,0,0,0,28.43,Moderate,0.0548
LN104476,2025-07-05,34,74100,7.2,904000,36,11.76,707,37.4,0,860000,105.1,2,Business,Salaried,North,2,29922.22,0,0,0,28.89,Moderate,0.0559
LN102052,2025-07-05,32,107600,12.2,1336000,60,13.09,689,48.8,1,1031000,129.6,1,Personal,Government,South,1,30459.69,0,0,0,34.91,Moderate,0.1368
LN102137,2025-07-05,52,48500,12.4,208000,84,13.6,658,47.4,0,167000,124.6,1,Personal,Contract,West,2,3852.11,0,0,0,35.44,Moderate,0.2068
LN103819,2025-07-06,27,73900,4.5,485000,36,13.99,645,34.4,1,638000,76.0,0,Personal,Salaried,East,1,16573.79,0,0,0,29.0,Moderate,0.0598
LN103497,2025-07-06,38,116100,4.7,2067000,36,13.41,699,24.2,1,1437000,143.8,0,Auto,Salaried,West,2,70054.29,0,0,0,32.55,Moderate,0.0851
LN103494,2025-07-06,43,40500,6.1,1158000,48,11.31,662,51.6,0,887000,130.6,0,Auto,Contract,Central,1,30103.75,0,0,0,35.0,Moderate,0.2084
LN102470,2025-07-06,48,102500,7.5,841000,72,13.14,720,58.3,0,1146000,73.4,2,Auto,Government,West,1,16944.53,0,0,0,27.55,Moderate,0.0439
LN102136,2025-07-06,39,47500,5.7,308000,72,7.91,669,34.1,0,461000,66.8,0,Auto,Salaried,East,1,5386.71,0,0,0,24.75,Low,0.029
LN100327,2025-07-06,45,72200,7.6,527000,60,9.52,700,23.1,0,804000,65.5,1,Personal,Salaried,West,0,11073.13,15,0,0,19.11,Low,0.0132
LN100145,2025-07-06,45,69000,7.4,737000,60,12.52,716,40.6,2,560000,131.6,2,Home,Salaried,West,0,16588.48,180,1,1,32.37,Moderate,0.0838
LN104375,2025-07-06,44,39700,18.2,596000,84,10.66,823,53.5,0,561000,106.2,0,Auto,Government,North,0,10098.74,0,0,0,22.75,Low,0.0175
LN103871,2025-07-06,39,67600,9.5,836000,12,17.54,659,36.3,0,937000,89.2,1,Home,Self-employed,West,2,76461.58,0,0,0,29.63,Moderate,0.07
LN101002,2025-07-07,39,41400,10.2,342000,72,10.06,758,19.6,1,237000,144.3,0,Education,Salaried,West,1,6346.19,0,0,0,26.89,Moderate,0.0329
LN102849,2025-07-07,33,55600,8.6,690000,48,11.68,723,40.8,1,988000,69.8,1,Home,Salaried,South,2,18062.12,10,0,0,27.2,Moderate,0.0315
LN102501,2025-07-07,47,68900,11.1,746000,72,10.38,800,34.8,1,1112000,67.1,0,Personal,Salaried,West,1,13963.66,0,0,0,19.98,Low,0.0104
LN100589,2025-07-07,30,136100,16.0,225000,60,10.73,662,33.9,0,148000,152.0,3,Auto,Self-employed,North,0,4861.8,0,0,0,31.73,Moderate,0.1163
LN102832,2025-07-08,52,88500,17.9,730000,60,10.36,638,27.4,1,527000,138.5,2,Education,Government,South,0,15639.97,0,0,0,32.55,Moderate,0.0906
LN104279,2025-07-09,41,56100,10.3,1546000,24,8.74,594,69.6,0,1782000,86.8,2,Personal,Salaried,South,1,70444.33,0,0,0,37.82,Moderate,0.2486
LN104937,2025-07-10,49,98100,1.1,653000,60,14.41,733,35.5,1,730000,89.5,0,Education,Contract,South,4,15333.33,0,0,0,30.91,Moderate,0.0736
LN103565,2025-07-10,38,65600,13.5,1873000,60,9.55,709,5.0,0,2370000,79.0,0,Personal,Self-employed,North,1,39382.27,0,0,0,18.03,Low,0.0111
LN104566,2025-07-10,46,40500,6.4,480000,36,9.11,720,20.0,1,521000,92.1,2,Home,Salaried,West,1,15288.46,0,0,0,23.76,Low,0.0205
LN104467,2025-07-10,42,26600,10.5,276000,60,8.92,714,34.8,0,238000,116.0,2,Home,Salaried,Central,2,5718.6,5,0,0,29.09,Moderate,0.0501
LN104435,2025-07-10,44,32900,9.7,1087000,72,9.8,770,19.7,1,1747000,62.2,1,Auto,Self-employed,Central,2,20028.13,0,0,0,19.73,Low,0.0103
LN102166,2025-07-10,31,161600,3.9,639000,60,10.65,676,48.8,0,503000,127.0,1,Personal,Salaried,North,0,13782.13,0,0,0,31.67,Moderate,0.1177
LN102246,2025-07-10,30,61400,5.3,390000,24,11.34,708,47.2,0,275000,141.8,1,Personal,Contract,South,1,18238.68,5,0,0,32.8,Moderate,0.1659
LN100724,2025-07-11,40,52400,5.6,466000,24,7.53,750,66.9,0,612000,76.1,1,Personal,Self-employed,East,1,20976.17,0,0,0,27.95,Moderate,0.0652
LN101350,2025-07-11,27,246800,9.5,1234000,60,14.2,714,12.2,0,1715000,72.0,1,Education,Salaried,West,1,28841.13,10,0,0,18.51,Low,0.0091
LN102818,2025-07-11,42,52400,11.3,463000,36,11.92,661,48.2,0,415000,111.6,3,Personal,Government,Central,1,15360.54,0,0,0,32.47,Moderate,0.1097
LN103428,2025-07-11,42,27700,16.0,389000,48,10.49,712,5.0,1,422000,92.2,2,Personal,Contract,South,0,9957.84,0,0,0,19.53,Low,0.0153
LN100607,2025-07-11,27,54200,8.9,1338000,60,12.41,739,39.8,0,1498000,89.3,2,Home,Salaried,Central,3,30041.03,0,0,0,27.77,Moderate,0.0358
LN103145,2025-07-12,42,64200,13.3,448000,60,8.51,706,48.1,0,437000,102.5,0,Business,Salaried,Central,1,9193.57,0,0,0,29.16,Moderate,0.0595
LN104132,2025-07-12,48,73100,5.5,531000,60,14.57,624,21.6,0,765000,69.4,0,Home,Salaried,North,2,12512.92,5,0,0,26.56,Moderate,0.0367
LN100328,2025-07-12,44,81700,12.8,809000,72,13.03,685,22.6,2,616000,131.3,0,Personal,Contract,East,2,16252.76,0,0,0,33.72,Moderate,0.1226
LN100154,2025-07-12,41,42800,14.3,1122000,24,13.74,627,34.5,0,809000,138.7,2,Personal,Salaried,East,2,53732.75,0,0,0,35.91,Moderate,0.1665
LN104869,2025-07-12,33,56000,18.0,349000,12,11.61,678,51.6,0,392000,89.0,2,Personal,Salaried,North,0,30944.59,5,0,0,28.33,Moderate,0.0556
LN101945,2025-07-12,35,109300,19.6,695000,24,12.57,625,31.3,0,1098000,63.3,4,Auto,Salaried,North,1,32901.37,0,0,0,26.17,Moderate,0.0311
LN101854,2025-07-13,47,65700,14.5,1490000,60,11.03,705,52.7,0,1390000,107.2,2,Business,Government,West,1,32418.51,0,0,0,30.6,Moderate,0.0742
LN102735,2025-07-13,33,29100,6.5,176000,84,9.93,746,28.4,0,139000,126.6,0,Home,Self-employed,East,1,2915.45,0,0,0,25.51,Moderate,0.0394
LN104176,2025-07-13,38,118900,8.0,455000,48,8.46,733,39.6,0,344000,132.3,3,Home,Salaried,West,4,11206.39,45,1,0,34.01,Moderate,0.0934
LN103670,2025-07-13,47,111300,8.4,844000,36,11.42,715,53.5,1,710000,118.9,2,Auto,Salaried,North,2,27799.65,0,0,0,35.07,Moderate,0.1178
LN104760,2025-07-14,27,32900,4.9,407000,36,16.2,743,32.8,0,332000,122.6,1,Personal,Salaried,East,2,14349.13,5,0,0,27.82,Moderate,0.0484
LN102533,2025-07-14,30,52600,5.5,1198000,48,10.1,691,51.1,1,1619000,74.0,1,Education,Salaried,North,1,30441.94,0,0,0,29.7,Moderate,0.0572
LN100868,2025-07-14,44,47500,5.1,521000,24,12.46,735,32.9,1,649000,80.3,1,Home,Salaried,North,0,24637.35,0,0,0,22.7,Low,0.0191
LN102101,2025-07-14,30,61100,9.5,299000,72,12.69,634,43.1,0,202000,148.0,2,Personal,Salaried,West,1,5953.35,0,0,0,36.52,Moderate,0.2108
LN102207,2025-07-15,41,132900,3.3,325000,48,10.46,631,43.4,2,563000,57.7,2,Business,Contract,Central,3,8314.82,0,0,0,35.04,Moderate,0.1516
LN100197,2025-07-15,39,55300,28.4,547000,48,11.37,728,5.0,0,506000,108.1,1,Education,Contract,Central,3,14235.99,5,0,0,23.27,Low,0.0179
LN102473,2025-07-15,26,119800,11.2,901000,36,12.38,772,36.1,0,722000,124.8,3,Business,Self-employed,West,0,30089.88,0,0,0,23.83,Low,0.0333
LN103175,2025-07-15,31,111300,7.0,488000,72,12.89,715,22.5,0,582000,83.8,3,Auto,Government,East,3,9767.85,0,0,0,25.03,Moderate,0.0235
LN104546,2025-07-15,37,89700,13.8,457000,48,13.36,704,56.4,0,316000,144.6,3,Auto,Self-employed,West,1,12341.98,0,0,0,35.14,Moderate,0.1708
LN100636,2025-07-15,45,176800,6.2,861000,84,10.09,790,23.4,0,997000,86.4,0,Personal,Salaried,South,2,14333.69,5,0,0,19.83,Low,0.0116
LN104994,2025-07-15,32,115300,4.9,1070000,72,12.33,654,25.8,0,1535000,69.7,1,Home,Salaried,East,4,21102.78,0,0,0,29.17,Moderate,0.0454
LN100287,2025-07-16,43,125100,1.8,444000,48,13.73,773,19.6,0,290000,153.1,2,Personal,Salaried,South,1,12072.91,10,0,0,24.66,Low,0.0347
LN102492,2025-07-16,34,48700,8.1,316000,72,13.26,713,44.3,1,540000,58.5,1,Home,Contract,North,1,6386.86,0,0,0,25.63,Moderate,0.0381
LN100847,2025-07-16,60,40300,5.3,1256000,24,11.67,734,38.3,0,870000,144.4,1,Personal,Salaried,South,1,58930.91,0,0,0,29.91,Moderate,0.0766
LN102879,2025-07-17,36,78700,8.1,1078000,60,13.13,702,31.4,0,1191000,90.5,5,Home,Salaried,South,2,24599.61,0,0,0,26.5,Moderate,0.0335
LN102588,2025-07-17,31,78600,16.9,617000,48,9.71,689,38.2,0,1088000,56.7,1,Auto,Self-employed,East,2,15562.92,0,0,0,25.17,Moderate,0.0289
LN103140,2025-07-18,46,48000,5.2,458000,24,12.12,759,54.9,0,748000,61.2,2,Personal,Government,Central,2,21585.33,0,0,0,25.25,Moderate,0.03
LN103874,2025-07-18,31,81200,16.7,254000,48,9.8,714,23.9,0,287000,88.5,0,Business,Contract,South,0,6417.73,0,0,0,20.83,Low,0.0214
LN101978,2025-07-18,31,137500,15.7,835000,72,7.7,808,22.9,0,1027000,81.3,1,Auto,Government,West,0,14518.25,5,0,0,14.93,Low,0.0047
LN101136,2025-07-18,49,109700,14.1,361000,60,9.87,776,32.9,0,514000,70.2,6,Personal,Salaried,West,1,7647.11,10,0,0,19.18,Low,0.0103
LN100966,2025-07-19,32,97800,9.6,836000,48,10.28,729,19.2,2,788000,106.1,3,Home,Government,Central,2,21315.71,0,0,0,28.19,Moderate,0.0322
LN102455,2025-07-19,51,39300,8.7,608000,48,13.96,676,45.6,0,815000,74.6,5,Auto,Salaried,East,1,16602.3,0,0,0,27.46,Moderate,0.0439
LN101551,2025-07-19,36,113300,4.0,312000,12,13.96,753,35.4,0,412000,75.7,0,Business,Salaried,North,1,28007.71,0,0,0,21.45,Low,0.0177
LN100794,2025-07-19,28,56700,9.8,767000,36,9.74,680,62.0,0,1025000,74.8,0,Personal,Self-employed,North,3,24655.41,0,0,0,33.88,Moderate,0.1346
LN101734,2025-07-19,45,87300,5.5,896000,60,14.29,724,20.6,0,1327000,67.5,1,Personal,Contract,North,1,20983.31,15,0,0,19.21,Low,0.0172
LN101412,2025-07-20,42,27300,10.8,411000,48,9.54,677,10.6,0,419000,98.1,1,Personal,Government,North,1,10333.46,0,0,0,22.76,Low,0.0218
LN101445,2025-07-20,32,42200,9.1,225000,60,9.93,651,21.7,0,197000,114.2,1,Personal,Salaried,South,0,4772.84,0,0,0,26.3,Moderate,0.0465
LN104837,2025-07-20,31,113900,9.3,659000,24,12.51,787,23.9,0,1164000,56.6,2,Personal,Salaried,South,4,31178.6,0,0,0,20.44,Low,0.0097
LN104548,2025-07-20,42,48100,5.9,334000,84,10.36,716,71.0,0,306000,109.2,2,Business,Self-employed,East,1,5607.12,0,0,0,33.88,Moderate,0.1669
LN103706,2025-07-20,33,71700,14.3,398000,60,6.5,728,43.2,0,558000,71.3,0,Business,Salaried,Central,4,7787.33,0,0,0,28.9,Moderate,0.0396
LN102308,2025-07-20,43,39300,8.7,395000,72,9.54,709,33.6,0,375000,105.3,0,Auto,Government,South,1,7226.41,0,0,0,26.38,Moderate,0.0363
LN104302,2025-07-21,29,84000,5.5,1732000,24,11.97,763,49.9,0,1342000,129.1,1,Personal,Government,North,0,81506.99,5,0,0,27.5,Moderate,0.0556
LN101117,2025-07-21,37,43500,12.5,1146000,60,13.06,739,35.7,1,1827000,62.7,3,Home,Salaried,Central,1,26110.23,0,0,0,22.95,Low,0.0158
LN102327,2025-07-21,35,79100,7.1,660000,60,10.36,635,9.9,0,481000,137.2,0,Personal,Salaried,South,1,14140.24,45,1,0,28.75,Moderate,0.066
LN102884,2025-07-21,21,69600,8.8,968000,84,11.51,752,32.0,2,996000,97.2,2,Education,Salaried,South,0,16835.23,10,0,0,25.31,Moderate,0.0243
LN103313,2025-07-21,29,43200,18.0,380000,60,12.51,629,32.4,0,617000,61.6,2,Auto,Salaried,East,1,8551.15,0,0,0,26.01,Moderate,0.0309
LN101709,2025-07-21,29,56500,9.4,202000,60,6.98,850,34.7,0,141000,143.3,2,Personal,Salaried,North,0,3997.94,10,0,0,21.27,Low,0.0173
LN101586,2025-07-21,40,129200,7.1,336000,36,11.7,686,28.2,0,370000,90.8,2,Business,Salaried,East,1,11111.93,0,0,0,25.07,Moderate,0.0331
LN103736,2025-07-22,34,71800,10.8,153000,48,8.4,718,20.8,2,225000,68.0,1,Personal,Contract,North,1,3763.97,0,0,0,23.61,Low,0.0253
LN103462,2025-07-22,39,81000,15.9,454000,12,12.84,685,22.2,2,430000,105.6,2,Home,Salaried,West,1,40515.97,0,0,0,29.4,Moderate,0.0415
LN101355,2025-07-22,21,58100,7.5,743000,60,13.31,682,25.0,0,1257000,59.1,4,Business,Self-employed,Central,0,17023.68,5,0,0,19.8,Low,0.0183
LN103683,2025-07-22,49,96900,7.0,233000,84,12.04,660,28.3,0,192000,121.4,1,Personal,Salaried,South,1,4118.07,240,1,1,29.53,Moderate,0.0731
LN103482,2025-07-22,35,162800,7.3,428000,84,10.93,733,27.6,0,401000,106.7,0,Home,Salaried,East,0,7312.66,0,0,0,22.38,Low,0.0206
LN101674,2025-07-22,53,101900,23.0,146000,48,10.63,735,14.4,0,159000,91.8,1,Auto,Self-employed,North,2,3747.27,0,0,0,21.48,Low,0.0138
LN100118,2025-07-22,48,30400,16.3,472000,60,14.7,633,53.5,0,786000,60.1,1,Personal,Self-employed,East,1,11154.66,5,0,0,29.86,Moderate,0.0824
LN101760,2025-07-22,53,96300,12.5,189000,36,13.09,673,26.1,0,160000,118.1,0,Home,Salaried,North,1,6376.35,30,0,0,28.07,Moderate,0.0471
LN102309,2025-07-22,46,40800,6.0,2172000,60,10.72,706,5.0,0,1972000,110.1,1,Home,Self-employed,East,1,46921.81,0,0,0,21.3,Low,0.0198
LN103194,2025-07-23,24,68400,11.6,2073000,60,9.69,746,22.4,0,2500000,82.9,1,Personal,Contract,South,1,43729.59,5,0,0,19.94,Low,0.0177
LN101683,2025-07-23,41,63400,18.5,306000,48,12.22,748,49.0,1,442000,69.2,0,Business,Salaried,Central,2,8091.25,0,0,0,27.45,Moderate,0.0309
LN102670,2025-07-23,32,93200,6.9,242000,84,13.82,754,39.2,1,392000,61.7,2,Business,Contract,South,2,4511.05,0,0,0,24.43,Low,0.0304
LN104656,2025-07-23,35,87000,12.3,299000,84,17.84,636,37.2,1,370000,80.8,2,Home,Contract,North,0,6256.32,0,0,0,28.85,Moderate,0.0726
LN100097,2025-07-23,40,37900,14.8,189000,84,9.02,805,24.4,1,281000,67.3,0,Education,Salaried,West,0,3042.75,0,0,0,15.99,Low,0.0049
LN102797,2025-07-24,22,55700,8.1,1126000,60,11.98,793,22.0,0,786000,143.3,2,Home,Self-employed,South,0,25035.87,5,0,0,21.75,Low,0.0221
LN100862,2025-07-24,52,55400,3.7,722000,48,9.65,699,34.8,0,968000,74.6,5,Business,Salaried,East,0,18190.67,10,0,0,22.41,Low,0.0243
LN102245,2025-07-24,39,48100,9.8,342000,48,13.89,757,41.2,1,492000,69.5,3,Education,Salaried,East,1,9326.79,15,0,0,23.78,Low,0.0188
LN104909,2025-07-24,31,128100,6.5,217000,24,10.34,592,37.5,0,305000,71.1,1,Home,Salaried,East,2,10047.54,5,0,0,31.6,Moderate,0.0851
LN104626,2025-07-24,32,71000,3.2,458000,24,13.39,671,42.1,0,454000,100.9,1,Personal,Salaried,East,0,21858.15,0,0,0,27.99,Moderate,0.0655
LN102855,2025-07-25,33,43100,15.4,514000,60,11.27,640,14.1,0,336000,153.0,1,Business,Salaried,East,1,11244.94,75,1,0,30.6,Moderate,0.0821
LN103375,2025-07-25,29,58900,12.8,145000,36,9.47,608,20.5,2,187000,77.5,1,Personal,Salaried,North,0,4642.74,0,0,0,28.66,Moderate,0.0498
LN103003,2025-07-26,55,91600,7.8,1273000,72,10.21,683,23.3,2,1765000,72.1,3,Education,Government,West,1,23718.42,0,0,0,26.38,Moderate,0.0276
LN100465,2025-07-26,36,64300,6.3,499000,24,10.81,643,26.7,1,849000,58.8,1,Auto,Salaried,Central,3,23213.32,0,0,0,29.18,Moderate,0.043
LN103370,2025-07-26,37,54000,18.1,337000,60,10.78,697,26.1,1,298000,113.1,4,Home,Salaried,South,0,7290.28,0,0,0,26.63,Moderate,0.0322
LN104508,2025-07-26,44,53500,6.2,142000,36,12.07,694,50.1,0,249000,57.0,0,Auto,Salaried,Central,1,4721.18,0,0,0,25.65,Moderate,0.0328
LN104690,2025-07-26,37,82000,5.0,616000,12,9.92,623,49.0,2,452000,136.3,0,Auto,Contract,East,2,54133.27,75,1,0,42.78,Moderate,0.4166
LN104783,2025-07-26,29,75900,5.2,249000,60,10.36,581,25.0,0,244000,102.0,2,Business,Self-employed,South,3,5334.73,180,1,1,34.44,Moderate,0.1642
LN100666,2025-07-26,36,90700,13.9,293000,48,12.82,678,5.0,0,280000,104.6,0,Personal,Salaried,West,2,7834.31,0,0,0,23.9,Low,0.0227
LN104532,2025-07-26,43,31300,4.5,193000,60,13.38,728,63.1,0,306000,63.1,0,Personal,Contract,South,0,4428.98,0,0,0,25.39,Moderate,0.055
LN104075,2025-07-26,39,136300,3.9,1232000,48,7.63,655,39.6,0,1745000,70.6,1,Home,Contract,North,0,29863.21,0,0,0,25.3,Moderate,0.0516
LN102264,2025-07-27,44,60600,11.0,528000,60,10.42,702,41.1,0,846000,62.4,0,Auto,Salaried,South,3,11327.87,0,0,0,27.3,Moderate,0.0325
LN103569,2025-07-27,46,28400,2.6,324000,72,11.1,688,34.3,0,415000,78.1,0,Business,Self-employed,West,1,6183.65,10,0,0,24.91,Low,0.0422
LN104953,2025-07-27,47,41000,6.1,297000,36,12.22,630,36.3,2,393000,75.6,3,Auto,Salaried,East,0,9895.89,0,0,0,30.47,Moderate,0.0648
LN101409,2025-07-27,36,70900,4.8,195000,84,8.51,764,56.3,0,283000,68.9,3,Education,Salaried,East,3,3326.39,0,0,0,27.7,Moderate,0.0366
LN103570,2025-07-27,35,46000,20.3,545000,72,11.92,670,5.0,1,382000,142.7,2,Education,Salaried,West,1,10632.2,15,0,0,28.47,Moderate,0.0395
LN103849,2025-07-27,25,89600,11.2,307000,48,11.55,665,29.4,0,317000,96.8,1,Auto,Salaried,Central,1,8016.82,0,0,0,27.02,Moderate,0.0401
LN102414,2025-07-27,47,195000,5.3,459000,48,10.15,679,36.4,1,336000,136.6,1,Home,Government,West,3,11674.52,0,0,0,36.99,Moderate,0.1536
LN104002,2025-07-27,38,82600,12.9,1698000,60,11.94,770,32.9,0,1966000,86.4,1,Personal,Salaried,West,1,37719.61,0,0,0,21.12,Low,0.0148
LN103509,2025-07-27,33,86400,3.3,876000,36,7.86,850,45.2,1,705000,124.3,1,Personal,Government,Central,1,27394.12,0,0,0,25.14,Moderate,0.0282
LN102226,2025-07-27,51,63200,4.8,163000,36,11.58,739,32.5,0,139000,117.3,1,Personal,Contract,West,1,5381.29,0,0,0,25.77,Moderate,0.0535
LN100308,2025-07-28,43,45200,11.4,188000,48,12.54,657,21.7,0,256000,73.4,1,Education,Salaried,Central,1,5000.75,0,0,0,23.56,Low,0.0221
LN102275,2025-07-28,28,46400,4.5,316000,48,10.2,699,33.5,1,444000,71.2,1,Business,Salaried,South,3,8044.96,0,0,0,28.81,Moderate,0.0442
LN104536,2025-07-28,40,44300,5.2,396000,36,14.03,752,31.4,0,674000,58.8,4,Auto,Salaried,East,0,13540.11,0,0,0,17.35,Low,0.0086
LN104081,2025-07-28,32,140500,12.7,921000,36,9.87,631,29.5,0,1070000,86.1,1,Personal,Self-employed,North,0,29661.9,0,0,0,26.1,Moderate,0.0527
LN101867,2025-07-28,48,44100,7.1,82000,48,10.81,746,37.9,0,58000,141.4,2,Auto,Salaried,West,1,2111.77,5,0,0,28.89,Moderate,0.056
LN101771,2025-07-28,53,66100,5.6,252000,60,11.53,634,27.5,1,290000,86.9,0,Education,Salaried,Central,1,5545.93,180,1,1,29.29,Moderate,0.0559
LN104327,2025-07-28,46,108900,5.2,3457000,72,12.71,735,30.0,0,3280000,105.4,2,Auto,Contract,South,2,68868.18,0,0,0,25.96,Moderate,0.0439
LN102987,2025-07-28,39,54900,7.9,449000,84,11.8,650,16.6,0,484000,92.8,1,Personal,Government,South,2,7878.13,0,0,0,26.52,Moderate,0.0393
LN101778,2025-07-28,34,96500,3.1,503000,60,7.46,658,24.0,0,600000,83.8,0,Personal,Salaried,East,2,10069.53,0,0,0,26.68,Moderate,0.0428
LN102354,2025-07-28,49,122000,12.2,1657000,24,17.7,742,24.0,0,1575000,105.2,1,Personal,Contract,East,1,82484.25,0,0,0,22.7,Low,0.0285
LN102647,2025-07-28,25,173400,2.7,390000,60,9.4,843,52.7,1,365000,106.8,0,Auto,Salaried,West,0,8171.68,0,0,0,23.59,Low,0.0216
LN103093,2025-07-29,42,51400,6.6,668000,48,15.19,790,39.3,0,880000,75.9,2,Education,Contract,South,1,18655.34,10,0,0,20.29,Low,0.0173
LN101764,2025-07-29,36,23500,12.2,685000,60,14.55,740,16.0,0,617000,111.0,2,Education,Self-employed,North,0,16134.75,0,0,0,20.12,Low,0.0161
LN102899,2025-07-29,41,51500,10.2,262000,60,10.82,740,19.2,1,325000,80.6,4,Personal,Salaried,North,2,5673.02,0,0,0,23.06,Low,0.017
LN100317,2025-07-29,35,58500,7.1,523000,36,15.07,713,37.0,0,459000,113.9,1,Auto,Salaried,West,0,18147.9,180,1,1,26.04,Moderate,0.0391
LN104777,2025-07-30,49,70400,7.8,474000,60,9.49,693,20.5,0,395000,120.0,1,Home,Salaried,North,2,9952.57,0,0,0,27.75,Moderate,0.0423
LN103159,2025-07-30,41,45100,8.5,134000,48,11.19,688,13.6,1,224000,59.8,1,Business,Salaried,North,0,3475.68,0,0,0,19.28,Low,0.0114
LN102134,2025-07-30,35,53900,6.9,1435000,48,9.82,671,37.1,0,1393000,103.0,0,Business,Salaried,Central,2,36271.39,0,0,0,30.53,Moderate,0.0751
LN103389,2025-07-31,39,35600,5.5,575000,72,13.36,663,33.8,0,858000,67.0,4,Personal,Salaried,South,3,11652.15,5,0,0,28.36,Moderate,0.0486
LN101933,2025-07-31,37,64700,7.2,375000,48,12.33,727,51.2,0,564000,66.5,1,Auto,Salaried,South,0,9936.06,0,0,0,23.4,Low,0.0242
LN100814,2025-07-31,47,20200,7.4,835000,60,13.32,683,49.2,1,924000,90.4,0,Auto,Salaried,North,1,19135.88,0,0,0,31.39,Moderate,0.0743
LN104251,2025-07-31,40,145400,4.2,414000,48,11.55,722,43.5,0,565000,73.3,1,Personal,Contract,North,1,10810.96,5,0,0,24.47,Low,0.0431
LN104234,2025-07-31,24,114400,4.5,608000,72,6.5,786,52.8,0,468000,129.9,2,Home,Salaried,Central,1,10220.44,0,0,0,28.6,Moderate,0.0536
LN101920,2025-08-01,21,73500,17.3,343000,60,10.27,622,46.9,0,337000,101.8,1,Auto,Salaried,West,1,7333.39,0,0,0,33.3,Moderate,0.1057
LN102338,2025-08-01,38,65600,3.9,578000,60,7.99,581,20.9,0,997000,58.0,1,Business,Salaried,East,0,11716.99,0,0,0,24.22,Low,0.0355
LN100437,2025-08-01,26,114700,5.8,1469000,72,12.38,640,33.9,0,2364000,62.1,2,Home,Salaried,West,1,29010.35,0,0,0,25.77,Moderate,0.0351
LN101027,2025-08-01,39,31500,7.2,795000,36,9.49,631,19.0,2,1190000,66.8,1,Auto,Government,Central,1,25462.48,0,0,0,27.74,Moderate,0.0362
LN102186,2025-08-02,25,24100,12.2,1564000,60,7.97,700,41.3,1,1546000,101.2,1,Business,Salaried,West,2,31689.83,15,0,0,31.65,Moderate,0.0714
LN102808,2025-08-02,46,142800,11.3,350000,60,6.71,767,33.8,2,485000,72.2,1,Home,Salaried,West,1,6882.63,5,0,0,24.04,Low,0.0165
LN102389,2025-08-02,47,97000,5.1,1226000,60,10.99,634,5.0,0,1518000,80.8,2,Home,Salaried,East,2,26650.1,0,0,0,23.85,Low,0.0233
LN104187,2025-08-02,32,78400,5.8,307000,60,11.7,758,37.1,0,398000,77.1,2,Auto,Salaried,West,0,6782.6,5,0,0,20.0,Low,0.0135
LN101371,2025-08-03,53,59400,16.8,719000,72,7.85,640,43.2,2,720000,99.9,1,Home,Self-employed,Central,0,12553.8,20,0,0,33.75,Moderate,0.1159
LN100199,2025-08-03,28,101400,8.6,221000,24,14.15,696,41.4,0,263000,84.0,1,Business,Salaried,North,1,10626.51,0,0,0,26.5,Moderate,0.0408
LN100670,2025-08-03,49,215500,11.6,362000,84,10.61,631,41.1,2,490000,73.9,1,Auto,Salaried,North,0,7380.88,0,0,0,31.2,Moderate,0.0675
LN100114,2025-08-03,36,60900,5.1,207000,48,10.69,695,25.2,0,176000,117.6,0,Personal,Salaried,North,1,5318.91,0,0,0,26.67,Moderate,0.0458
LN104737,2025-08-04,38,51200,6.2,505000,72,10.99,705,22.6,0,591000,85.4,3,Auto,Government,South,1,9609.62,0,0,0,22.4,Low,0.019
LN101312,2025-08-04,51,35900,7.1,80000,36,12.14,621,48.5,0,118000,67.8,3,Auto,Salaried,Central,1,2662.5,0,0,0,30.27,Moderate,0.0739
LN101525,2025-08-04,48,74500,24.3,506000,36,11.23,671,5.0,0,825000,61.3,0,Home,Government,South,0,16620.96,0,0,0,16.61,Low,0.006
LN101420,2025-08-04,43,37700,6.1,636000,60,12.18,685,17.5,0,593000,107.3,5,Home,Salaried,North,1,14205.39,0,0,0,24.63,Low,0.0285
LN102402,2025-08-04,33,61700,6.5,824000,48,10.24,715,42.0,0,580000,142.1,0,Education,Salaried,North,1,20993.87,0,0,0,31.42,Moderate,0.0871
LN103292,2025-08-04,49,95700,30.4,142000,36,12.41,655,61.5,0,115000,123.5,2,Business,Salaried,West,2,4904.62,0,0,0,38.31,Moderate,0.1854
LN100890,2025-08-04,45,58300,4.9,468000,84,11.42,648,43.0,1,799000,58.6,3,Home,Salaried,North,2,8117.02,0,0,0,30.49,Moderate,0.0604
LN103795,2025-08-04,35,27200,6.4,731000,24,7.24,717,37.4,0,1075000,68.0,2,Auto,Salaried,West,2,32808.35,0,0,0,24.65,Low,0.0245
LN101547,2025-08-05,41,43900,6.4,490000,72,13.92,613,17.9,1,414000,118.4,1,Business,Self-employed,East,1,10075.83,0,0,0,31.63,Moderate,0.1112
LN101151,2025-08-05,21,42500,7.9,241000,24,13.67,816,42.7,2,414000,58.2,1,Auto,Salaried,West,1,11533.57,10,0,0,21.83,Low,0.0114
LN104821,2025-08-05,36,78600,16.3,1258000,36,14.69,773,20.9,0,1969000,63.9,1,Personal,Salaried,East,1,43418.25,0,0,0,16.31,Low,0.006
LN100892,2025-08-05,48,33200,10.6,128000,24,7.26,794,66.5,0,171000,74.9,3,Auto,Self-employed,Central,3,5745.99,0,0,0,28.75,Moderate,0.0486
LN102906,2025-08-05,34,67700,9.2,687000,24,10.26,667,48.7,2,1146000,59.9,0,Home,Salaried,South,3,31784.07,0,0,0,34.42,Moderate,0.0835
LN102406,2025-08-05,26,54300,22.3,134000,84,12.43,690,31.4,0,100000,134.0,0,Home,Salaried,Central,0,2396.39,0,0,0,28.15,Moderate,0.0459
LN103433,2025-08-06,37,92800,20.6,294000,24,7.52,697,49.6,1,347000,84.7,1,Education,Salaried,South,1,13232.55,0,0,0,30.16,Moderate,0.0498
LN102010,2025-08-06,24,74800,11.4,326000,72,8.85,723,37.2,1,403000,80.9,1,Home,Salaried,South,1,5852.08,0,0,0,25.92,Moderate,0.0273
LN102445,2025-08-06,40,133700,6.1,405000,48,9.42,672,33.1,0,380000,106.6,1,Personal,Government,North,1,10159.41,15,0,0,28.37,Moderate,0.0604
LN100596,2025-08-06,36,79100,9.0,530000,36,11.81,674,41.2,0,930000,57.0,1,Home,Salaried,East,1,17555.53,0,0,0,24.92,Low,0.0283
LN103257,2025-08-06,32,72600,4.1,664000,72,11.96,712,22.5,0,478000,138.9,1,Personal,Self-employed,North,0,12967.52,0,0,0,25.7,Moderate,0.054
LN101143,2025-08-06,39,90200,11.8,1418000,84,15.35,618,52.4,0,1912000,74.2,2,Home,Salaried,West,3,27641.99,5,0,0,35.18,Moderate,0.1237
LN103852,2025-08-06,50,29200,2.2,1602000,12,13.35,721,33.3,2,1950000,82.2,3,Business,Salaried,Central,2,143349.47,0,0,0,29.04,Moderate,0.0453
LN101752,2025-08-06,32,57200,6.1,852000,72,12.12,735,18.7,0,1041000,81.8,1,Auto,Salaried,West,1,16709.98,0,0,0,19.67,Low,0.0116
LN103351,2025-08-06,35,49800,7.0,698000,72,17.06,623,41.4,0,931000,75.0,3,Personal,Salaried,North,1,15551.18,180,1,1,29.46,Moderate,0.0727
LN100467,2025-08-07,45,73300,6.7,267000,48,13.61,731,49.8,0,422000,63.3,1,Auto,Self-employed,North,1,7244.04,0,0,0,24.26,Low,0.0311
LN104858,2025-08-07,39,84900,5.7,454000,24,13.86,673,29.1,1,716000,63.4,1,Auto,Salaried,East,1,21767.83,0,0,0,25.2,Moderate,0.027
LN102870,2025-08-08,32,135300,13.5,1242000,60,12.27,734,35.6,0,1732000,71.7,3,Personal,Salaried,West,1,27797.36,0,0,0,22.1,Low,0.0177
LN101435,2025-08-08,41,55600,17.1,684000,60,13.86,666,55.6,1,700000,97.7,0,Home,Self-employed,West,0,15865.88,0,0,0,32.63,Moderate,0.1089
LN101836,2025-08-08,28,101500,15.9,277000,12,13.38,676,80.1,0,215000,128.8,2,Education,Self-employed,North,1,24790.3,0,0,0,39.78,Moderate,0.3129
LN101532,2025-08-08,41,136200,8.1,862000,84,10.43,805,49.4,0,621000,138.8,1,Personal,Salaried,South,2,14502.47,0,0,0,29.48,Moderate,0.0587
LN102033,2025-08-08,43,40600,22.0,249000,84,11.28,729,24.1,0,240000,103.8,0,Personal,Salaried,South,1,4300.23,0,0,0,23.27,Low,0.0195
LN103818,2025-08-09,34,82000,3.6,303000,72,9.01,802,35.9,0,434000,69.8,1,Auto,Salaried,North,0,5463.24,0,0,0,16.7,Low,0.0076
LN101092,2025-08-09,45,60100,4.1,263000,60,8.9,750,32.9,0,216000,121.8,0,Business,Salaried,South,0,5446.69,10,0,0,24.05,Low,0.0314
LN100753,2025-08-09,47,33900,12.2,493000,84,12.84,667,35.4,0,626000,78.8,0,Personal,Self-employed,East,0,8925.81,30,0,0,24.65,Low,0.0405
LN103870,2025-08-10,25,108000,12.3,250000,60,10.11,669,32.7,0,355000,70.4,0,Business,Salaried,East,0,5325.3,5,0,0,23.16,Low,0.0248
LN100869,2025-08-11,56,54000,6.1,414000,24,9.97,602,64.2,0,399000,103.8,0,Business,Government,Central,3,19098.27,30,1,0,41.35,Moderate,0.3394
LN102902,2025-08-11,33,78300,8.2,357000,60,11.49,605,45.1,2,332000,107.5,0,Business,Salaried,West,1,7849.57,0,0,0,38.41,Moderate,0.2159
LN104380,2025-08-11,39,64900,6.6,390000,60,12.26,682,22.9,0,533000,73.2,0,Auto,Salaried,North,2,8726.66,0,0,0,24.13,Low,0.023
LN102861,2025-08-12,42,69800,19.4,786000,24,14.28,700,51.7,1,1090000,72.1,2,Home,Government,Central,2,37842.18,0,0,0,30.82,Moderate,0.0505
LN101360,2025-08-12,38,100000,2.0,642000,36,9.93,794,38.7,1,710000,90.4,1,Personal,Salaried,South,2,20694.44,0,0,0,25.08,Moderate,0.0261
LN101264,2025-08-12,40,48700,11.4,882000,36,18.08,680,31.3,1,1508000,58.5,1,Business,Salaried,West,2,31921.82,0,0,0,26.44,Moderate,0.0301
LN101492,2025-08-12,33,102900,7.3,272000,36,10.51,692,41.0,0,387000,70.3,3,Personal,Salaried,Central,1,8841.95,0,0,0,25.26,Moderate,0.0343
LN103727,2025-08-13,48,100400,4.6,209000,36,11.1,730,26.1,0,146000,143.2,0,Education,Salaried,North,1,6852.29,0,0,0,27.56,Moderate,0.0471
LN103193,2025-08-13,32,67900,10.4,505000,60,13.33,801,26.0,0,393000,128.5,1,Personal,Salaried,South,3,11575.79,0,0,0,25.64,Moderate,0.0268
LN103990,2025-08-14,23,140200,3.1,963000,12,8.2,688,59.8,0,1477000,65.2,2,Education,Self-employed,North,2,83858.94,15,0,0,30.39,Moderate,0.0839
LN103498,2025-08-14,36,27700,12.3,613000,36,10.23,785,31.9,0,1036000,59.2,1,Home,Salaried,South,0,19846.05,15,0,0,15.74,Low,0.0057
LN102666,2025-08-14,46,39700,8.6,733000,24,8.68,735,22.6,0,1287000,57.0,0,Personal,Contract,South,2,33379.4,0,0,0,19.64,Low,0.0156
LN103797,2025-08-14,40,100000,5.1,447000,36,16.25,797,35.5,0,620000,72.1,2,Home,Salaried,East,0,15770.42,0,0,0,17.12,Low,0.008
LN103869,2025-08-14,47,33700,8.7,254000,48,12.22,625,46.3,1,196000,129.6,1,Personal,Government,South,0,6716.26,0,0,0,36.13,Moderate,0.1951
LN100110,2025-08-15,21,51600,9.1,484000,48,9.83,685,19.1,0,589000,82.2,2,Personal,Government,South,1,12236.01,0,0,0,22.44,Low,0.0209
LN104638,2025-08-15,21,48500,5.7,570000,84,14.01,760,25.8,1,403000,141.4,1,Personal,Self-employed,South,1,10684.96,0,0,0,27.73,Moderate,0.0559
LN104475,2025-08-15,43,66000,8.7,359000,72,8.51,789,39.2,1,410000,87.6,1,Personal,Salaried,West,1,6384.21,60,1,0,23.5,Low,0.0202
LN104374,2025-08-15,47,44100,1.3,595000,36,11.01,705,32.9,0,935000,63.6,1,Auto,Self-employed,South,0,19482.35,0,0,0,20.62,Low,0.0206
LN104478,2025-08-15,25,68900,6.3,376000,60,15.13,708,41.5,0,570000,66.0,3,Auto,Government,Central,0,8970.69,0,0,0,22.42,Low,0.021
LN102148,2025-08-16,37,125200,4.7,1005000,36,11.47,591,32.6,0,669000,150.2,2,Business,Self-employed,South,0,33126.55,0,0,0,35.23,Moderate,0.2449
LN102512,2025-08-16,43,72100,6.8,503000,72,11.83,748,39.2,1,635000,79.2,4,Personal,Salaried,West,1,9789.34,5,0,0,24.83,Low,0.0267
LN103755,2025-08-16,21,119500,7.5,79000,36,10.36,689,36.6,1,90000,87.8,2,Personal,Self-employed,South,1,3644.75,0,0,0,28.29,Moderate,0.0612
LN102767,2025-08-16,42,28400,2.3,136000,24,15.34,583,18.8,0,172000,79.1,1,Home,Salaried,West,1,6616.17,0,0,0,27.47,Moderate,0.0515
LN103729,2025-08-16,21,58100,10.5,767000,60,11.69,656,50.5,0,1372000,55.9,2,Auto,Salaried,West,2,16941.58,0,0,0,29.29,Moderate,0.0525
LN103844,2025-08-16,52,80100,5.6,618000,48,13.6,634,12.4,0,936000,66.0,2,Personal,Salaried,West,2,16764.02,0,0,0,23.85,Low,0.0258
LN100553,2025-08-16,40,88300,10.3,266000,60,7.95,736,30.3,1,282000,94.3,2,Business,Government,Central,1,5387.16,0,0,0,25.19,Moderate,0.0269
LN100014,2025-08-17,22,67400,9.3,265000,72,8.19,764,36.5,0,374000,70.9,1,Home,Salaried,North,0,4670.93,0,0,0,18.94,Low,0.0106
LN100769,2025-08-17,54,29800,10.6,373000,48,12.3,720,34.6,0,290000,128.6,0,Personal,Salaried,South,0,9877.55,0,0,0,26.66,Moderate,0.0464
LN100163,2025-08-17,31,65500,18.5,1448000,72,10.66,716,43.9,0,2396000,60.4,1,Personal,Salaried,Central,1,27309.84,0,0,0,23.58,Low,0.0214
LN100739,2025-08-17,47,68200,9.8,1936000,36,11.62,757,25.5,0,1349000,143.5,3,Home,Salaried,Central,0,63952.09,0,0,0,24.37,Low,0.0279
LN103475,2025-08-18,26,49300,5.8,654000,60,12.24,737,26.8,0,1062000,61.6,2,Personal,Salaried,South,0,14627.31,10,0,0,17.5,Low,0.0099
LN103771,2025-08-18,34,138000,5.6,237000,72,13.8,742,5.0,0,336000,70.5,0,Home,Salaried,West,1,4858.22,0,0,0,15.43,Low,0.0055
LN100107,2025-08-18,40,66500,9.4,140000,72,12.86,673,15.8,0,161000,87.0,0,Personal,Government,North,1,2800.04,0,0,0,22.9,Low,0.0227
LN103666,2025-08-18,45,40600,11.9,458000,84,7.43,682,45.0,0,442000,103.6,1,Personal,Salaried,Central,2,7009.12,0,0,0,31.59,Moderate,0.084
LN104596,2025-08-18,36,40700,7.7,122000,60,13.8,669,38.4,0,87000,140.2,1,Education,Self-employed,East,0,2826.09,0,0,0,31.28,Moderate,0.1163
LN101979,2025-08-19,42,25500,8.8,246000,36,10.62,798,40.9,0,410000,60.0,1,Business,Salaried,West,0,8009.53,0,0,0,16.93,Low,0.0081
LN102078,2025-08-20,37,85000,2.1,992000,12,10.12,753,41.3,0,1735000,57.2,1,Home,Salaried,Central,0,87267.93,0,0,0,19.12,Low,0.0122
LN103472,2025-08-20,38,47400,4.9,533000,60,9.93,728,47.0,0,450000,118.4,1,Auto,Salaried,East,1,11306.33,0,0,0,29.37,Moderate,0.0625
LN104570,2025-08-20,33,54300,4.3,515000,60,13.8,591,15.0,1,750000,68.7,1,Personal,Salaried,North,3,11929.82,0,0,0,30.58,Moderate,0.0652
LN103410,2025-08-20,32,60600,5.8,1413000,48,11.2,816,24.2,1,1289000,109.6,1,Auto,Salaried,North,3,36657.11,10,0,0,24.6,Low,0.018
LN102897,2025-08-20,54,61300,15.5,242000,60,9.48,790,26.0,0,237000,102.1,2,Home,Salaried,South,1,5080.09,5,0,0,20.25,Low,0.0108
LN103722,2025-08-20,23,74300,3.0,364000,36,9.87,683,16.2,2,266000,136.8,0,Personal,Contract,West,3,11723.05,0,0,0,34.76,Moderate,0.1486
LN102434,2025-08-21,40,52300,22.4,240000,60,12.31,702,8.9,2,271000,88.6,1,Personal,Salaried,South,2,5376.34,0,0,0,25.81,Moderate,0.0202
LN102014,2025-08-21,45,56000,15.1,314000,48,8.34,697,31.3,0,502000,62.5,0,Business,Self-employed,South,0,7715.87,0,0,0,20.61,Low,0.0186
LN104400,2025-08-21,42,91600,11.1,525000,36,11.74,756,46.6,0,888000,59.1,0,Home,Self-employed,North,1,17372.39,0,0,0,21.87,Low,0.019
LN100405,2025-08-21,44,65200,3.7,359000,48,10.73,659,17.5,0,473000,75.9,4,Personal,Salaried,South,1,9231.54,0,0,0,22.87,Low,0.0247
LN103214,2025-08-21,45,51000,8.3,159000,48,13.3,621,39.0,0,191000,83.2,2,Home,Self-employed,East,3,4289.28,0,0,0,33.24,Moderate,0.1169
LN100271,2025-08-22,25,225100,3.8,291000,36,12.31,729,44.8,2,493000,59.0,1,Personal,Self-employed,South,0,9708.51,10,0,0,25.27,Moderate,0.036
LN102073,2025-08-22,40,114500,21.4,380000,72,13.33,663,32.7,2,267000,142.3,3,Auto,Salaried,West,2,7694.5,0,0,0,38.0,Moderate,0.1424
LN101429,2025-08-22,36,52000,3.6,232000,12,15.62,741,27.9,1,193000,120.2,1,Business,Salaried,South,0,21007.86,0,0,0,25.37,Moderate,0.0344
LN101062,2025-08-22,48,54500,5.4,466000,48,7.89,839,23.7,1,657000,70.9,2,Education,Salaried,West,3,11352.38,0,0,0,19.41,Low,0.0071
LN102177,2025-08-22,40,40900,5.5,634000,36,10.93,637,27.3,1,554000,114.4,0,Education,Self-employed,South,0,20735.34,0,0,0,30.18,Moderate,0.0888
LN102858,2025-08-22,49,16500,1.4,582000,72,11.36,791,41.0,1,815000,71.4,2,Auto,Self-employed,West,2,11185.44,0,0,0,23.8,Low,0.0232
LN101073,2025-08-22,26,80800,12.5,269000,36,13.1,686,25.3,1,440000,61.1,1,Education,Salaried,Central,0,9076.64,0,0,0,21.85,Low,0.0152
LN101434,2025-08-22,36,69400,3.5,599000,72,13.56,660,17.5,3,797000,75.2,2,Education,Salaried,North,1,12202.15,0,0,0,28.75,Moderate,0.0386
LN102690,2025-08-22,29,79100,4.4,234000,72,9.37,636,36.2,2,392000,59.7,1,Business,Government,Central,1,4261.07,0,0,0,30.21,Moderate,0.0621
LN101478,2025-08-23,30,57800,5.3,1019000,60,7.01,685,45.9,0,1394000,73.1,2,Home,Salaried,East,0,20182.23,0,0,0,25.23,Moderate,0.035
LN103926,2025-08-23,47,34000,0.7,340000,36,12.91,713,41.5,0,556000,61.2,1,Home,Salaried,South,3,11441.21,0,0,0,26.67,Moderate,0.0337
LN102559,2025-08-24,46,58700,9.1,422000,24,8.76,726,52.7,1,621000,68.0,1,Education,Salaried,Central,0,19232.53,15,0,0,25.9,Moderate,0.0311
LN102284,2025-08-24,34,118400,15.2,245000,72,9.64,704,26.0,0,269000,91.1,2,Home,Salaried,East,2,4494.48,0,0,0,25.37,Moderate,0.0249
LN100989,2025-08-24,38,53800,17.9,168000,48,14.46,691,5.0,0,241000,69.7,1,Personal,Government,West,0,4629.71,0,0,0,16.39,Low,0.0071
LN102558,2025-08-24,41,42900,0.3,568000,48,11.88,737,23.0,0,785000,72.4,4,Home,Salaried,South,0,14924.17,0,0,0,17.82,Low,0.0102
LN102923,2025-08-25,37,120700,17.5,918000,36,14.3,689,39.4,0,1374000,66.8,2,Home,Self-employed,Central,0,31508.99,30,0,0,23.08,Low,0.0251
LN101106,2025-08-25,44,199600,6.2,554000,60,15.89,688,40.2,0,399000,138.8,3,Home,Self-employed,North,0,13439.85,5,0,0,30.5,Moderate,0.1036
LN100270,2025-08-25,51,120800,8.4,654000,60,10.34,790,43.2,1,957000,68.3,0,Auto,Salaried,East,2,14005.23,0,0,0,23.98,Low,0.0174
LN102761,2025-08-26,31,91500,8.7,634000,60,11.35,695,34.6,0,799000,79.3,3,Home,Contract,South,3,13895.62,0,0,0,28.06,Moderate,0.0541
LN103070,2025-08-26,27,102400,5.4,1285000,60,15.33,712,53.3,0,1161000,110.7,1,Personal,Self-employed,West,1,30793.1,0,0,0,30.7,Moderate,0.1059
LN100771,2025-08-26,33,60100,7.0,441000,48,11.71,627,29.4,0,339000,130.1,0,Auto,Salaried,North,0,11550.53,10,0,0,30.7,Moderate,0.09
LN101201,2025-08-27,34,38400,1.6,808000,36,10.48,743,20.5,0,703000,114.9,4,Personal,Salaried,North,0,26254.36,0,0,0,21.25,Low,0.0207
LN101931,2025-08-27,42,97900,10.9,615000,12,9.25,772,20.2,1,1060000,58.0,4,Personal,Salaried,Central,0,53853.98,10,0,0,15.97,Low,0.0059
LN102799,2025-08-27,41,27000,1.4,245000,48,13.23,697,46.8,1,190000,128.9,1,Personal,Self-employed,East,0,6600.74,0,0,0,32.35,Moderate,0.1415
LN103801,2025-08-27,24,37400,9.0,1373000,72,12.41,850,40.0,0,1720000,79.8,1,Education,Salaried,South,3,27136.05,15,0,0,20.98,Low,0.0103
LN101158,2025-08-27,47,67900,10.8,715000,48,11.27,681,54.5,0,477000,149.9,1,Personal,Self-employed,North,1,18573.44,0,0,0,36.5,Moderate,0.2393
LN100934,2025-08-27,42,145100,5.5,69000,48,10.39,634,37.3,1,77000,89.6,3,Home,Salaried,South,0,4510.19,0,0,0,29.86,Moderate,0.0682
LN103948,2025-08-28,35,76300,20.4,277000,12,8.25,717,29.4,1,337000,82.2,2,Home,Salaried,North,2,24127.83,0,0,0,26.47,Moderate,0.0237
LN101457,2025-08-28,41,104800,9.1,372000,48,14.09,762,28.8,1,512000,72.7,1,Home,Self-employed,South,1,10182.25,20,0,0,21.36,Low,0.0155
LN104163,2025-08-28,21,108500,10.4,243000,48,9.81,722,13.6,0,390000,62.3,3,Personal,Salaried,West,2,6140.96,0,0,0,19.06,Low,0.0099
LN104312,2025-08-28,42,109100,13.0,581000,24,10.01,700,32.1,1,955000,60.8,1,Personal,Self-employed,West,1,26812.88,0,0,0,24.11,Low,0.0275
LN101352,2025-08-28,43,33900,4.5,211000,48,15.37,704,6.7,1,243000,86.8,3,Education,Salaried,Central,2,5911.94,0,0,0,23.08,Low,0.0169
LN103156,2025-08-29,27,70900,10.3,502000,60,13.35,646,39.1,0,374000,134.2,0,Personal,Salaried,South,2,11512.19,0,0,0,35.37,Moderate,0.1597
LN104316,2025-08-29,28,56700,15.0,308000,12,9.4,690,31.7,0,415000,74.2,3,Auto,Self-employed,South,1,26992.22,0,0,0,23.9,Low,0.0269
LN103403,2025-08-29,37,59900,5.2,874000,72,7.46,747,45.5,0,786000,111.2,2,Home,Salaried,East,2,15094.63,0,0,0,29.01,Moderate,0.052
LN101282,2025-08-29,44,101100,6.9,161000,48,8.53,703,20.1,0,246000,65.4,0,Home,Self-employed,East,3,3970.66,0,0,0,23.34,Low,0.0218
LN104338,2025-08-29,21,66000,4.4,489000,72,11.65,740,42.2,2,590000,82.9,3,Personal,Salaried,East,1,9471.28,0,0,0,28.22,Moderate,0.0428
LN102891,2025-08-29,21,108100,10.6,425000,60,10.61,770,48.9,1,505000,84.2,0,Education,Salaried,East,2,9158.08,30,1,0,27.77,Moderate,0.0329
LN101291,2025-08-30,60,131400,6.6,1175000,36,13.57,772,18.1,1,784000,149.9,1,Personal,Self-employed,South,2,39913.76,20,0,0,28.07,Moderate,0.0523
LN102613,2025-08-30,38,53900,9.1,171000,48,8.73,789,38.1,1,190000,90.0,2,Home,Self-employed,Central,1,4233.45,0,0,0,23.52,Low,0.0222
LN102475,2025-08-30,44,149100,12.6,266000,48,11.43,709,56.1,0,464000,57.3,0,Personal,Salaried,West,1,6970.43,0,0,0,26.08,Moderate,0.0358
LN101448,2025-08-30,49,22000,10.6,679000,36,13.16,786,47.5,0,807000,84.1,1,Personal,Salaried,East,2,22930.56,0,0,0,24.63,Low,0.0248
LN101651,2025-08-30,41,55100,10.4,707000,60,12.51,750,51.6,0,955000,74.0,2,Auto,Self-employed,South,2,15909.64,0,0,0,26.35,Moderate,0.0374
LN100315,2025-08-30,38,57400,3.4,1024000,84,12.72,642,20.4,0,1553000,65.9,1,Personal,Government,West,0,18473.05,0,0,0,21.68,Low,0.0227
LN100873,2025-08-31,31,42000,7.4,314000,36,6.5,743,37.4,2,301000,104.3,0,Auto,Government,South,3,9623.79,0,0,0,32.57,Moderate,0.0615
LN101361,2025-09-01,43,111500,7.8,479000,72,12.22,787,16.5,1,522000,91.8,4,Personal,Salaried,South,1,9419.43,0,0,0,19.48,Low,0.0103
LN104637,2025-09-01,27,133300,5.3,162000,36,14.25,747,15.4,1,227000,71.4,3,Auto,Salaried,Central,1,5556.47,0,0,0,19.34,Low,0.0094
LN101300,2025-09-01,32,58400,6.5,1144000,36,9.06,638,59.0,0,1928000,59.3,0,Auto,Salaried,Central,2,36410.85,0,0,0,32.29,Moderate,0.0915
LN101655,2025-09-01,35,155500,5.7,1039000,24,13.28,774,55.6,0,789000,131.7,1,Home,Salaried,Central,1,49532.71,0,0,0,29.98,Moderate,0.0667
LN104862,2025-09-01,32,83900,6.9,544000,48,7.7,609,5.0,0,610000,89.2,5,Auto,Government,West,1,13204.16,0,0,0,24.35,Low,0.0281
LN102305,2025-09-02,66,15100,4.3,113000,24,11.33,712,70.0,0,180000,62.8,2,Personal,Salaried,North,1,5284.02,0,0,0,29.25,Moderate,0.0682
LN101957,2025-09-02,66,154700,12.3,475000,60,12.11,725,51.9,1,825000,57.6,3,Education,Contract,Central,0,10592.54,0,0,0,24.76,Low,0.0342
LN104723,2025-09-02,35,65800,7.8,205000,48,10.96,734,61.3,0,224000,91.5,0,Home,Government,West,1,5294.35,0,0,0,29.22,Moderate,0.0576
LN103135,2025-09-02,42,61300,9.7,383000,60,11.43,629,20.9,0,503000,76.1,1,Personal,Salaried,East,0,8409.72,0,0,0,23.49,Low,0.0286
LN104950,2025-09-02,40,98600,13.1,1444000,24,11.66,669,46.3,0,1230000,117.4,1,Home,Salaried,South,0,67745.05,0,0,0,30.58,Moderate,0.0785
LN100542,2025-09-02,43,117000,6.2,461000,72,14.25,795,37.4,1,528000,87.3,0,Auto,Government,North,3,9561.07,0,0,0,26.12,Moderate,0.0234
LN104934,2025-09-02,34,66900,2.9,252000,84,11.95,772,54.6,0,407000,61.9,2,Personal,Salaried,West,0,4441.75,0,0,0,21.24,Low,0.0193
LN101383,2025-09-03,33,61200,3.6,371000,60,10.18,691,38.1,1,376000,98.7,1,Auto,Contract,Central,1,7915.55,0,0,0,29.57,Moderate,0.0806
LN102147,2025-09-03,31,18200,7.8,519000,60,15.73,743,19.4,0,644000,80.6,1,Auto,Government,East,0,12546.74,0,0,0,17.6,Low,0.0088
LN103374,2025-09-03,23,59500,3.8,792000,24,10.45,723,21.8,0,957000,82.8,0,Home,Self-employed,South,2,36711.5,30,1,0,22.7,Low,0.0227
LN103749,2025-09-04,25,56000,8.7,535000,36,13.49,662,12.8,1,412000,129.9,2,Business,Salaried,South,0,18152.79,0,0,0,27.5,Moderate,0.0486
LN101047,2025-09-04,24,135700,2.2,776000,36,6.5,750,23.5,1,636000,122.0,0,Auto,Contract,North,1,23783.63,0,0,0,25.86,Moderate,0.0433
LN103240,2025-09-05,38,72000,10.5,115000,72,11.51,597,29.1,0,133000,86.5,2,Home,Self-employed,South,3,2219.08,180,1,1,32.86,Moderate,0.1089
LN101705,2025-09-05,36,37200,10.4,1683000,84,9.48,787,12.3,0,1999000,84.2,1,Personal,Salaried,West,0,27489.69,0,0,0,14.22,Low,0.0051
LN104580,2025-09-05,40,131400,2.2,369000,72,10.21,732,16.5,0,524000,70.4,1,Home,Government,South,1,6875.18,0,0,0,18.25,Low,0.0096
LN103503,2025-09-05,38,57300,4.6,1098000,84,12.23,733,20.7,0,1921000,57.2,0,Auto,Government,Central,2,19518.01,0,0,0,19.39,Low,0.01
LN100476,2025-09-05,43,59500,6.5,214000,84,14.78,703,48.3,0,161000,132.9,1,Auto,Salaried,South,0,4103.14,0,0,0,30.73,Moderate,0.0867
LN103484,2025-09-05,29,168400,17.8,346000,48,10.36,723,40.9,0,612000,56.5,4,Personal,Self-employed,Central,1,8835.39,0,0,0,22.22,Low,0.0211
LN100374,2025-09-05,57,80000,14.7,270000,60,13.3,752,21.8,2,223000,121.1,0,Home,Contract,Central,1,6184.87,0,0,0,27.32,Moderate,0.04
LN104875,2025-09-05,29,64400,16.1,331000,24,11.96,781,37.4,0,288000,114.9,2,Business,Self-employed,East,1,15575.14,0,0,0,24.29,Low,0.0298
LN101223,2025-09-06,42,160200,1.4,961000,12,13.29,778,41.2,0,818000,117.5,1,Personal,Salaried,South,2,85964.71,180,1,1,27.14,Moderate,0.0442
LN104647,2025-09-06,38,64100,6.9,222000,36,18.22,769,49.4,1,381000,58.3,1,Personal,Salaried,West,1,8050.35,0,0,0,23.66,Low,0.0214
LN100245,2025-09-06,35,64600,6.4,1140000,36,7.28,779,46.8,0,1712000,66.6,1,Auto,Salaried,North,0,35346.02,0,0,0,19.78,Low,0.0126
LN104913,2025-09-06,39,95200,3.2,886000,72,8.7,610,45.9,1,1340000,66.1,5,Business,Salaried,North,1,15839.03,0,0,0,32.16,Moderate,0.1014
LN104662,2025-09-07,33,55100,8.5,215000,48,15.6,754,29.7,0,335000,64.2,2,Personal,Salaried,East,1,6049.21,5,0,0,19.11,Low,0.0112
LN101281,2025-09-07,37,71100,15.2,868000,60,13.84,747,63.3,1,1105000,78.6,1,Personal,Salaried,South,1,20124.91,0,0,0,29.64,Moderate,0.0533
LN103103,2025-09-07,48,26400,4.3,198000,36,13.41,696,17.9,0,336000,58.9,2,Home,Government,Central,1,6710.57,0,0,0,19.29,Low,0.0113
LN102213,2025-09-07,34,53500,2.0,289000,48,9.36,713,5.0,1,511000,56.6,1,Auto,Government,South,1,7241.28,0,0,0,17.58,Low,0.0074
LN104990,2025-09-08,21,129400,2.7,515000,72,11.54,633,22.4,0,581000,88.6,1,Business,Self-employed,North,3,9945.58,0,0,0,29.83,Moderate,0.08
LN103495,2025-09-08,55,92800,7.3,284000,48,13.67,780,21.4,0,390000,72.8,3,Personal,Salaried,West,0,7713.79,0,0,0,15.27,Low,0.0064
LN104613,2025-09-08,33,26400,13.1,975000,60,11.67,760,48.0,0,1551000,62.9,2,Business,Self-employed,North,1,21526.1,60,1,0,22.32,Low,0.022
LN101221,2025-09-09,41,64000,16.2,324000,72,16.45,678,39.2,1,494000,65.6,0,Personal,Salaried,East,1,7108.67,0,0,0,27.17,Moderate,0.0363
LN104759,2025-09-09,44,49900,23.6,901000,48,14.33,745,26.2,0,1323000,68.1,1,Personal,Salaried,North,1,24770.56,15,0,0,19.28,Low,0.0093
LN102349,2025-09-09,34,128500,4.6,368000,36,14.45,712,46.7,0,422000,87.2,1,Business,Self-employed,West,1,12657.95,30,0,0,27.03,Moderate,0.0576
LN101564,2025-09-09,45,64300,8.8,315000,60,11.22,704,26.2,0,397000,79.3,3,Home,Self-employed,North,2,6883.47,10,0,0,24.23,Low,0.0277
LN101663,2025-09-09,33,17700,4.0,378000,36,7.42,785,25.4,1,420000,90.0,2,Auto,Salaried,South,0,11744.27,0,0,0,19.52,Low,0.0109
LN104390,2025-09-10,43,61400,8.9,358000,72,13.63,662,32.6,0,338000,105.9,4,Home,Salaried,Central,1,7306.11,0,0,0,28.73,Moderate,0.0554
LN104420,2025-09-10,50,74800,4.1,555000,48,9.46,761,48.1,0,733000,75.7,0,Auto,Salaried,South,0,13932.74,0,0,0,21.9,Low,0.0192
LN102614,2025-09-10,43,133900,5.1,520000,84,11.36,699,36.6,0,664000,78.3,1,Auto,Self-employed,West,0,9002.4,15,0,0,23.14,Low,0.0303
LN104088,2025-09-10,48,61000,16.8,412000,48,9.8,542,39.0,0,374000,110.2,0,Personal,Contract,South,1,10409.86,120,1,1,36.79,Moderate,0.2722
LN100818,2025-09-10,39,35700,8.5,260000,36,8.06,725,70.7,0,414000,62.8,1,Auto,Salaried,East,2,8154.65,0,0,0,30.37,Moderate,0.0617
LN101157,2025-09-10,58,41800,12.5,741000,48,11.28,842,19.9,0,1123000,66.0,0,Personal,Salaried,Central,0,19252.45,5,0,0,11.0,Low,0.0027
LN102708,2025-09-10,35,45900,11.3,1482000,48,14.84,664,30.9,0,2373000,62.5,0,Home,Salaried,West,1,41125.07,0,0,0,23.94,Low,0.0234
LN103062,2025-09-10,37,31600,9.5,374000,48,11.8,740,17.2,0,613000,61.0,3,Personal,Salaried,North,0,9812.17,0,0,0,15.36,Low,0.0065
LN102543,2025-09-10,35,124200,6.0,806000,36,13.1,731,36.9,0,736000,109.5,0,Business,Government,East,2,27196.16,0,0,0,27.96,Moderate,0.048
LN103798,2025-09-11,29,118800,1.3,379000,72,11.07,658,39.5,1,584000,64.9,1,Auto,Government,South,2,7227.51,0,0,0,29.89,Moderate,0.0574
LN101710,2025-09-11,48,108800,8.6,529000,48,10.62,713,41.8,0,462000,114.5,1,Auto,Salaried,North,2,13574.87,0,0,0,30.4,Moderate,0.0639
LN100930,2025-09-11,33,40900,21.9,1401000,72,11.06,776,15.2,1,1330000,105.3,1,Auto,Salaried,West,1,26709.82,0,0,0,21.15,Low,0.01
LN103930,2025-09-12,44,54500,9.3,343000,60,11.26,797,23.2,0,335000,102.4,0,Personal,Salaried,West,2,7502.2,0,0,0,21.02,Low,0.0136
LN101320,2025-09-13,39,117500,2.9,365000,72,15.39,598,40.1,0,632000,57.8,0,Home,Salaried,North,2,7795.44,0,0,0,30.47,Moderate,0.0738
LN104444,2025-09-13,21,129400,5.7,213000,60,11.1,650,59.0,0,209000,101.9,1,Home,Salaried,South,0,6362.17,0,0,0,32.58,Moderate,0.1196
LN103519,2025-09-13,21,111700,4.9,558000,60,13.26,660,39.8,0,901000,61.9,0,Personal,Self-employed,North,0,12770.61,0,0,0,24.21,Low,0.0416
LN100859,2025-09-13,44,48000,10.3,209000,60,12.88,768,34.9,0,138000,151.4,4,Business,Salaried,Central,1,4742.56,0,0,0,27.99,Moderate,0.0513
LN101080,2025-09-13,35,136700,6.2,1015000,48,10.34,647,19.3,0,1593000,63.7,2,Home,Salaried,South,4,25909.07,0,0,0,27.64,Moderate,0.0345
LN103333,2025-09-13,43,91500,4.3,284000,72,9.53,726,43.9,1,505000,56.2,2,Education,Salaried,West,0,5194.28,0,0,0,22.96,Low,0.0201
LN104161,2025-09-14,42,61900,9.4,3160000,48,13.84,579,35.4,0,2793000,113.1,1,Personal,Government,South,1,86098.26,0,0,0,34.4,Moderate,0.1589
LN100931,2025-09-14,55,44400,8.4,646000,72,13.69,784,32.9,1,678000,95.3,3,Auto,Salaried,West,4,13204.31,0,0,0,28.27,Moderate,0.0296
LN100253,2025-09-14,47,31900,6.8,892000,36,7.15,699,38.2,0,1115000,80.0,0,Personal,Salaried,East,1,27603.59,0,0,0,25.3,Moderate,0.0347
LN100255,2025-09-14,34,37700,4.6,367000,84,13.66,687,69.0,0,323000,113.6,2,Home,Salaried,Central,1,6808.84,0,0,0,35.46,Moderate,0.1667
LN102683,2025-09-14,45,136300,7.3,568000,48,13.63,601,42.6,0,603000,94.2,1,Personal,Salaried,South,0,15416.22,0,0,0,31.12,Moderate,0.1069
LN100546,2025-09-14,43,172700,11.5,274000,72,10.2,808,33.8,0,243000,112.8,1,Business,Salaried,South,4,5103.76,0,0,0,26.93,Moderate,0.0285
LN102450,2025-09-14,30,52200,8.8,664000,48,9.73,734,41.4,0,821000,80.9,2,Auto,Contract,East,1,16754.79,90,1,1,24.18,Low,0.034
LN104652,2025-09-15,38,71300,8.8,1206000,48,10.25,720,50.8,2,1376000,87.6,2,Personal,Salaried,West,1,30732.27,0,0,0,31.47,Moderate,0.07
LN104775,2025-09-15,45,139300,9.8,382000,48,9.98,736,42.4,0,374000,102.1,0,Auto,Self-employed,Central,2,9684.84,20,0,0,28.06,Moderate,0.0514
LN104162,2025-09-15,36,89700,14.8,1010000,60,12.88,803,38.6,0,1653000,61.1,1,Personal,Salaried,North,4,22918.61,0,0,0,22.98,Low,0.0138
LN102502,2025-09-15,35,93300,5.9,228000,84,13.66,739,47.7,1,192000,118.8,1,Personal,Self-employed,East,1,4230.01,0,0,0,30.96,Moderate,0.0944
LN104557,2025-09-15,41,92500,13.2,708000,84,12.45,640,29.9,1,1075000,65.9,0,Personal,Salaried,Central,2,12669.16,0,0,0,29.02,Moderate,0.0476
LN100045,2025-09-16,32,108700,3.2,342000,48,9.72,682,22.3,1,320000,106.9,0,Home,Self-employed,West,1,8628.09,0,0,0,27.71,Moderate,0.0535
LN104917,2025-09-16,35,50200,15.9,154000,24,14.01,816,58.6,1,259000,59.5,1,Business,Self-employed,South,1,7394.71,0,0,0,23.14,Low,0.0201
LN100588,2025-09-17,45,114900,14.0,542000,72,12.56,709,49.0,0,611000,88.7,0,Home,Government,South,2,10754.7,0,0,0,29.47,Moderate,0.0503
LN101020,2025-09-17,43,73300,8.8,766000,60,6.87,682,35.8,0,1019000,75.2,4,Personal,Salaried,South,1,15120.78,15,0,0,25.24,Moderate,0.0337
LN103133,2025-09-17,51,156700,7.3,1012000,24,10.19,621,14.7,0,1736000,58.3,1,Personal,Contract,North,2,46787.46,0,0,0,24.23,Low,0.0378
LN100705,2025-09-17,43,23900,12.0,306000,12,13.14,795,19.4,0,296000,103.4,0,Personal,Salaried,Central,0,27351.19,0,0,0,17.13,Low,0.0083
LN103230,2025-09-17,34,65200,8.4,170000,60,13.6,762,50.0,0,296000,57.4,1,Home,Salaried,North,2,3920.44,0,0,0,23.73,Low,0.0196
LN103502,2025-09-18,38,161400,1.6,163000,60,11.57,602,45.0,0,168000,97.0,3,Business,Salaried,Central,1,6052.5,0,0,0,33.5,Moderate,0.1477
LN103291,2025-09-18,21,187800,9.5,380000,84,11.33,739,36.3,3,464000,81.9,1,Home,Salaried,North,3,6572.65,0,0,0,32.33,Moderate,0.0494
LN102278,2025-09-18,44,62500,12.4,1267000,12,10.97,810,5.1,0,1456000,87.0,1,Education,Contract,West,1,111961.83,5,0,0,13.5,Low,0.0049
LN101737,2025-09-18,28,76200,16.3,409000,84,12.18,650,11.8,0,698000,58.6,1,Personal,Salaried,North,0,7259.4,0,0,0,18.81,Low,0.0114
LN104780,2025-09-19,41,52200,2.3,106000,60,12.03,690,54.4,1,125000,84.8,1,Auto,Self-employed,West,2,2366.4,0,0,0,33.16,Moderate,0.1157
LN101950,2025-09-19,22,34300,5.2,808000,48,14.09,755,46.5,0,1270000,63.6,1,Auto,Salaried,Central,0,22116.29,0,0,0,20.69,Low,0.0153
LN102276,2025-09-19,44,39200,1.1,235000,60,9.99,646,42.2,1,423000,55.6,1,Education,Salaried,North,0,4991.9,0,0,0,26.8,Moderate,0.0427
LN103880,2025-09-20,41,23100,7.9,1975000,84,9.03,635,44.5,0,1638000,120.6,1,Personal,Salaried,West,1,31806.01,15,0,0,34.01,Moderate,0.148
LN102047,2025-09-20,38,62200,13.6,989000,24,11.61,744,64.7,0,1706000,58.0,1,Home,Salaried,South,0,46375.74,0,0,0,24.35,Low,0.0254
LN103243,2025-09-20,48,123600,14.2,403000,60,12.2,779,39.8,0,357000,112.9,1,Business,Salaried,North,0,9005.3,0,0,0,23.01,Low,0.0221
LN103731,2025-09-20,31,61000,20.1,153000,60,13.86,755,45.0,1,160000,95.6,2,Education,Self-employed,North,0,3548.95,0,0,0,25.59,Moderate,0.0309
LN103458,2025-09-20,38,42900,3.1,121000,60,15.27,682,35.8,1,153000,79.1,2,Education,Contract,West,3,2895.76,0,0,0,30.96,Moderate,0.0824
LN101072,2025-09-21,39,71000,13.9,130000,72,8.89,716,31.5,0,232000,56.0,0,Business,Government,North,0,2336.23,0,0,0,18.99,Low,0.0113
LN100566,2025-09-21,21,109600,8.6,272000,36,12.92,690,39.2,1,452000,60.2,1,Home,Salaried,South,1,9154.28,10,0,0,26.0,Moderate,0.0292
LN103435,2025-09-21,46,69900,3.6,180000,60,14.26,697,15.0,0,163000,110.4,0,Business,Salaried,West,4,4212.59,0,0,0,28.81,Moderate,0.0473
LN100568,2025-09-22,21,74100,9.9,549000,36,11.81,543,25.6,2,821000,66.9,1,Business,Salaried,Central,2,18184.88,10,0,0,35.4,Moderate,0.1269
LN102238,2025-09-22,34,41500,4.2,1314000,48,8.07,742,15.2,0,2089000,62.9,2,Home,Salaried,North,2,32121.77,0,0,0,18.38,Low,0.0084
LN104625,2025-09-22,49,46900,16.3,200000,24,17.62,668,50.6,1,345000,58.0,0,Auto,Salaried,West,3,9948.14,30,0,0,32.56,Moderate,0.0642
LN104181,2025-09-22,33,53900,2.6,147000,60,10.36,673,44.4,1,216000,68.1,1,Personal,Salaried,West,0,3149.42,0,0,0,27.06,Moderate,0.0484
LN101602,2025-09-23,32,100700,6.4,1096000,60,14.08,664,11.5,0,848000,129.2,2,Personal,Salaried,West,3,25547.48,0,0,0,30.07,Moderate,0.0655
LN101168,2025-09-23,43,60100,3.5,503000,48,9.19,704,35.3,0,387000,130.0,0,Auto,Government,East,0,12562.61,0,0,0,27.79,Moderate,0.0559
LN104452,2025-09-23,48,48100,9.5,430000,60,9.8,730,5.0,1,718000,59.9,1,Business,Salaried,Central,1,9093.97,0,0,0,17.01,Low,0.0066
LN100003,2025-09-23,52,55500,8.6,2378000,84,14.67,654,34.6,0,4170000,57.0,3,Business,Self-employed,North,1,45448.52,0,0,0,24.66,Low,0.0376
LN103329,2025-09-23,46,61200,5.0,1002000,60,10.28,726,29.1,1,695000,144.2,2,Personal,Salaried,West,0,21427.85,0,0,0,28.8,Moderate,0.0623
LN103176,2025-09-23,25,140100,4.7,260000,24,13.43,701,19.4,0,196000,132.7,0,Personal,Self-employed,Central,0,12413.45,0,0,0,25.04,Moderate,0.0482
LN101103,2025-09-24,37,76900,19.7,1426000,60,9.3,697,71.2,3,1009000,141.3,2,Home,Salaried,Central,1,29809.47,45,1,0,44.14,Moderate,0.3186
LN102993,2025-09-25,36,100500,19.2,860000,72,13.79,640,42.3,0,1029000,83.6,1,Personal,Self-employed,West,1,17624.38,0,0,0,29.6,Moderate,0.0764
LN102396,2025-09-25,30,126600,9.6,438000,60,7.92,752,45.5,2,567000,77.2,6,Education,Salaried,West,1,8864.3,0,0,0,27.67,Moderate,0.0319
LN101509,2025-09-26,51,128800,7.0,310000,24,9.73,805,24.9,0,507000,61.1,1,Business,Salaried,West,2,14266.33,0,0,0,16.81,Low,0.0065
LN100830,2025-09-26,26,58000,5.2,117000,48,13.25,734,50.9,2,199000,58.8,3,Home,Self-employed,West,2,3153.35,0,0,0,29.53,Moderate,0.0518
LN103265,2025-09-27,55,59200,7.3,376000,60,8.86,647,25.5,0,622000,60.5,1,Business,Salaried,West,1,7779.62,0,0,0,23.56,Low,0.0259
LN101444,2025-09-27,42,94700,9.6,238000,84,12.76,684,15.5,1,343000,69.4,0,Personal,Salaried,North,2,4298.69,0,0,0,24.16,Low,0.0214
LN101211,2025-09-27,32,69000,9.3,635000,48,12.29,554,45.8,2,733000,86.6,0,Home,Government,North,1,16812.54,0,0,0,39.16,Moderate,0.2231
LN104160,2025-09-28,38,50100,16.2,378000,60,11.21,782,23.6,0,339000,111.5,2,Business,Contract,Central,3,8258.28,0,0,0,24.47,Low,0.0279
LN103985,2025-09-28,21,144700,5.1,1320000,72,9.68,675,32.4,2,1974000,66.9,4,Auto,Government,Central,1,24241.63,0,0,0,28.1,Moderate,0.0385
LN102497,2025-09-28,35,180200,9.7,531000,60,12.05,680,39.4,1,852000,62.3,2,Home,Government,North,1,11825.22,0,0,0,26.78,Moderate,0.0331
LN100077,2025-09-28,35,106900,12.3,527000,48,12.64,675,5.0,0,792000,66.5,0,Personal,Government,South,0,14044.11,0,0,0,16.91,Low,0.0086
LN103125,2025-09-28,45,99400,14.9,807000,48,10.47,683,46.0,0,633000,127.5,4,Auto,Salaried,East,0,20650.24,0,0,0,30.79,Moderate,0.0788
LN104827,2025-09-28,45,48700,22.2,1414000,84,11.19,705,48.1,1,1747000,80.9,1,Auto,Salaried,West,0,24352.62,0,0,0,27.39,Moderate,0.0338
LN103800,2025-09-29,26,43900,16.8,607000,48,14.09,737,51.7,0,747000,81.3,0,Business,Self-employed,East,1,16614.59,0,0,0,26.12,Moderate,0.0407
LN104207,2025-09-29,21,26800,14.7,166000,72,9.87,784,25.3,0,274000,60.6,3,Personal,Self-employed,North,0,3064.42,0,0,0,14.61,Low,0.0063
LN100051,2025-09-29,35,76900,4.1,195000,72,11.56,690,41.0,0,136000,143.4,1,Auto,Salaried,West,1,3767.82,90,1,1,32.68,Moderate,0.1115
LN104847,2025-09-29,33,73300,7.5,1665000,84,8.27,668,12.5,0,2880000,57.8,1,Education,Contract,East,1,26175.58,15,0,0,19.58,Low,0.0164
LN103380,2025-09-29,57,68300,3.6,833000,36,7.19,683,50.5,0,937000,88.9,0,Home,Salaried,East,3,25793.05,120,1,1,32.83,Moderate,0.0923
LN103161,2025-09-29,42,99100,13.5,245000,48,12.25,731,27.9,0,294000,83.3,2,Personal,Salaried,Central,1,6481.9,0,0,0,21.88,Low,0.0172
LN100387,2025-09-29,55,31400,1.5,539000,72,13.36,664,55.3,0,618000,87.2,3,Business,Salaried,South,1,10922.62,0,0,0,31.29,Moderate,0.1009
LN103041,2025-09-29,39,59500,7.5,415000,84,9.53,692,19.4,2,546000,76.0,1,Personal,Self-employed,East,0,6789.13,0,0,0,23.84,Low,0.0278
LN100182,2025-09-30,28,59000,4.8,504000,24,16.38,688,32.1,1,497000,101.4,3,Auto,Salaried,East,0,24769.02,0,0,0,27.14,Moderate,0.0426
LN102676,2025-09-30,41,58600,13.9,1464000,72,10.89,667,32.9,1,1029000,142.3,2,Personal,Self-employed,West,3,27783.48,0,0,0,37.5,Moderate,0.1985
LN101860,2025-09-30,37,43700,8.3,583000,48,15.13,652,44.0,0,886000,65.8,3,Personal,Salaried,West,5,16263.77,15,0,0,34.2,Moderate,0.0988
LN101724,2025-09-30,30,51200,7.9,287000,60,11.56,587,33.5,1,287000,100.0,3,Personal,Salaried,Central,0,6320.53,0,0,0,32.62,Moderate,0.1186
LN103547,2025-10-01,51,114500,11.5,1641000,48,11.04,700,40.4,1,1713000,95.8,0,Home,Salaried,West,1,42444.39,0,0,0,29.27,Moderate,0.0491
LN101317,2025-10-01,35,50400,5.1,568000,12,8.07,715,22.5,1,796000,71.4,0,Personal,Contract,South,2,49427.81,0,0,0,24.12,Low,0.0313
LN103807,2025-10-01,21,64100,13.6,304000,48,10.24,718,23.0,0,350000,86.9,0,Home,Salaried,East,2,7745.31,0,0,0,23.61,Low,0.0186
LN102385,2025-10-01,31,75600,4.2,229000,60,10.81,667,16.0,0,270000,84.8,2,Education,Salaried,South,1,4957.34,0,0,0,23.03,Low,0.0224
LN100401,2025-10-02,33,53700,5.0,144000,12,10.68,667,56.0,1,155000,92.9,1,Personal,Salaried,Central,0,12705.47,5,0,0,32.18,Moderate,0.1088
LN104392,2025-10-02,41,58500,8.1,1649000,60,6.5,705,23.4,1,1265000,130.4,2,Auto,Salaried,South,3,32264.58,0,0,0,32.4,Moderate,0.0707
LN102875,2025-10-02,30,54800,5.2,310000,84,10.11,639,56.8,0,247000,125.5,3,Personal,Salaried,South,1,5164.0,120,1,1,36.75,Moderate,0.226
LN102423,2025-10-02,38,106500,4.5,984000,60,8.63,686,61.5,0,730000,134.8,0,Auto,Salaried,Central,1,20249.98,30,0,0,36.13,Moderate,0.1856
LN101954,2025-10-02,33,40300,12.5,450000,60,14.79,828,57.1,2,349000,128.9,1,Education,Self-employed,West,1,10655.93,0,0,0,31.14,Moderate,0.0654
LN101512,2025-10-02,32,45100,12.7,599000,72,12.78,733,37.0,1,502000,119.3,3,Home,Contract,Central,0,11954.95,0,0,0,27.52,Moderate,0.0553
LN102984,2025-10-02,23,72900,17.0,247000,60,6.76,656,32.1,1,177000,139.5,1,Auto,Salaried,West,1,4862.98,0,0,0,34.31,Moderate,0.1081
LN102430,2025-10-03,43,66300,3.2,319000,36,10.31,727,25.6,0,402000,79.4,0,Auto,Self-employed,East,1,10339.72,0,0,0,21.24,Low,0.0198
LN102015,2025-10-03,36,78900,17.4,355000,72,13.08,636,47.6,0,237000,149.8,2,Personal,Salaried,North,1,7141.31,180,1,1,37.5,Moderate,0.2195
LN101184,2025-10-03,29,63100,8.4,393000,84,17.02,729,46.7,1,439000,89.5,1,Home,Salaried,North,0,8035.81,90,1,1,26.7,Moderate,0.0362
LN100864,2025-10-03,32,49500,18.7,279000,84,7.0,735,23.3,1,359000,77.7,3,Education,Self-employed,West,0,4210.86,15,0,0,20.52,Low,0.0133
LN102212,2025-10-03,46,35000,4.3,322000,36,14.49,714,31.5,0,506000,63.6,2,Home,Government,West,1,11081.98,0,0,0,21.53,Low,0.0165
LN103589,2025-10-03,34,58800,13.5,225000,24,12.1,751,26.5,1,196000,114.8,0,Auto,Self-employed,East,1,10602.04,0,0,0,25.69,Moderate,0.0314
LN101132,2025-10-03,53,159400,7.5,564000,48,8.55,732,33.0,0,899000,62.7,4,Home,Self-employed,East,1,13914.96,15,0,0,20.78,Low,0.017
LN104784,2025-10-03,63,30900,3.4,633000,12,8.74,634,15.6,3,485000,130.5,3,Business,Self-employed,West,0,55280.49,0,0,0,33.61,Moderate,0.1317
LN102564,2025-10-03,30,77400,12.6,257000,60,10.56,850,72.9,0,337000,76.3,1,Home,Self-employed,Central,2,5531.57,0,0,0,25.54,Moderate,0.0295
LN103672,2025-10-04,28,62900,9.2,736000,48,13.36,781,54.1,0,512000,143.8,2,Personal,Salaried,Central,3,19876.8,0,0,0,33.85,Moderate,0.1075
LN100659,2025-10-04,37,47100,20.2,360000,72,11.42,750,46.9,0,378000,95.2,2,Auto,Contract,South,0,6929.96,0,0,0,24.19,Low,0.032
LN104873,2025-10-04,40,126700,6.4,716000,84,12.79,748,24.7,1,959000,74.7,2,Business,Self-employed,West,0,12943.84,0,0,0,19.81,Low,0.0154
LN104331,2025-10-04,28,56000,6.2,208000,84,14.34,666,35.6,1,214000,97.2,1,Home,Salaried,East,1,3937.09,30,0,0,30.25,Moderate,0.0637
LN104466,2025-10-04,46,129400,10.3,954000,72,13.09,567,27.2,2,1337000,71.4,2,Personal,Salaried,West,3,19196.04,0,0,0,36.56,Moderate,0.1374
LN102823,2025-10-04,25,74500,3.6,935000,72,11.24,661,49.3,1,942000,99.3,4,Business,Salaried,North,2,17912.01,0,0,0,35.13,Moderate,0.1417
LN100767,2025-10-04,54,62600,8.0,736000,48,10.97,637,25.9,0,1087000,67.7,1,Home,Salaried,South,1,19011.58,0,0,0,24.89,Low,0.0295
LN102833,2025-10-05,36,57100,6.2,879000,72,9.93,654,15.8,1,1141000,77.0,2,Auto,Government,West,1,16253.2,0,0,0,24.9,Low,0.026
LN103586,2025-10-05,32,159000,11.2,101000,24,14.78,624,28.3,1,108000,93.5,0,Auto,Self-employed,South,0,4886.6,10,0,0,28.97,Moderate,0.0676
LN102123,2025-10-05,36,63600,7.3,1074000,48,12.49,791,47.3,0,1292000,83.1,2,Business,Salaried,West,3,28541.62,0,0,0,25.89,Moderate,0.0282
LN100954,2025-10-05,37,83900,5.8,276000,72,15.82,715,68.0,1,372000,74.2,1,Business,Salaried,South,2,5959.63,0,0,0,33.5,Moderate,0.1023
LN103799,2025-10-06,29,114900,6.8,215000,84,13.74,760,16.1,0,142000,151.4,0,Personal,Salaried,Central,1,3998.29,10,0,0,24.65,Low,0.0316
LN100692,2025-10-06,28,76200,11.8,643000,72,8.69,788,17.1,0,1097000,58.6,1,Personal,Salaried,East,0,11491.74,0,0,0,12.56,Low,0.0037
LN101278,2025-10-06,40,36400,10.4,264000,84,9.69,653,48.2,2,332000,79.5,0,Business,Self-employed,North,0,4340.54,0,0,0,32.02,Moderate,0.1036
LN104606,2025-10-06,35,16900,5.0,635000,36,12.32,680,34.4,0,463000,137.1,1,Education,Self-employed,West,0,21188.27,0,0,0,29.59,Moderate,0.0917
LN101276,2025-10-07,59,100600,14.3,582000,48,11.8,667,30.2,0,746000,78.0,0,Auto,Salaried,West,5,15269.2,30,0,0,31.86,Moderate,0.0555
LN104856,2025-10-07,46,43100,3.9,285000,84,10.31,740,31.4,0,401000,71.1,0,Auto,Self-employed,North,2,4777.11,0,0,0,22.55,Low,0.0217
LN100525,2025-10-07,22,48500,5.1,302000,72,14.71,739,36.9,1,492000,61.4,2,Auto,Self-employed,North,1,6338.33,0,0,0,23.06,Low,0.0223
LN104293,2025-10-07,36,79000,10.9,400000,60,8.01,715,17.3,0,553000,72.3,2,Personal,Salaried,Central,1,8112.47,0,0,0,19.5,Low,0.0119
LN100942,2025-10-07,44,65000,4.8,911000,60,10.31,787,44.3,1,696000,130.9,2,Education,Salaried,North,0,19495.31,0,0,0,27.29,Moderate,0.0413
LN100324,2025-10-07,29,71500,9.7,206000,48,9.53,764,23.1,0,368000,56.0,0,Personal,Salaried,West,1,5178.32,0,0,0,16.44,Low,0.0068
LN101250,2025-10-08,41,49400,7.6,222000,36,11.48,610,52.4,0,305000,72.8,0,Business,Salaried,West,2,7318.56,0,0,0,33.8,Moderate,0.1279
LN101417,2025-10-08,40,132000,8.0,497000,60,13.21,689,33.6,0,601000,82.7,1,Education,Salaried,South,0,11361.78,10,0,0,23.51,Low,0.0252
LN100834,2025-10-08,38,71000,8.6,718000,60,8.86,741,39.8,0,553000,129.8,2,Home,Contract,West,0,14855.76,0,0,0,26.71,Moderate,0.059
LN104940,2025-10-08,43,49500,11.3,261000,84,12.77,685,28.0,1,374000,69.8,2,Auto,Salaried,North,0,4715.53,0,0,0,23.32,Low,0.02
LN100951,2025-10-08,41,65800,3.2,557000,12,8.76,677,33.3,0,389000,143.2,4,Personal,Salaried,South,3,48648.5,0,0,0,35.14,Moderate,0.1512
LN104343,2025-10-08,47,80500,9.9,358000,12,8.16,705,42.1,0,512000,69.9,1,Personal,Salaried,North,0,31168.35,0,0,0,23.09,Low,0.0252
LN100638,2025-10-09,26,55200,16.4,1253000,48,12.84,741,48.1,0,2186000,57.3,0,Personal,Salaried,West,1,33515.43,0,0,0,22.79,Low,0.0189
LN103813,2025-10-09,39,90300,7.0,647000,48,12.27,662,29.6,0,1112000,58.2,2,Business,Contract,Central,1,17123.89,0,0,0,23.36,Low,0.0348
LN103043,2025-10-09,40,102400,16.7,313000,36,14.17,747,55.8,1,457000,68.5,0,Home,Self-employed,West,1,10723.46,5,0,0,27.13,Moderate,0.0375
LN103015,2025-10-09,47,124000,6.5,418000,36,12.9,691,51.9,0,632000,66.1,0,Auto,Salaried,East,2,14063.95,5,0,0,28.74,Moderate,0.0497
LN101128,2025-10-09,37,43900,16.3,296000,60,14.47,775,49.1,0,379000,78.1,0,Personal,Contract,West,2,6959.74,0,0,0,24.93,Low,0.0339
LN104024,2025-10-09,32,66500,12.2,642000,60,12.01,717,5.0,1,670000,95.8,1,Auto,Contract,Central,2,14284.18,0,0,0,22.95,Low,0.0208
LN104593,2025-10-09,21,112200,6.5,564000,72,13.27,654,33.3,0,892000,63.2,1,Home,Salaried,South,0,11402.33,0,0,0,23.36,Low,0.0255
LN104740,2025-10-09,43,44000,8.0,190000,60,11.92,682,22.3,0,312000,60.9,0,Personal,Salaried,East,1,4218.77,0,0,0,21.11,Low,0.0167
LN102935,2025-10-09,51,97700,1.5,250000,36,14.61,714,28.5,0,184000,135.9,2,Personal,Salaried,East,1,8618.66,90,1,1,28.16,Moderate,0.0613
LN103123,2025-10-09,35,64600,4.8,185000,36,15.07,755,21.1,1,224000,82.6,1,Personal,Contract,East,2,6419.43,0,0,0,22.84,Low,0.0247
LN103493,2025-10-09,33,49800,9.3,538000,48,12.48,620,52.7,1,894000,60.2,2,Home,Salaried,West,0,14294.73,0,0,0,30.74,Moderate,0.0744
LN103311,2025-10-10,42,237400,5.9,156000,36,13.82,700,29.4,0,120000,130.0,2,Auto,Government,North,1,5816.3,0,0,0,28.49,Moderate,0.0547
LN103612,2025-10-10,36,72200,1.3,268000,60,10.69,768,34.8,0,196000,136.7,2,Home,Salaried,North,3,5785.62,0,0,0,29.97,Moderate,0.0578
LN104197,2025-10-10,24,128100,7.1,553000,36,10.07,666,20.5,1,689000,80.3,3,Home,Government,East,0,17861.93,10,0,0,23.87,Low,0.0238
LN101743,2025-10-10,48,31800,4.6,1660000,60,12.72,726,15.4,0,1958000,84.8,2,Education,Salaried,Central,2,37532.59,5,0,0,21.46,Low,0.0146
LN101283,2025-10-10,47,106000,1.7,209000,84,13.34,676,68.7,0,219000,95.4,3,Auto,Government,South,0,6068.5,0,0,0,32.49,Moderate,0.122
LN100141,2025-10-10,50,84100,7.8,514000,36,11.51,660,22.4,1,858000,59.9,1,Personal,Salaried,West,3,16952.11,0,0,0,27.53,Moderate,0.0354
LN102016,2025-10-10,36,63900,11.2,210000,60,12.88,712,33.8,0,163000,128.8,2,Education,Contract,South,0,4765.26,0,0,0,26.95,Moderate,0.0603
LN102323,2025-10-10,53,73100,11.0,138000,84,10.93,813,27.8,0,210000,65.7,1,Home,Salaried,South,2,2357.82,0,0,0,17.42,Low,0.0061
LN104589,2025-10-10,28,95400,9.9,1446000,60,9.77,632,45.8,2,1511000,95.7,0,Personal,Salaried,West,0,30559.84,0,0,0,34.27,Moderate,0.1264
LN104806,2025-10-11,31,70100,4.0,525000,60,14.15,645,38.7,2,608000,86.3,2,Education,Salaried,South,1,12256.7,0,0,0,32.89,Moderate,0.0885
LN102017,2025-10-11,21,43100,10.5,699000,36,10.25,729,42.5,0,1103000,63.4,0,Education,Salaried,East,4,22636.9,5,0,0,27.91,Moderate,0.032
LN100310,2025-10-12,36,57000,2.8,306000,84,9.46,759,46.9,0,393000,77.9,1,Personal,Salaried,Central,1,4994.99,0,0,0,23.65,Low,0.0266
LN103649,2025-10-12,34,37900,6.1,478000,48,11.76,729,21.3,0,335000,142.7,2,Personal,Salaried,Central,2,12531.32,5,0,0,28.27,Moderate,0.0523
LN100528,2025-10-12,40,59600,7.3,166000,36,13.05,712,26.4,2,141000,117.7,1,Personal,Government,South,1,5597.19,0,0,0,30.02,Moderate,0.0575
LN100716,2025-10-12,39,80700,20.8,416000,12,13.09,728,13.6,0,424000,98.1,3,Business,Salaried,East,0,37173.55,10,0,0,18.99,Low,0.0104
LN104816,2025-10-12,50,68700,12.4,311000,84,14.76,666,51.2,0,294000,105.8,3,Personal,Contract,North,1,5959.49,0,0,0,32.23,Moderate,0.1407
LN102490,2025-10-13,38,57300,11.0,468000,60,12.75,659,38.2,0,707000,66.2,1,Personal,Government,East,1,10588.64,0,0,0,26.04,Moderate,0.0378
LN101192,2025-10-13,33,47000,3.7,1164000,48,7.62,703,21.2,1,1016000,114.6,0,Personal,Self-employed,East,2,28209.47,30,1,0,28.82,Moderate,0.0635
LN101695,2025-10-14,55,38700,11.9,297000,36,13.33,767,58.2,0,283000,104.9,1,Education,Self-employed,Central,0,10054.38,0,0,0,26.52,Moderate,0.0468
LN103491,2025-10-15,36,40800,2.4,964000,72,14.49,707,42.6,0,1479000,65.2,0,Home,Self-employed,East,3,20117.75,0,0,0,27.61,Moderate,0.0478
LN101910,2025-10-15,54,23600,9.3,226000,84,11.82,608,33.5,0,342000,66.1,2,Education,Salaried,North,1,3967.8,0,0,0,27.79,Moderate,0.048
LN103942,2025-10-15,33,60600,7.4,514000,24,11.46,631,33.3,0,794000,64.7,1,Education,Contract,North,1,24066.35,0,0,0,26.39,Moderate,0.0536
LN103520,2025-10-15,43,58100,10.8,249000,60,10.5,800,17.9,0,297000,83.8,1,Business,Salaried,South,0,5351.98,5,0,0,14.61,Low,0.0053
LN102963,2025-10-15,28,92500,3.6,581000,24,10.17,590,50.1,0,773000,75.2,1,Personal,Salaried,Central,1,26855.81,0,0,0,32.97,Moderate,0.1351
LN102408,2025-10-15,45,26400,21.8,334000,36,10.3,674,36.5,1,546000,61.2,1,Business,Government,North,0,10824.35,0,0,0,24.74,Low,0.0242
LN104474,2025-10-15,46,23400,11.1,411000,48,10.09,721,25.7,0,301000,136.5,2,Auto,Salaried,North,3,10441.8,0,0,0,30.62,Moderate,0.0579
LN101055,2025-10-16,32,133600,7.4,977000,72,9.87,679,29.0,0,1140000,85.7,0,Personal,Government,North,1,18035.76,0,0,0,25.09,Moderate,0.0338
LN103386,2025-10-16,31,142100,6.7,1461000,12,12.01,706,30.1,0,2219000,65.8,0,Education,Salaried,Central,1,129814.92,15,0,0,21.89,Low,0.0171
LN102724,2025-10-16,56,142600,11.5,138000,72,11.83,788,42.4,0,184000,75.0,1,Personal,Salaried,Central,2,5038.53,0,0,0,22.6,Low,0.0171
LN100861,2025-10-17,24,117200,8.6,360000,84,8.43,606,37.5,1,548000,65.7,1,Auto,Salaried,East,0,5688.47,0,0,0,28.99,Moderate,0.0571
LN101613,2025-10-17,37,186600,9.9,593000,36,10.01,696,25.3,0,771000,76.9,2,Personal,Government,East,1,19137.23,0,0,0,22.57,Low,0.0209
LN104225,2025-10-17,43,70900,5.0,443000,60,15.91,751,35.3,0,450000,98.4,0,Home,Salaried,South,0,10751.73,0,0,0,22.14,Low,0.0201
LN100963,2025-10-18,44,33600,7.4,332000,48,12.83,732,49.0,0,331000,100.3,3,Home,Salaried,West,2,8878.74,0,0,0,29.41,Moderate,0.0541
LN100385,2025-10-18,39,65700,3.8,545000,48,13.69,760,31.4,2,955000,57.1,3,Business,Salaried,East,1,14808.32,0,0,0,22.42,Low,0.0154
LN101139,2025-10-18,44,102800,5.2,265000,72,11.92,719,26.8,1,192000,138.0,3,Business,Salaried,Central,2,5169.78,0,0,0,31.43,Moderate,0.0761
LN101502,2025-10-18,31,80200,13.5,434000,48,15.19,697,36.7,1,507000,85.6,3,Personal,Government,North,3,12120.39,30,0,0,31.0,Moderate,0.0575
LN100206,2025-10-19,43,113400,8.7,497000,48,13.59,722,19.7,1,664000,74.8,1,Personal,Salaried,West,2,13479.26,30,0,0,23.53,Low,0.019
LN103492,2025-10-19,42,61600,9.8,250000,60,10.25,682,43.0,0,223000,112.1,1,Home,Salaried,East,0,5342.57,0,0,0,28.7,Moderate,0.0598
LN103170,2025-10-19,29,50100,16.9,240000,36,14.14,845,28.8,1,177000,135.6,1,Auto,Salaried,West,2,8218.96,15,0,0,24.92,Low,0.0179
LN104976,2025-10-19,50,145200,4.1,246000,48,15.23,735,29.6,0,409000,60.1,1,Home,Salaried,West,1,6875.08,0,0,0,19.68,Low,0.0118
LN103546,2025-10-19,44,67600,5.5,197000,72,11.11,750,63.6,1,232000,84.9,1,Business,Salaried,North,1,3760.82,120,1,1,30.17,Moderate,0.0655
LN102013,2025-10-20,30,92400,22.9,294000,48,12.97,745,19.6,0,302000,97.4,4,Home,Government,South,3,7882.91,0,0,0,24.22,Low,0.0159
LN103667,2025-10-20,43,46700,4.6,2130000,36,10.92,718,34.1,0,1388000,153.5,3,Home,Salaried,North,2,69652.8,0,0,0,32.14,Moderate,0.096
LN103653,2025-10-20,31,60800,6.4,203000,72,11.93,809,44.1,0,245000,82.9,4,Home,Salaried,Central,4,3961.3,0,0,0,25.95,Moderate,0.0232
LN103189,2025-10-20,54,102400,7.0,578000,72,9.41,740,13.6,0,921000,62.8,1,Personal,Salaried,West,3,10536.76,0,0,0,19.82,Low,0.0105
LN100805,2025-10-20,35,69400,26.9,383000,24,7.41,729,33.8,0,648000,59.1,2,Home,Salaried,North,2,17219.17,0,0,0,22.41,Low,0.0122
LN100852,2025-10-21,32,87200,14.8,450000,60,14.98,753,49.6,1,433000,103.9,3,Home,Government,East,2,10700.74,10,0,0,30.78,Moderate,0.0524
LN104901,2025-10-21,29,77600,9.4,433000,36,12.59,700,12.1,0,349000,124.1,0,Personal,Salaried,East,0,14504.12,0,0,0,22.77,Low,0.0248
LN100215,2025-10-21,45,82800,11.2,659000,84,9.43,697,31.3,0,671000,98.2,0,Home,Salaried,North,1,10747.08,0,0,0,25.85,Moderate,0.0321
LN101464,2025-10-21,33,36400,6.4,101000,48,9.74,776,27.4,0,160000,63.1,2,Personal,Contract,South,4,2549.03,0,0,0,22.37,Low,0.0202
LN103188,2025-10-22,46,90200,6.6,2384000,24,7.48,800,46.2,1,1575000,151.4,1,Education,Salaried,West,0,107257.35,0,0,0,28.89,Moderate,0.0538
LN102569,2025-10-22,36,49100,6.2,498000,48,12.54,745,34.1,0,797000,62.5,3,Personal,Self-employed,East,2,13246.68,20,0,0,21.96,Low,0.0212
LN103984,2025-10-22,40,58300,10.3,725000,60,11.92,629,25.6,1,584000,124.1,0,Business,Salaried,East,1,16097.93,0,0,0,32.9,Moderate,0.1048
LN104469,2025-10-22,41,62100,15.5,502000,84,10.69,638,30.0,0,711000,70.6,2,Personal,Contract,Central,2,8513.86,10,0,0,27.62,Moderate,0.0589
LN102527,2025-10-22,43,53600,1.9,897000,84,10.77,699,32.2,0,1129000,79.5,2,Personal,Government,East,1,15250.56,5,0,0,24.05,Low,0.0302
LN100061,2025-10-23,36,107400,21.0,93000,48,14.93,829,24.9,0,89000,104.5,2,Education,Salaried,North,2,2584.96,15,0,0,19.88,Low,0.0081
LN101812,2025-10-23,53,43500,12.1,537000,24,10.94,668,52.5,0,793000,67.7,2,Home,Salaried,South,1,25013.45,0,0,0,28.57,Moderate,0.0504
LN101513,2025-10-23,21,56100,6.6,495000,48,8.63,657,33.9,0,450000,110.0,2,Home,Contract,North,1,12231.31,0,0,0,29.66,Moderate,0.0926
LN103780,2025-10-23,37,45700,2.7,348000,72,10.15,719,47.5,0,439000,79.3,2,Personal,Salaried,North,1,6473.35,0,0,0,26.03,Moderate,0.0411
LN102574,2025-10-23,62,45700,11.3,402000,36,6.5,734,48.8,0,358000,112.3,2,Business,Government,West,2,12320.9,60,1,0,30.46,Moderate,0.0672
LN102961,2025-10-23,33,142600,15.1,738000,60,15.14,568,19.5,0,918000,80.4,1,Auto,Government,West,0,17611.25,0,0,0,26.87,Moderate,0.0437
LN100480,2025-10-23,37,166500,11.3,332000,48,12.83,682,28.3,1,493000,67.3,2,Business,Government,Central,1,8878.74,0,0,0,24.95,Low,0.0261
LN100558,2025-10-23,42,64100,7.4,210000,84,12.05,759,61.1,0,345000,60.9,4,Business,Salaried,North,0,3712.69,0,0,0,23.13,Low,0.0247
LN104445,2025-10-24,31,28200,7.1,349000,12,11.06,696,42.8,1,346000,100.9,1,Auto,Salaried,North,0,30854.97,60,1,0,28.8,Moderate,0.054
LN101666,2025-10-24,29,35600,6.4,297000,36,11.13,618,38.8,0,267000,111.2,1,Personal,Government,Central,0,9741.69,0,0,0,31.16,Moderate,0.1085
LN102709,2025-10-24,52,42700,3.1,623000,84,10.29,645,21.8,0,894000,69.7,2,Home,Contract,North,1,10436.13,0,0,0,23.85,Low,0.037
LN102500,2025-10-24,43,148800,2.6,1169000,48,11.98,765,37.2,0,1070000,109.3,2,Education,Salaried,North,1,30772.78,5,0,0,24.54,Low,0.0279
LN100620,2025-10-24,31,55700,14.4,749000,48,14.01,576,26.1,0,676000,110.8,1,Personal,Salaried,West,2,20471.29,10,0,0,34.14,Moderate,0.1303
LN104649,2025-10-25,36,72100,4.4,524000,36,13.46,674,26.7,1,720000,72.8,3,Personal,Salaried,West,3,17771.95,45,1,0,28.94,Moderate,0.0469
LN102510,2025-10-25,42,150200,2.4,625000,72,9.82,715,38.4,0,1068000,58.5,0,Personal,Salaried,South,0,11522.0,10,0,0,20.68,Low,0.0184
LN100547,2025-10-26,36,81400,12.6,594000,48,12.77,783,59.3,0,552000,107.6,5,Business,Government,South,0,15867.81,0,0,0,26.17,Moderate,0.0385
LN103714,2025-10-26,47,110600,4.6,807000,24,13.03,722,36.5,0,1381000,58.4,1,Personal,Government,West,0,38377.62,0,0,0,19.92,Low,0.0155
LN100198,2025-10-26,39,43300,6.4,399000,24,7.58,796,18.4,1,505000,79.0,2,Personal,Salaried,South,0,17969.36,0,0,0,16.44,Low,0.0068
LN101508,2025-10-26,39,36100,3.0,394000,60,12.0,733,59.0,1,507000,77.7,0,Personal,Self-employed,Central,1,8764.31,0,0,0,29.43,Moderate,0.0758
LN102340,2025-10-26,44,48700,21.1,762000,12,12.83,584,26.8,0,688000,110.8,3,Home,Contract,North,2,67999.0,0,0,0,33.86,Moderate,0.1389
LN103275,2025-10-26,50,77900,11.0,838000,84,14.47,591,18.8,1,872000,96.1,3,Education,Government,West,1,15922.51,90,1,1,30.75,Moderate,0.068
LN100204,2025-10-27,26,203900,4.8,268000,48,10.83,685,36.7,0,237000,113.1,3,Business,Salaried,Central,1,6904.5,0,0,0,29.05,Moderate,0.0671
LN101592,2025-10-27,42,131600,3.2,373000,60,6.5,739,36.8,0,477000,78.2,1,Home,Self-employed,East,1,7298.17,0,0,0,22.72,Low,0.0253
LN100468,2025-10-28,33,55600,5.3,569000,48,9.57,717,31.4,0,413000,137.8,0,Business,Salaried,Central,1,14314.09,0,0,0,28.77,Moderate,0.063
LN102827,2025-10-28,37,58500,16.2,1046000,72,11.74,748,31.4,2,1020000,102.5,1,Home,Salaried,West,1,20308.35,0,0,0,27.6,Moderate,0.0291
LN103753,2025-10-28,34,54300,15.6,471000,48,12.04,744,40.7,0,824000,57.2,1,Auto,Self-employed,West,1,12412.49,0,0,0,21.14,Low,0.0158
LN103436,2025-10-28,43,70100,5.1,1676000,36,7.84,702,58.3,1,2603000,64.4,3,Auto,Self-employed,Central,1,52396.13,0,0,0,29.6,Moderate,0.0687
LN101851,2025-10-29,54,45200,7.2,692000,12,12.68,750,48.4,1,560000,123.6,0,Auto,Government,Central,0,61703.71,0,0,0,29.33,Moderate,0.0574
LN101831,2025-10-30,40,45300,8.3,448000,48,9.77,667,40.9,1,506000,88.5,0,Auto,Self-employed,North,0,11313.02,0,0,0,28.72,Moderate,0.0654
LN104465,2025-10-30,28,35700,16.7,485000,36,10.79,731,51.9,0,538000,90.1,4,Home,Salaried,East,5,15830.09,0,0,0,34.02,Moderate,0.0736
LN102753,2025-10-30,37,45900,5.9,228000,84,9.1,757,56.8,2,298000,76.5,0,Auto,Salaried,West,1,3679.89,0,0,0,29.6,Moderate,0.0464
LN101784,2025-10-31,39,90300,9.3,71000,36,9.47,699,23.8,1,116000,61.2,2,Education,Salaried,North,2,2273.34,5,0,0,24.21,Low,0.019
LN101041,2025-10-31,34,116700,7.4,254000,60,11.99,794,55.7,0,339000,74.9,4,Business,Self-employed,West,1,5648.81,0,0,0,23.26,Low,0.0276
LN103862,2025-10-31,38,53000,0.9,893000,12,9.96,581,34.1,1,947000,94.3,0,Personal,Government,Central,2,78492.28,0,0,0,35.82,Moderate,0.1733
LN103024,2025-10-31,21,14400,12.6,1072000,12,9.33,751,32.3,1,915000,117.2,3,Auto,Contract,South,2,93912.11,0,0,0,28.75,Moderate,0.0542
LN100297,2025-11-01,41,93600,2.9,239000,24,10.92,705,11.2,0,236000,101.3,0,Home,Self-employed,Central,1,11130.4,0,0,0,21.71,Low,0.0221
LN101225,2025-11-01,37,55500,6.3,639000,84,7.73,607,22.5,1,1059000,60.3,0,Home,Salaried,West,0,9873.85,0,0,0,25.39,Moderate,0.0322
LN100499,2025-11-01,26,140100,7.6,1362000,12,10.87,749,32.6,2,2015000,67.6,2,Personal,Self-employed,East,2,120293.24,0,0,0,25.96,Moderate,0.0306
LN104170,2025-11-01,24,38400,19.5,421000,48,6.5,644,37.1,1,536000,78.5,2,Personal,Government,South,3,9984.0,90,1,1,33.18,Moderate,0.0779
LN101022,2025-11-02,38,215000,10.3,117000,60,10.96,794,66.9,0,85000,137.6,3,Personal,Government,North,1,11986.25,0,0,0,31.77,Moderate,0.0923
LN101833,2025-11-02,41,68500,10.6,477000,60,7.24,641,38.8,0,695000,68.6,1,Auto,Contract,Central,2,9499.28,0,0,0,29.02,Moderate,0.0707
LN100682,2025-11-02,33,40100,8.6,285000,36,11.89,719,50.3,1,475000,60.0,4,Business,Salaried,Central,2,9451.11,0,0,0,28.33,Moderate,0.0419
LN103102,2025-11-02,53,51600,12.5,680000,72,7.96,712,35.6,0,603000,112.8,1,Auto,Salaried,Central,1,11909.33,5,0,0,27.37,Moderate,0.0407
LN101934,2025-11-02,62,99100,6.9,344000,60,12.27,731,17.1,0,339000,101.5,2,Personal,Salaried,West,3,7699.11,0,0,0,24.87,Low,0.0256
LN104977,2025-11-02,39,42200,4.9,291000,36,14.41,717,36.0,1,462000,63.0,2,Personal,Government,East,3,10003.74,10,0,0,27.54,Moderate,0.0356
LN104703,2025-11-03,43,65200,13.1,290000,60,14.74,704,57.6,0,382000,75.9,1,Personal,Self-employed,West,0,6859.56,0,0,0,26.84,Moderate,0.056
LN103097,2025-11-03,43,113600,8.1,677000,60,11.46,697,21.4,0,670000,101.0,4,Business,Salaried,East,1,14875.4,0,0,0,24.15,Low,0.0278
LN103571,2025-11-03,50,79200,10.1,249000,36,9.67,623,41.7,1,401000,62.1,1,Auto,Self-employed,East,0,7996.01,0,0,0,28.57,Moderate,0.0633
LN104306,2025-11-04,32,96800,5.0,446000,72,13.28,749,50.9,0,577000,77.3,1,Auto,Salaried,Central,0,9019.1,0,0,0,23.26,Low,0.0241
LN102846,2025-11-04,33,42400,3.6,244000,36,13.65,708,47.4,0,315000,77.5,1,Auto,Contract,Central,1,8297.92,0,0,0,26.41,Moderate,0.0542
LN102646,2025-11-04,35,26500,4.8,819000,48,12.67,650,14.9,2,1332000,61.5,2,Business,Salaried,Central,0,21837.81,0,0,0,23.72,Low,0.0229
LN100788,2025-11-04,37,28100,6.6,516000,24,6.5,777,30.5,1,632000,81.6,2,Business,Salaried,South,1,22985.87,10,0,0,21.79,Low,0.0153
LN104947,2025-11-04,26,48400,4.4,958000,72,12.38,756,36.3,0,1193000,80.3,1,Auto,Salaried,Central,0,18918.93,0,0,0,20.27,Low,0.0145
LN104358,2025-11-05,43,53800,6.1,264000,84,10.33,729,41.2,0,414000,63.8,2,Personal,Salaried,Central,2,4427.86,0,0,0,24.36,Low,0.0261
LN100306,2025-11-05,49,61100,6.8,1344000,72,7.52,653,51.3,0,1681000,80.0,2,Personal,Self-employed,North,2,23250.93,0,0,0,32.02,Moderate,0.1185
LN102215,2025-11-05,40,85200,12.2,352000,60,16.17,769,32.3,0,356000,98.9,0,Home,Salaried,West,2,8591.78,0,0,0,23.97,Low,0.0196
LN101856,2025-11-06,51,69900,1.3,98000,60,11.45,713,26.9,0,160000,61.3,2,Personal,Government,West,1,2152.82,0,0,0,20.43,Low,0.0161
LN102894,2025-11-06,43,25700,14.5,271000,48,14.81,652,54.0,0,230000,117.8,4,Home,Salaried,East,2,7516.06,75,1,0,36.4,Moderate,0.1575
LN102648,2025-11-06,38,40300,15.1,668000,48,10.16,758,23.5,1,967000,69.1,1,Business,Contract,North,2,16993.58,0,0,0,21.81,Low,0.0173
LN100195,2025-11-06,41,52900,2.6,791000,36,14.49,730,70.2,0,600000,131.8,0,Business,Salaried,South,0,27223.14,20,0,0,33.57,Moderate,0.1519
LN101741,2025-11-07,36,53800,6.3,311000,24,11.71,850,26.6,0,332000,93.7,2,Personal,Salaried,East,1,14597.77,0,0,0,16.36,Low,0.0068
LN103086,2025-11-07,37,25100,8.0,272000,12,8.19,793,32.2,0,335000,81.2,3,Home,Salaried,Central,2,23684.75,0,0,0,20.91,Low,0.012
LN104635,2025-11-07,21,33100,6.5,381000,60,13.73,702,21.8,0,548000,69.5,1,Education,Government,North,3,8811.96,0,0,0,24.15,Low,0.0204
LN103324,2025-11-07,48,67100,17.5,336000,36,8.21,850,28.2,0,371000,90.6,0,Home,Salaried,South,1,10561.6,0,0,0,16.37,Low,0.0051
LN100330,2025-11-07,38,50200,10.7,283000,36,8.59,670,38.0,0,184000,153.8,2,Personal,Self-employed,Central,1,8945.42,60,1,0,33.8,Moderate,0.1748
LN104278,2025-11-08,37,52100,6.5,435000,60,13.99,722,37.1,1,373000,116.6,4,Auto,Salaried,East,1,10119.43,0,0,0,29.52,Moderate,0.0547
LN103599,2025-11-08,36,76700,11.1,246000,60,13.87,732,50.5,0,399000,61.7,0,Auto,Salaried,East,1,5707.42,0,0,0,24.18,Low,0.0232
LN101115,2025-11-08,41,39600,7.8,309000,36,8.75,693,41.4,0,269000,114.9,2,Home,Salaried,West,0,9790.2,0,0,0,28.08,Moderate,0.0552
LN104881,2025-11-08,50,57900,6.1,353000,36,10.35,742,30.1,0,366000,96.4,0,Personal,Contract,West,0,11448.41,0,0,0,21.38,Low,0.0276
LN101194,2025-11-09,24,17700,12.0,757000,12,11.82,648,31.0,0,833000,90.9,0,Education,Government,South,0,67194.81,5,0,0,25.98,Moderate,0.0374
LN100415,2025-11-09,31,88600,7.2,785000,36,11.73,746,23.1,0,994000,79.0,2,Personal,Self-employed,West,0,25972.12,0,0,0,18.03,Low,0.0133
LN103016,2025-11-10,24,45700,6.8,181000,36,10.56,737,20.7,0,151000,119.9,2,Auto,Salaried,North,1,5888.06,15,0,0,23.78,Low,0.0237
LN100269,2025-11-10,39,92000,4.0,357000,72,11.76,741,33.5,1,248000,144.0,2,Personal,Self-employed,East,2,6934.94,0,0,0,32.2,Moderate,0.1076
LN100040,2025-11-10,45,82600,13.9,506000,36,8.19,737,49.8,0,833000,60.7,2,Auto,Salaried,South,1,15900.59,10,0,0,23.68,Low,0.0204
LN102561,2025-11-10,39,37800,11.4,203000,84,12.06,722,19.3,0,327000,62.1,1,Personal,Salaried,West,3,3590.02,15,0,0,21.85,Low,0.0141
LN101261,2025-11-11,39,94200,22.9,222000,72,9.28,746,35.7,0,198000,112.1,2,Auto,Government,North,0,4032.59,0,0,0,23.86,Low,0.0209
LN102141,2025-11-11,38,78600,12.0,200000,24,8.89,652,41.2,1,239000,83.7,1,Business,Government,West,0,9126.86,0,0,0,29.09,Moderate,0.0594
LN103541,2025-11-12,51,33800,14.2,1057000,48,13.56,623,41.3,0,1447000,73.0,2,Home,Self-employed,North,3,28651.33,0,0,0,32.58,Moderate,0.0968
LN103014,2025-11-13,33,54200,13.2,539000,60,8.82,705,43.7,1,426000,126.5,0,Business,Self-employed,South,0,11141.73,0,0,0,31.07,Moderate,0.097
LN104983,2025-11-13,37,73100,7.8,558000,36,9.78,669,36.7,0,686000,81.3,0,Personal,Government,South,1,17947.51,0,0,0,26.72,Moderate,0.0444
LN100917,2025-11-13,40,26400,6.0,364000,60,12.43,744,13.4,0,437000,83.3,1,Home,Salaried,South,1,8176.3,0,0,0,18.29,Low,0.0091
LN103977,2025-11-13,51,63400,6.6,88000,72,10.46,783,47.7,2,124000,71.0,2,Auto,Government,West,1,2520.15,0,0,0,25.85,Moderate,0.0239
LN100773,2025-11-13,47,43500,11.3,706000,36,10.8,737,31.9,1,1268000,55.7,1,Business,Salaried,South,1,23046.72,5,0,0,21.6,Low,0.0141
LN102817,2025-11-14,41,42300,23.3,788000,72,8.89,657,27.9,3,1299000,60.7,3,Auto,Salaried,North,3,14161.14,0,0,0,32.87,Moderate,0.0465
LN100448,2025-11-14,33,75800,6.0,984000,36,11.54,721,43.7,0,1423000,69.1,2,Business,Salaried,South,0,32467.11,0,0,0,22.48,Low,0.0233
LN101007,2025-11-14,44,30400,4.6,410000,60,10.89,638,44.7,0,412000,99.5,1,Home,Government,South,0,8891.92,180,1,1,30.11,Moderate,0.0829
LN102345,2025-11-14,48,39900,13.3,1256000,84,17.5,690,21.5,0,1754000,71.6,2,Home,Salaried,South,2,26031.6,75,1,0,23.26,Low,0.0178
LN101907,2025-11-14,28,54700,8.1,493000,36,9.99,618,12.2,1,583000,84.6,0,Home,Contract,Central,1,15905.41,0,0,0,26.85,Moderate,0.0506
LN100800,2025-11-14,46,74900,10.3,417000,36,12.37,825,11.0,0,414000,100.7,1,Home,Salaried,East,1,13924.17,0,0,0,15.26,Low,0.0048
LN102446,2025-11-14,41,94300,4.2,142000,48,10.57,632,23.2,0,178000,79.8,3,Home,Salaried,South,1,3640.48,0,0,0,25.83,Moderate,0.0368
LN103112,2025-11-14,35,28000,5.2,251000,60,11.01,659,29.9,0,177000,141.8,2,Home,Self-employed,South,1,5458.6,0,0,0,31.94,Moderate,0.1214
LN100280,2025-11-15,39,47800,1.9,1137000,36,6.5,652,21.9,0,989000,115.0,0,Home,Self-employed,North,0,34847.92,0,0,0,26.36,Moderate,0.0572
LN103360,2025-11-15,28,89000,27.3,704000,72,11.44,659,25.6,0,884000,79.6,0,Personal,Contract,South,2,13559.18,0,0,0,26.53,Moderate,0.0411
LN101548,2025-11-15,45,78400,4.1,1233000,24,9.75,850,32.8,0,876000,140.8,2,Home,Government,West,3,56754.53,10,0,0,25.64,Moderate,0.0254
LN103339,2025-11-15,54,59900,7.0,229000,48,9.85,691,22.2,1,331000,69.2,5,Education,Contract,West,6,5791.55,180,1,1,31.78,Moderate,0.0646
LN104391,2025-11-16,45,134500,1.9,318000,48,8.89,741,28.0,0,219000,145.2,3,Personal,Salaried,West,1,7896.84,0,0,0,27.56,Moderate,0.0544
LN101603,2025-11-16,31,79600,13.9,335000,36,12.64,615,34.5,0,305000,109.8,2,Home,Salaried,East,2,11229.47,5,0,0,33.65,Moderate,0.1067
LN104572,2025-11-17,45,51400,16.3,265000,24,7.48,767,5.0,0,349000,75.9,0,Auto,Government,East,0,11922.48,10,0,0,12.98,Low,0.0034
LN102299,2025-11-17,24,111400,5.8,197000,60,11.47,649,39.2,0,279000,70.6,1,Home,Salaried,Central,2,4329.58,0,0,0,28.87,Moderate,0.0529
LN102203,2025-11-17,26,43400,27.3,231000,60,13.14,804,45.8,0,390000,59.2,2,Auto,Government,West,2,5272.53,0,0,0,20.85,Low,0.0087
LN102868,2025-11-17,43,37300,7.6,244000,60,11.38,837,27.3,0,370000,65.9,1,Business,Salaried,South,0,5351.51,15,0,0,12.74,Low,0.0039
LN101599,2025-11-17,31,149900,8.1,263000,60,14.29,662,43.1,0,172000,152.9,1,Personal,Contract,Central,2,6159.16,20,0,0,36.91,Moderate,0.2767
LN102732,2025-11-17,43,53500,4.2,511000,36,11.29,801,28.6,0,481000,106.2,3,Business,Salaried,South,2,16799.75,0,0,0,22.27,Low,0.0178
LN100719,2025-11-17,37,26000,6.6,818000,72,7.91,735,25.9,1,1226000,66.7,2,Business,Salaried,East,1,14306.27,0,0,0,21.6,Low,0.0152
LN103262,2025-11-18,30,59400,5.6,552000,36,14.63,622,40.1,0,384000,143.8,2,Business,Government,West,0,19035.4,0,0,0,34.47,Moderate,0.1792
LN102214,2025-11-18,34,65400,18.8,549000,60,16.4,640,42.1,1,865000,63.5,4,Business,Salaried,Central,5,13467.57,20,0,0,36.22,Moderate,0.102
LN104978,2025-11-18,42,40000,8.7,946000,24,10.66,692,46.8,1,1567000,60.4,4,Home,Salaried,East,2,43941.83,0,0,0,29.1,Moderate,0.0441
LN103350,2025-11-18,33,31500,6.1,356000,36,13.29,664,29.1,0,509000,69.9,1,Home,Salaried,South,2,12044.83,0,0,0,25.99,Moderate,0.0321
LN104702,2025-11-18,44,86200,20.5,343000,60,11.49,755,25.4,1,250000,137.2,2,Auto,Self-employed,South,0,7541.74,0,0,0,25.83,Moderate,0.0326
LN104013,2025-11-18,40,69800,4.7,577000,36,10.66,624,38.1,0,509000,113.4,0,Personal,Government,North,5,18797.47,240,1,1,39.26,Moderate,0.2269
LN100831,2025-11-19,30,61400,11.0,368000,72,11.5,712,13.5,0,594000,62.0,3,Home,Contract,North,2,7099.15,0,0,0,19.54,Low,0.0134
LN102024,2025-11-19,21,112200,13.0,669000,72,13.9,736,60.2,1,1113000,60.1,3,Business,Salaried,South,1,13749.44,0,0,0,27.75,Moderate,0.0393
LN104853,2025-11-19,39,47800,9.8,1558000,84,8.75,630,32.4,1,2796000,55.7,2,Education,Self-employed,North,3,24869.56,0,0,0,30.7,Moderate,0.0654
LN101788,2025-11-19,41,38400,7.2,1112000,60,10.94,738,34.4,0,1377000,80.8,0,Business,Salaried,South,2,24144.31,0,0,0,24.22,Low,0.0246
LN103485,2025-11-19,33,93500,8.2,477000,36,10.8,791,25.6,0,621000,76.8,2,Personal,Self-employed,West,3,15571.23,0,0,0,20.92,Low,0.015
LN104274,2025-11-19,21,47500,9.7,1093000,72,11.75,667,60.6,0,1193000,91.6,3,Business,Salaried,South,2,21226.53,10,0,0,34.3,Moderate,0.1306
LN102351,2025-11-19,44,69100,1.5,282000,48,9.05,727,5.0,0,293000,96.2,0,Business,Salaried,East,0,7024.28,5,0,0,17.13,Low,0.01
LN104451,2025-11-19,34,79400,13.3,1098000,60,11.2,699,37.5,0,1513000,72.6,3,Business,Self-employed,North,1,23982.84,0,0,0,24.42,Low,0.0329
LN101644,2025-11-19,28,40600,10.9,317000,60,10.23,659,21.1,1,231000,137.2,1,Personal,Salaried,North,0,6771.24,0,0,0,30.05,Moderate,0.0734
LN102756,2025-11-19,40,41100,12.7,702000,72,14.72,699,33.8,0,915000,76.7,1,Education,Salaried,Central,0,14737.26,20,0,0,22.42,Low,0.0193
LN100075,2025-11-20,45,68200,2.0,921000,48,7.86,685,27.2,1,745000,123.6,2,Personal,Salaried,East,0,22423.83,0,0,0,28.54,Moderate,0.0634
LN104055,2025-11-20,40,46700,18.2,848000,72,6.5,747,30.9,1,1052000,80.6,2,Auto,Salaried,West,1,14254.82,0,0,0,23.36,Low,0.0157
LN101868,2025-11-20,28,50500,19.4,172000,60,12.36,675,63.3,0,291000,59.1,0,Personal,Salaried,Central,0,3857.41,0,0,0,27.83,Moderate,0.0497
LN101034,2025-11-21,34,32800,2.6,277000,60,11.58,604,40.9,0,341000,81.2,1,Auto,Self-employed,Central,3,6103.08,0,0,0,34.32,Moderate,0.1498
LN103270,2025-11-21,36,32000,10.1,318000,36,15.97,703,27.2,1,470000,67.7,1,Personal,Salaried,Central,0,11175.23,0,0,0,21.99,Low,0.018
LN101742,2025-11-21,39,30600,4.3,1102000,48,11.67,651,33.6,2,1899000,58.0,0,Home,Contract,South,0,28841.65,0,0,0,27.06,Moderate,0.0514
LN100835,2025-11-21,40,53100,15.3,189000,72,9.8,807,31.5,0,145000,130.3,2,Business,Salaried,North,1,3482.35,0,0,0,23.27,Low,0.0202
LN101436,2025-11-21,36,34100,17.6,140000,24,12.05,694,36.1,3,176000,79.5,2,Personal,Salaried,North,0,6593.56,0,0,0,29.43,Moderate,0.0431
LN100519,2025-11-21,45,31600,0.9,651000,36,11.12,725,16.4,0,1114000,58.4,0,Personal,Salaried,North,0,21349.92,0,0,0,15.74,Low,0.0079
LN102620,2025-11-21,44,44200,4.5,886000,48,12.21,752,30.7,2,1463000,60.6,1,Personal,Government,West,5,23423.24,5,0,0,29.72,Moderate,0.0352
LN102816,2025-11-21,42,49200,5.2,495000,48,11.55,622,34.4,1,333000,148.6,0,Personal,Self-employed,East,2,12926.15,30,1,0,39.14,Moderate,0.3038
LN103974,2025-11-21,41,96200,4.7,387000,48,10.27,763,44.4,2,342000,113.2,3,Auto,Salaried,East,0,9865.58,0,0,0,28.81,Moderate,0.0466
LN100464,2025-11-21,37,25300,11.3,466000,60,15.27,789,40.9,0,693000,67.2,1,Auto,Self-employed,West,0,11152.26,15,0,0,18.13,Low,0.0109
LN102204,2025-11-22,29,28100,5.8,324000,12,12.5,713,38.3,1,432000,75.0,1,Auto,Salaried,East,1,28862.85,0,0,0,26.08,Moderate,0.0306
LN101304,2025-11-23,43,25500,8.8,251000,12,15.13,695,13.2,0,178000,141.0,1,Home,Salaried,Central,2,22670.24,0,0,0,28.28,Moderate,0.046
LN100354,2025-11-23,38,50200,14.5,418000,84,12.26,762,45.6,0,690000,60.6,0,Business,Salaried,East,0,7437.09,0,0,0,19.84,Low,0.0126
LN103004,2025-11-23,43,120000,7.2,584000,36,15.18,742,31.4,1,570000,102.5,1,Personal,Contract,Central,0,20296.07,0,0,0,24.25,Low,0.0383
LN102442,2025-11-23,26,67900,5.0,1134000,84,12.63,618,29.8,0,1101000,103.0,3,Personal,Contract,North,1,20402.26,0,0,0,30.21,Moderate,0.1173
LN100858,2025-11-23,33,56300,14.9,366000,60,12.48,724,54.6,0,615000,59.5,1,Auto,Salaried,South,1,8230.52,0,0,0,25.21,Moderate,0.0263
LN104874,2025-11-23,33,75700,6.7,782000,48,10.93,780,5.0,2,1140000,68.6,0,Business,Contract,West,0,20184.63,10,0,0,15.57,Low,0.007
LN103823,2025-11-23,40,47600,8.7,889000,60,16.12,674,46.2,2,1417000,62.7,0,Home,Salaried,North,1,21675.48,0,0,0,30.49,Moderate,0.0544
LN103691,2025-11-23,46,71600,5.8,599000,36,9.52,607,52.5,0,640000,93.6,3,Auto,Salaried,Central,1,19193.34,5,0,0,34.39,Moderate,0.1462
LN103303,2025-11-23,29,69500,10.5,352000,84,14.36,653,18.3,1,272000,129.4,3,Personal,Salaried,Central,1,6666.68,10,0,0,30.7,Moderate,0.0739
LN101233,2025-11-23,61,19700,9.6,1119000,48,13.6,632,19.8,0,1840000,60.8,1,Business,Government,North,1,30354.27,0,0,0,23.25,Low,0.024
LN104377,2025-11-23,56,116800,11.8,251000,60,8.47,656,21.6,1,374000,67.1,2,Personal,Salaried,North,2,5146.02,0,0,0,26.63,Moderate,0.0322
LN103808,2025-11-24,44,82100,9.8,704000,48,9.97,739,42.7,1,1078000,65.3,3,Personal,Salaried,West,0,17845.12,0,0,0,22.95,Low,0.0207
LN101913,2025-11-24,43,113600,10.4,675000,36,16.69,650,27.6,0,1043000,64.7,2,Auto,Salaried,North,1,23961.58,0,0,0,24.24,Low,0.0252
LN100273,2025-11-24,38,90900,5.0,863000,72,15.87,719,15.2,0,938000,92.0,2,Business,Self-employed,South,2,18658.34,10,0,0,22.51,Low,0.024
LN103804,2025-11-24,30,78800,1.8,200000,48,10.97,641,54.9,0,237000,84.4,3,Home,Salaried,East,1,5166.19,0,0,0,32.15,Moderate,0.1066
LN102294,2025-11-25,31,68900,3.2,311000,36,12.07,649,42.5,1,466000,66.7,1,Auto,Salaried,West,4,10340.05,0,0,0,34.48,Moderate,0.0962
LN101533,2025-11-25,37,118700,9.0,284000,60,10.93,552,20.5,0,392000,72.4,0,Business,Salaried,South,1,6164.94,0,0,0,28.78,Moderate,0.0651
LN102216,2025-11-25,34,48900,17.7,311000,60,11.28,734,22.3,1,245000,126.9,2,Home,Contract,West,2,6805.4,15,0,0,28.62,Moderate,0.0502
LN101265,2025-11-25,25,69500,6.5,563000,48,9.91,742,37.5,1,710000,79.3,0,Business,Salaried,Central,0,14254.81,0,0,0,23.15,Low,0.0221
LN101343,2025-11-26,49,60000,6.7,986000,36,14.07,650,44.2,0,1071000,92.1,1,Home,Salaried,South,2,33732.68,0,0,0,31.97,Moderate,0.0874
LN101567,2025-11-26,43,59200,5.1,228000,48,13.61,699,31.1,1,308000,74.0,1,Personal,Salaried,South,1,6185.92,0,0,0,25.28,Moderate,0.0306
LN100348,2025-11-26,32,24900,15.6,222000,48,10.67,699,31.2,1,149000,149.0,1,Auto,Salaried,North,2,5702.19,0,0,0,34.47,Moderate,0.0998
LN101696,2025-11-26,29,104900,10.5,279000,84,13.13,651,42.4,2,396000,70.5,3,Auto,Self-employed,North,1,5095.3,10,0,0,31.73,Moderate,0.0813
LN103473,2025-11-27,28,48900,7.2,907000,60,13.01,559,33.4,0,716000,126.7,1,Personal,Self-employed,North,1,20641.68,90,1,1,36.42,Moderate,0.2615
LN100420,2025-11-27,57,66100,13.5,959000,60,8.71,619,53.0,1,1539000,62.3,0,Personal,Salaried,East,0,19772.56,0,0,0,31.06,Moderate,0.0827
LN102464,2025-11-27,46,179100,12.3,468000,36,6.79,578,42.4,0,474000,98.7,0,Auto,Salaried,North,1,14405.59,0,0,0,34.42,Moderate,0.1378
LN104212,2025-11-27,45,116400,5.6,223000,48,11.47,769,41.3,0,278000,80.2,1,Business,Salaried,North,1,5814.58,0,0,0,22.23,Low,0.0196
LN100272,2025-11-27,48,36500,5.1,1130000,48,12.22,787,45.8,0,1622000,69.7,1,Home,Salaried,North,0,29879.44,0,0,0,19.47,Low,0.0121
LN100065,2025-11-28,50,58900,3.7,98000,48,13.21,730,24.3,0,140000,70.0,0,Auto,Salaried,North,2,2639.32,5,0,0,21.55,Low,0.0148
LN101126,2025-11-28,41,114100,10.3,1318000,84,13.22,792,43.6,2,2117000,62.3,2,Auto,Salaried,East,0,24134.93,0,0,0,22.02,Low,0.0129
LN101908,2025-11-28,27,43000,6.2,365000,48,10.57,680,28.7,0,557000,65.5,2,Personal,Salaried,North,1,9357.58,0,0,0,22.96,Low,0.0237
LN104773,2025-11-28,38,58700,7.6,166000,72,9.29,722,7.1,0,177000,93.8,0,Personal,Salaried,East,1,3016.19,15,0,0,19.24,Low,0.012
LN101058,2025-11-28,43,231000,12.9,225000,72,9.21,648,21.2,3,178000,126.4,0,Education,Salaried,South,3,4081.0,0,0,0,38.57,Moderate,0.1387
LN100079,2025-11-29,21,132100,14.8,710000,36,12.49,821,61.6,2,529000,134.2,0,Auto,Salaried,South,1,23748.67,5,0,0,32.94,Moderate,0.0698
LN104242,2025-11-29,33,64600,8.3,357000,48,12.33,759,20.5,0,600000,59.5,4,Auto,Salaried,West,0,9459.13,5,0,0,14.87,Low,0.0053
LN100121,2025-11-30,30,52700,13.4,498000,60,11.56,652,41.9,0,831000,59.9,1,Education,Government,Central,1,10967.32,10,0,0,26.52,Moderate,0.0354
LN101262,2025-11-30,43,60300,5.9,242000,12,15.21,630,15.6,1,309000,78.3,2,Home,Salaried,Central,0,21866.5,0,0,0,24.6,Low,0.0281
LN101121,2025-11-30,49,69800,9.1,117000,60,11.71,611,36.7,0,130000,90.0,4,Business,Government,West,0,2585.49,0,0,0,28.99,Moderate,0.0723
LN101307,2025-11-30,38,98100,12.3,316000,48,9.12,691,38.9,0,322000,98.1,1,Auto,Salaried,West,2,7881.69,0,0,0,29.34,Moderate,0.0513
LN104770,2025-11-30,38,9900,5.4,160000,72,7.34,691,40.1,2,226000,70.8,2,Personal,Government,West,0,2754.04,0,0,0,27.52,Moderate,0.043
LN101329,2025-11-30,43,68600,8.5,1806000,48,9.67,704,45.3,0,2690000,67.1,3,Personal,Government,East,0,45519.14,0,0,0,23.5,Low,0.0275
LN104674,2025-11-30,45,87800,13.6,410000,36,8.78,689,37.8,0,424000,96.7,2,Auto,Salaried,East,0,12995.95,0,0,0,25.75,Moderate,0.0342
LN101037,2025-12-01,25,28800,8.4,144000,36,12.35,737,42.2,1,165000,87.3,0,Personal,Salaried,East,1,4806.97,0,0,0,26.82,Moderate,0.0371
LN100622,2025-12-01,55,41400,5.0,684000,36,7.2,634,20.5,0,1118000,61.2,2,Home,Self-employed,South,0,21182.54,120,1,1,21.66,Low,0.0245
LN103290,2025-12-02,51,62300,14.0,465000,24,11.24,754,35.0,0,705000,66.0,1,Home,Salaried,North,1,21724.49,0,0,0,20.35,Low,0.0114
LN103418,2025-12-02,26,49900,8.9,290000,60,17.19,732,54.7,0,444000,65.3,2,Home,Salaried,North,1,7236.91,15,0,0,25.38,Moderate,0.0295
LN104706,2025-12-02,51,137300,13.5,899000,72,9.89,745,40.6,1,1227000,73.3,0,Business,Contract,South,1,16604.9,20,0,0,24.68,Low,0.0325
LN104521,2025-12-02,48,168300,10.8,629000,48,12.25,735,5.8,1,1115000,56.4,0,Home,Government,West,0,16641.3,0,0,0,14.89,Low,0.0045
LN101368,2025-12-02,34,43800,9.7,2068000,60,11.74,680,38.0,0,2452000,84.3,1,Business,Salaried,North,0,45730.27,10,0,0,25.03,Moderate,0.0353
LN102977,2025-12-02,30,92000,8.1,306000,60,11.4,628,57.6,0,532000,57.5,3,Home,Self-employed,Central,0,6714.39,5,0,0,29.02,Moderate,0.0801
LN101878,2025-12-02,23,56300,4.8,520000,72,14.79,654,33.3,0,495000,105.1,3,Personal,Salaried,West,0,10936.19,0,0,0,27.55,Moderate,0.0604
LN104059,2025-12-03,36,113000,5.4,386000,48,15.83,682,49.6,1,424000,91.0,3,Business,Self-employed,North,0,10905.77,0,0,0,29.91,Moderate,0.0897
LN103417,2025-12-04,40,68000,5.6,324000,72,10.78,785,47.8,0,522000,62.1,5,Business,Salaried,West,0,6130.59,0,0,0,19.21,Low,0.0127
LN104504,2025-12-04,36,157800,4.5,571000,72,12.28,779,50.8,0,375000,152.3,1,Business,Salaried,South,0,11246.48,0,0,0,28.92,Moderate,0.0726
LN100179,2025-12-04,62,65500,3.1,353000,48,8.0,790,29.9,1,545000,64.8,1,Personal,Contract,East,1,8617.76,5,0,0,19.3,Low,0.0149
LN103832,2025-12-05,47,51500,3.6,596000,72,17.35,818,43.9,1,946000,63.0,3,Auto,Salaried,South,2,13375.36,0,0,0,22.11,Low,0.0132
LN102781,2025-12-05,32,105800,1.5,784000,60,11.9,708,37.4,0,1292000,60.7,1,Personal,Salaried,East,1,17400.05,0,0,0,22.73,Low,0.0239
LN104634,2025-12-06,32,62900,15.7,959000,36,9.09,739,21.7,0,906000,105.8,2,Home,Salaried,North,0,30536.13,0,0,0,20.8,Low,0.0138
LN102749,2025-12-06,36,126800,13.6,325000,84,11.72,623,25.8,1,448000,72.5,3,Auto,Salaried,North,2,5688.59,0,0,0,29.76,Moderate,0.0485
LN103820,2025-12-06,34,78000,3.0,363000,12,13.17,691,29.1,0,447000,81.2,2,Personal,Salaried,East,2,32451.13,0,0,0,25.69,Moderate,0.0354
LN101819,2025-12-06,29,50100,5.9,236000,48,9.58,704,7.3,0,280000,84.3,1,Business,Salaried,North,1,5938.08,5,0,0,19.29,Low,0.0123
LN100171,2025-12-06,31,35300,5.7,720000,36,6.5,709,26.6,0,1191000,60.5,1,Personal,Contract,South,1,22067.28,10,0,0,20.5,Low,0.0216
LN104310,2025-12-06,38,163600,8.1,225000,36,11.88,697,39.2,1,216000,104.2,1,Personal,Salaried,South,0,7460.33,10,0,0,28.36,Moderate,0.0555
LN102693,2025-12-07,37,60200,5.8,458000,60,15.27,741,26.9,0,578000,79.2,1,Home,Salaried,Central,1,10960.81,5,0,0,20.74,Low,0.0139
LN102802,2025-12-07,41,44400,9.8,2012000,36,15.46,727,27.3,0,2086000,96.5,0,Business,Salaried,South,2,70200.72,0,0,0,24.96,Low,0.0273
LN104565,2025-12-07,33,68300,19.4,924000,72,8.74,657,21.7,1,1250000,73.9,0,Home,Salaried,West,0,16536.61,0,0,0,23.95,Low,0.0202
LN100455,2025-12-07,31,127200,5.6,308000,72,11.09,653,17.8,0,263000,117.1,0,Auto,Salaried,North,1,5876.7,0,0,0,27.37,Moderate,0.0468
LN101517,2025-12-07,44,69700,7.1,535000,72,10.62,849,41.8,1,751000,71.2,2,Personal,Salaried,East,1,10079.41,10,0,0,19.2,Low,0.0094
LN102787,2025-12-08,26,47900,12.4,436000,36,10.44,850,29.7,0,769000,56.7,1,Home,Salaried,West,0,14158.73,0,0,0,11.61,Low,0.0026
LN104149,2025-12-08,40,79400,10.0,343000,72,13.15,773,18.3,1,394000,87.1,3,Personal,Salaried,Central,2,6912.6,45,1,0,21.78,Low,0.0134
LN103954,2025-12-08,33,56800,19.3,256000,48,10.7,749,38.9,0,293000,87.4,3,Personal,Salaried,West,3,6579.22,0,0,0,26.87,Moderate,0.0295
LN100288,2025-12-08,41,48600,7.7,318000,36,9.1,620,50.2,1,287000,110.8,1,Home,Salaried,South,1,10127.12,5,0,0,36.96,Moderate,0.1833
LN103946,2025-12-08,43,59100,7.3,1123000,84,13.57,781,53.7,1,1872000,60.0,0,Business,Government,South,0,20779.18,10,0,0,22.39,Low,0.0185
LN104076,2025-12-09,35,55300,10.5,249000,60,11.79,761,28.8,0,396000,62.9,0,Business,Salaried,South,1,5512.48,0,0,0,18.43,Low,0.0094
LN101188,2025-12-10,43,64300,11.9,822000,60,12.96,624,41.2,2,1431000,57.4,2,Home,Salaried,West,1,18686.2,0,0,0,31.61,Moderate,0.0646
LN103415,2025-12-10,37,74900,7.0,403000,60,11.55,704,38.1,0,702000,57.4,1,Business,Salaried,West,1,8873.14,0,0,0,22.76,Low,0.0217
LN100377,2025-12-10,40,22100,8.5,128000,84,10.98,668,16.5,3,230000,55.7,3,Auto,Self-employed,East,1,2190.33,0,0,0,26.17,Moderate,0.0283
LN102720,2025-12-10,56,59800,11.9,1041000,72,8.9,729,24.1,0,1634000,63.7,2,Home,Government,West,0,18712.96,20,0,0,17.6,Low,0.0083
LN101863,2025-12-11,22,73500,16.8,370000,84,10.48,655,30.9,0,416000,88.9,0,Home,Contract,Central,2,6234.59,0,0,0,28.73,Moderate,0.0618
LN102968,2025-12-11,22,53500,5.3,138000,48,8.75,712,23.2,1,159000,86.8,0,Auto,Salaried,West,1,3417.78,0,0,0,24.29,Low,0.0229
LN102438,2025-12-12,34,31400,4.8,155000,60,8.58,709,45.4,1,129000,120.2,1,Personal,Salaried,Central,1,3186.04,0,0,0,32.23,Moderate,0.098
LN100579,2025-12-12,48,65500,5.5,678000,84,7.62,666,35.2,1,709000,95.6,2,Personal,Government,East,0,10439.55,0,0,0,28.34,Moderate,0.0584
LN104473,2025-12-12,43,50900,12.5,225000,36,14.25,833,40.1,1,347000,64.8,2,Home,Self-employed,South,1,7717.32,0,0,0,19.07,Low,0.0094
LN104321,2025-12-12,37,53500,4.9,393000,36,13.11,725,20.1,0,577000,68.1,1,Home,Salaried,Central,1,13262.55,0,0,0,19.11,Low,0.0107
LN104373,2025-12-12,39,76200,11.7,296000,36,9.56,709,35.9,2,384000,77.1,0,Home,Government,East,2,9490.06,0,0,0,29.69,Moderate,0.0403
LN100833,2025-12-13,31,96400,21.0,1125000,60,8.7,600,19.9,0,1116000,100.8,2,Auto,Salaried,North,2,23189.69,0,0,0,30.63,Moderate,0.0599
LN102049,2025-12-13,39,37400,15.5,556000,60,11.57,803,30.3,0,810000,68.6,4,Personal,Salaried,Central,0,12247.44,180,1,1,15.41,Low,0.0057
LN100459,2025-12-13,27,59000,5.1,462000,72,10.86,757,51.0,0,508000,90.9,2,Auto,Contract,North,0,8760.65,0,0,0,24.21,Low,0.0397
LN103463,2025-12-14,47,38200,12.9,286000,84,11.14,642,23.9,1,364000,78.6,1,Business,Salaried,West,1,4918.09,0,0,0,27.32,Moderate,0.0395
LN101330,2025-12-14,52,122400,4.6,715000,72,15.16,653,30.1,0,504000,141.9,1,Business,Salaried,East,3,15180.88,0,0,0,35.64,Moderate,0.1596
LN101661,2025-12-15,37,48000,6.4,820000,60,11.87,541,53.0,0,617000,132.9,0,Personal,Salaried,Central,2,18186.62,90,1,1,43.58,Moderate,0.4778
LN104828,2025-12-15,46,83500,6.8,459000,84,10.33,750,46.5,1,745000,61.6,3,Home,Salaried,North,1,7698.44,0,0,0,24.42,Low,0.022
LN103034,2025-12-15,39,55600,21.2,258000,48,13.41,569,38.6,2,420000,61.4,1,Home,Salaried,North,0,6974.11,0,0,0,32.74,Moderate,0.0786
LN101040,2025-12-15,53,102800,8.4,492000,36,15.29,723,40.3,0,539000,91.3,1,Home,Contract,Central,0,17125.3,0,0,0,23.91,Low,0.0369
LN101595,2025-12-16,29,123000,12.9,256000,48,7.21,648,43.6,0,435000,58.9,2,Auto,Government,Central,1,6155.21,15,0,0,26.97,Moderate,0.0385
LN103059,2025-12-16,34,40400,0.6,215000,36,9.63,804,31.1,1,226000,95.1,1,Personal,Salaried,Central,0,6900.16,0,0,0,20.17,Low,0.0142
LN103467,2025-12-16,39,127400,5.1,328000,48,8.34,722,64.1,0,436000,75.2,5,Personal,Self-employed,East,0,8059.89,60,1,0,27.12,Moderate,0.0648
LN102003,2025-12-16,35,58100,5.6,254000,36,13.1,698,33.2,0,380000,66.8,2,Auto,Salaried,North,0,8570.5,0,0,0,21.37,Low,0.0178
LN103394,2025-12-16,56,43500,4.8,1417000,36,12.4,683,42.5,0,1956000,72.4,0,Education,Self-employed,North,1,47335.85,0,0,0,26.25,Moderate,0.0465
LN100702,2025-12-17,32,66800,5.8,354000,60,9.89,708,33.5,0,589000,60.1,2,Personal,Salaried,South,0,7502.31,0,0,0,20.23,Low,0.0163
LN104471,2025-12-18,50,138500,5.3,478000,60,11.66,734,44.3,2,708000,67.5,2,Auto,Government,North,2,10550.9,0,0,0,29.08,Moderate,0.039
LN104044,2025-12-18,46,56200,14.8,210000,84,13.92,619,45.8,1,139000,151.1,0,Business,Salaried,East,1,3926.13,180,1,1,40.06,Moderate,0.2851
LN101956,2025-12-19,21,68000,5.7,402000,60,9.62,729,47.3,0,695000,57.8,1,Business,Contract,East,0,8466.34,5,0,0,21.65,Low,0.0282
LN102091,2025-12-19,41,145400,13.3,503000,24,10.28,755,50.7,0,446000,112.8,3,Business,Salaried,South,1,23275.96,0,0,0,28.12,Moderate,0.0486
LN104660,2025-12-19,51,63400,11.8,360000,36,11.71,781,31.6,1,628000,57.3,2,Education,Contract,West,1,11907.35,0,0,0,19.37,Low,0.0118
LN103469,2025-12-19,36,49500,7.5,268000,48,11.45,850,36.0,0,423000,63.4,4,Personal,Salaried,West,2,6985.31,0,0,0,16.87,Low,0.0064
LN102107,2025-12-19,44,60500,22.8,467000,48,9.45,653,7.8,1,358000,130.4,4,Auto,Government,East,1,11721.36,0,0,0,28.7,Moderate,0.0399
LN102236,2025-12-19,38,57500,4.9,279000,24,12.69,700,5.0,0,237000,117.7,1,Home,Government,Central,0,13223.58,0,0,0,20.71,Low,0.0165
LN101012,2025-12-19,57,71500,9.8,359000,84,10.67,740,31.9,1,365000,98.4,2,Education,Salaried,North,0,6084.84,0,0,0,24.04,Low,0.0225
LN102956,2025-12-20,46,63700,18.2,1544000,24,15.17,827,38.2,0,1484000,104.0,2,Home,Salaried,Central,0,74988.15,10,0,0,19.26,Low,0.0095
LN102411,2025-12-20,52,68100,17.4,312000,48,14.01,640,33.2,0,216000,144.4,3,Personal,Government,East,0,8527.43,15,0,0,32.2,Moderate,0.1101
LN103237,2025-12-20,27,40500,5.0,413000,36,7.89,726,22.5,1,701000,58.9,4,Business,Salaried,Central,1,12920.97,0,0,0,20.62,Low,0.0132
LN103779,2025-12-21,37,59900,4.6,1462000,36,9.87,625,35.1,1,2324000,62.9,5,Personal,Salaried,West,2,47085.45,0,0,0,30.56,Moderate,0.0699
LN102043,2025-12-21,39,31300,3.5,2173000,48,11.75,620,14.4,0,1994000,109.0,1,Business,Salaried,Central,1,56957.06,10,0,0,27.62,Moderate,0.0564
LN102764,2025-12-21,40,131500,8.5,369000,72,13.2,738,38.7,0,639000,57.7,0,Personal,Salaried,East,0,7446.35,0,0,0,19.44,Low,0.0133
LN102585,2025-12-21,32,43800,13.1,652000,72,9.58,772,43.9,0,1158000,56.3,3,Auto,Salaried,East,0,11941.21,0,0,0,18.54,Low,0.0092
LN100751,2025-12-21,26,36000,3.1,476000,36,8.79,680,47.6,1,767000,62.1,4,Personal,Government,Central,3,15090.19,0,0,0,31.73,Moderate,0.075
LN102758,2025-12-22,28,33100,4.1,303000,60,14.54,650,18.2,0,210000,144.3,2,Auto,Contract,North,0,7135.39,0,0,0,28.66,Moderate,0.0922
LN104530,2025-12-22,40,95900,19.1,389000,36,11.19,640,29.7,0,497000,78.3,5,Home,Self-employed,West,1,12770.39,0,0,0,26.55,Moderate,0.0412
LN103876,2025-12-23,47,56900,10.8,255000,72,16.13,705,15.4,0,303000,84.2,2,Auto,Government,Central,2,5549.69,5,0,0,22.51,Low,0.0162
LN104923,2025-12-23,51,107400,3.6,479000,48,12.85,658,55.0,1,489000,98.0,0,Home,Salaried,East,2,12814.74,15,0,0,36.3,Moderate,0.1551
LN101463,2025-12-23,30,86700,11.0,756000,12,10.69,639,29.3,0,944000,80.1,4,Business,Salaried,Central,4,66707.27,0,0,0,31.71,Moderate,0.0706
LN104457,2025-12-23,26,66700,3.4,766000,36,11.82,630,17.5,0,529000,144.8,1,Personal,Contract,West,2,25376.36,0,0,0,32.96,Moderate,0.1663
LN103514,2025-12-23,42,52800,7.1,192000,84,11.56,737,53.6,0,263000,73.0,1,Personal,Government,West,2,3344.31,0,0,0,27.34,Moderate,0.0424
LN101994,2025-12-24,41,48000,9.8,546000,84,14.82,652,37.7,1,629000,86.8,1,Home,Salaried,North,2,10480.96,120,1,1,32.04,Moderate,0.0734
LN101315,2025-12-24,26,91700,10.4,521000,36,13.8,645,47.1,0,348000,149.7,0,Home,Self-employed,Central,2,17755.98,0,0,0,38.58,Moderate,0.2703
LN100488,2025-12-25,53,46200,9.2,648000,36,15.71,782,40.5,1,725000,89.4,4,Home,Salaried,West,1,22689.09,0,0,0,24.31,Low,0.0206
LN102992,2025-12-25,39,142700,8.5,281000,24,9.45,567,41.1,0,256000,109.8,3,Home,Government,West,0,12895.51,0,0,0,34.18,Moderate,0.1554
LN101862,2025-12-25,45,164400,5.8,243000,72,11.59,772,57.2,1,311000,78.1,4,Personal,Salaried,North,3,7836.4,10,0,0,30.38,Moderate,0.0547
LN103151,2025-12-26,35,50100,16.8,352000,72,11.82,684,15.2,0,456000,77.2,1,Personal,Government,West,0,6848.76,0,0,0,19.55,Low,0.0126
LN104716,2025-12-26,59,73600,2.9,224000,36,8.68,766,36.9,0,351000,63.8,0,Personal,Salaried,Central,1,7089.83,0,0,0,19.87,Low,0.0137
LN102295,2025-12-26,43,53200,17.5,490000,60,14.45,793,33.4,1,721000,68.0,1,Personal,Contract,East,3,11516.08,0,0,0,23.5,Low,0.0199
LN101410,2025-12-26,50,80300,6.9,543000,60,15.66,592,10.4,1,584000,93.0,0,Auto,Salaried,Central,2,13106.81,5,0,0,30.37,Moderate,0.0609
LN104949,2025-12-27,42,121400,8.4,921000,84,12.32,637,66.6,0,871000,105.7,1,Business,Self-employed,South,4,16416.2,45,1,0,41.83,Moderate,0.37
LN101580,2025-12-28,40,56600,12.1,592000,48,12.28,624,29.9,0,824000,71.8,0,Personal,Contract,South,0,15671.14,10,0,0,25.12,Moderate,0.051
LN104822,2025-12-28,30,44100,4.0,120000,36,11.05,718,26.2,1,138000,87.0,1,Auto,Salaried,North,1,3931.49,0,0,0,24.59,Low,0.0244
LN100911,2025-12-28,40,62400,13.9,530000,60,16.16,705,31.8,0,543000,97.6,3,Business,Government,West,1,12933.67,45,1,0,25.46,Moderate,0.0317
LN102809,2025-12-28,33,25800,21.0,572000,60,10.61,648,46.4,0,611000,93.6,3,Home,Salaried,North,0,12325.7,0,0,0,29.33,Moderate,0.0575
LN104030,2025-12-28,46,64600,4.8,344000,36,13.3,636,36.9,0,405000,84.9,1,Business,Salaried,Central,1,11640.49,0,0,0,28.87,Moderate,0.0665
LN101078,2025-12-28,52,34200,4.6,480000,48,11.97,664,34.2,0,453000,106.0,1,Education,Contract,West,2,12633.17,0,0,0,30.62,Moderate,0.0994
LN104029,2025-12-28,45,46900,7.4,207000,60,13.11,638,23.9,0,173000,119.7,0,Auto,Government,South,2,4721.55,0,0,0,31.31,Moderate,0.0794
LN104600,2025-12-28,36,22600,10.0,279000,84,12.22,716,20.2,0,490000,56.9,1,Education,Self-employed,Central,1,4958.0,0,0,0,18.49,Low,0.0111
LN104388,2025-12-29,39,106400,7.9,480000,60,12.47,637,29.3,0,365000,131.5,0,Education,Government,North,0,10791.69,0,0,0,30.29,Moderate,0.0827
LN100339,2025-12-29,33,94100,5.1,515000,84,6.5,751,6.7,0,553000,93.1,3,Auto,Self-employed,East,0,7647.46,0,0,0,15.89,Low,0.0084
LN104049,2025-12-29,42,100000,9.3,423000,24,11.86,821,17.1,0,305000,138.7,0,Personal,Salaried,North,1,19884.43,0,0,0,20.49,Low,0.0139
LN102220,2025-12-30,35,110600,4.3,180000,24,11.1,622,35.2,0,156000,115.4,3,Business,Salaried,Central,1,8397.77,60,1,0,32.32,Moderate,0.1186
LN104247,2025-12-30,58,40400,9.5,468000,60,13.91,738,59.7,0,617000,75.9,2,Personal,Salaried,South,1,10867.72,5,0,0,27.13,Moderate,0.0441
LN104750,2025-12-30,48,51500,10.6,404000,72,10.88,608,10.0,0,687000,58.8,0,Personal,Salaried,North,0,7664.96,0,0,0,20.69,Low,0.0176
LN104578,2025-12-31,33,38700,22.6,280000,84,10.59,788,38.3,2,314000,89.2,2,Business,Salaried,North,3,4734.13,0,0,0,28.86,Moderate,0.0281
LN104763,2025-12-31,41,76000,10.0,470000,36,10.87,802,31.8,0,500000,94.0,2,Auto,Salaried,East,2,15358.28,0,0,0,21.63,Low,0.0132
LN101861,2025-12-31,45,157700,6.1,750000,72,14.1,694,39.7,1,857000,87.5,0,Personal,Salaried,West,0,15494.49,0,0,0,26.95,Moderate,0.0449
LN103608,2025-12-31,26,19500,9.0,316000,72,10.73,796,25.7,0,521000,60.7,3,Business,Salaried,West,0,5971.16,0,0,0,14.07,Low,0.0049
LN102090,2025-12-31,41,51700,6.6,233000,60,13.88,599,25.3,0,210000,111.0,2,Auto,Government,Central,0,5407.02,0,0,0,29.45,Moderate,0.0748
LN101503,2025-12-31,38,33700,12.5,350000,72,12.31,790,25.3,0,362000,96.7,0,Personal,Salaried,East,1,6899.12,5,0,0,19.57,Low,0.0113
